label,x0,y0,z0,x1,y1,z1,x2,y2,z2,x3,y3,z3,x4,y4,z4,x5,y5,z5,x6,y6,z6,x7,y7,z7,x8,y8,z8,x9,y9,z9,x10,y10,z10,x11,y11,z11,x12,y12,z12,x13,y13,z13,x14,y14,z14,x15,y15,z15,x16,y16,z16,x17,y17,z17,x18,y18,z18,x19,y19,z19,x20,y20,z20
Pataka,0.0,0.0,0.0,-0.2751229315685878,-0.161603873347649,-0.1706669330503241,-0.45131105681386036,-0.5137819503994019,-0.3056211981838809,-0.4785151365516818,-0.8391707987373109,-0.4203042082503767,-0.3927475226570359,-1.1171899276704167,-0.5387454067186673,-0.2042365312757797,-1.0061378899992621,-0.30149497872529285,-0.12652329477975788,-1.5741459429501155,-0.47446715047956234,-0.044855841581087706,-1.9181442919341285,-0.5917084147450453,0.035961017791441036,-2.2123321649132737,-0.6652133755929792,0.022957079686596046,-0.9494674494000571,-0.3130248153453867,0.09673430517238868,-1.5594820038414112,-0.4606366440934897,0.15792005594552141,-1.9754671529206829,-0.5684422859682846,0.2177827602515366,-2.3445416048072936,-0.6405552574810873,0.23239088846708691,-0.8052303143504234,-0.33474730286143456,0.302329398938202,-1.3658083556164375,-0.46214443357056567,0.34195214853768835,-1.7346819479784892,-0.5420643268307296,0.37590874943917646,-2.0524229132304774,-0.5896991479780136,0.4273037175924602,-0.6072320680409623,-0.36726360219073656,0.4816784502230057,-1.05475007329818,-0.485643281833619,0.5009567862250336,-1.3563276666756627,-0.5345202684210436,0.5149372657330837,-1.6241477279523717,-0.5558815147082087
Pataka,0.0,0.0,0.0,-0.25855010979893406,-0.1574912099169079,-0.09724795916294665,-0.4171403757211755,-0.48652505539282337,-0.14477299340346703,-0.4356451179312642,-0.798249380840339,-0.18706918154189534,-0.4010768050428478,-1.051152127036353,-0.22225309995588666,-0.2565053544401741,-0.9723413014328351,-0.03892697406864558,-0.25130748447215373,-1.3415426423830128,-0.11435684124410164,-0.22484670492433803,-1.5632288880308536,-0.1839135330224383,-0.18875461840650087,-1.7553768406297106,-0.23449624404203115,-0.10688704022787117,-0.992997443569964,-0.05031140720395088,-0.10340625553094751,-1.4022571872037115,-0.10414083755646063,-0.09400351460533918,-1.6423061781617272,-0.15510613229242493,-0.08196942423098172,-1.8486560731165924,-0.19421635067681975,0.02755562461060005,-0.9360733346168978,-0.08116035918164215,0.030297633712385516,-1.3064927151816472,-0.12973153110005398,0.028152207448031374,-1.528874549781273,-0.15464945312474496,0.024914090556615726,-1.720630688865264,-0.1769173824870171,0.16590819857042435,-0.8130615181503912,-0.12626476247644078,0.16969648000233398,-1.097734259017553,-0.16667487679176285,0.15768745942547854,-1.2819647582639007,-0.17664136989225346,0.13734273117919532,-1.4528973947266575,-0.1851043606448972
Pataka,0.0,0.0,0.0,-0.2754986796830204,-0.15067890435361625,-0.09516326269130031,-0.4317404340596381,-0.47240710878337855,-0.1317972015041456,-0.4308131948671361,-0.7942031885263487,-0.16067184491477451,-0.4178702698407923,-1.0584962976439447,-0.17975079333907049,-0.2479615870969457,-0.9738744087759381,-0.014663028466833794,-0.24944002064325724,-1.3348273276117784,-0.07272806410164849,-0.22601523582636884,-1.5496415764068046,-0.1332437575461398,-0.19609080463780698,-1.7357326700306477,-0.17728544932544504,-0.09598934595631207,-0.9952245105279036,-0.017726226540755452,-0.09828520892117129,-1.387721701001134,-0.054111382155829404,-0.09559711246533154,-1.6217844524107234,-0.09566170983242112,-0.08984233914291445,-1.815987036050926,-0.1273718968703889,0.03771955983129095,-0.9344776655587985,-0.04073446593638686,0.033178350298471534,-1.2940283155316827,-0.07812577280496093,0.02428161312413726,-1.5041081637084512,-0.09614358432837199,0.014740060474327271,-1.6804301858524353,-0.11156121548050792,0.1799261427621262,-0.8124635982193273,-0.07785894651308725,0.18031720598908593,-1.0996389772581567,-0.11065844212019135,0.16075156182487826,-1.2674585436808234,-0.113889772696449,0.13318014149419266,-1.420308287793074,-0.11500585105506173
Pataka,0.0,0.0,0.0,-0.24605563466422364,-0.1587797097369164,-0.09301388784025363,-0.3895878714495696,-0.48129862558625175,-0.13204599052352148,-0.40526792818759033,-0.7837814726182541,-0.1663131603634705,-0.39011123800298986,-1.0371194979532303,-0.19055165515704142,-0.2511246426296814,-0.9695602113623415,-0.006217179761575671,-0.2655480473699023,-1.3365033750875328,-0.06536874289099567,-0.243556767469675,-1.547838828377023,-0.12960414706735882,-0.20981224071732782,-1.7388014842192587,-0.17917878874883225,-0.1072368183301578,-0.9941432222044192,-0.013398452874853514,-0.12121112150254561,-1.3965116944836102,-0.04996018905562523,-0.11318608097592082,-1.6249117717686847,-0.09831837986519872,-0.09886061237256016,-1.8300935711254587,-0.1388330347158668,0.023977705688097053,-0.941908534898644,-0.0404932242510447,0.010446131081276497,-1.311580904328848,-0.07305400241225125,-0.001007324541809162,-1.5276364111944256,-0.09418273222265147,-0.01191270197003571,-1.7195559278054269,-0.11685296447141062,0.1729934557087194,-0.8218758985701892,-0.08239140993352517,0.1605818387041608,-1.108522420247388,-0.10922886219830144,0.1368730997239348,-1.2853614625784369,-0.11316154109904404,0.10654125065429008,-1.4511403545690897,-0.11917932164799387
Pataka,0.0,0.0,0.0,-0.2789083841626899,-0.14469776911482152,-0.09088540692367954,-0.4386264693058878,-0.47471826428660674,-0.1302551620981465,-0.44888489420772804,-0.7912387889967569,-0.16496376271673183,-0.41516036793245426,-1.038815445724221,-0.19229398347444912,-0.2741561319645242,-0.9642945458887592,-0.030218677638763045,-0.2854526955030101,-1.3490297666759565,-0.09959834689154225,-0.27020417133267605,-1.5779274827795482,-0.16369928836509223,-0.24630562074046417,-1.7792711498343627,-0.20942854633854868,-0.12380343803523147,-0.9915292077434263,-0.03927516928480257,-0.14346815446865652,-1.411760694045001,-0.09008956847714118,-0.15319096756699777,-1.6585722282691204,-0.13578404815499107,-0.1562248853994634,-1.8750069402456235,-0.1692373411730728,0.014046263239814682,-0.9417735805187762,-0.06646890232833634,-0.007903139728963574,-1.3266598980209685,-0.11329302533445593,-0.029486523931245675,-1.542659816174495,-0.12869868683198993,-0.04706245853565565,-1.7281619044526209,-0.140924747538285,0.16606987842768842,-0.8291768295277665,-0.1074052601565382,0.148827659154155,-1.1279773567311064,-0.14215136630130787,0.12030893573360912,-1.3082591837619488,-0.1406061418789079,0.08613216135966113,-1.4705037101844916,-0.1382362517757133
Pataka,0.0,0.0,0.0,-0.27355118644077053,-0.15681157349308242,-0.09839766308221598,-0.429946141519842,-0.49437316195449366,-0.13952523162207636,-0.4439823524319922,-0.8222846378206189,-0.17377361888670012,-0.4032303406592708,-1.078107202099158,-0.1994959799384092,-0.2518588868605606,-0.9803205356222848,-0.03466292442504153,-0.26568765893843654,-1.3798364155889502,-0.10254201537298359,-0.25257085175469907,-1.6137424142468682,-0.16818098450394675,-0.22967714768116107,-1.824447757381371,-0.2152674239523694,-0.0982000935242028,-0.9944333393347824,-0.03819784354268502,-0.11737527516572284,-1.4295448528901746,-0.08137274633955895,-0.1253304819290787,-1.6894671628570064,-0.12954032471589677,-0.12552776641482202,-1.9200416648240557,-0.16702830275080177,0.04422160760361019,-0.9371036282747469,-0.059804352477382666,0.03198909911479278,-1.3290887532466482,-0.09710669179501571,0.014353316710558164,-1.5535802201951971,-0.11380474731156896,-0.002974353746824375,-1.7445368060583057,-0.12949123932040899,0.20043929676975644,-0.8188907644173462,-0.09602117380429658,0.19255633094309188,-1.1155990877449709,-0.12266997409732901,0.1681240980049997,-1.2950438337407124,-0.11992773787826201,0.13822389344513625,-1.4582993568115081,-0.11802769607324232
Pataka,0.0,0.0,0.0,-0.2781505875035964,-0.12370697710080453,-0.10545438880310774,-0.4451135355416967,-0.4525947203671675,-0.14573021122052315,-0.4721881650563069,-0.7855034874000624,-0.17588355190037366,-0.49978266680844885,-1.0624797686096366,-0.1968586404551583,-0.3074683851556806,-0.9519228169972852,-0.041766841742068385,-0.3481532641950147,-1.3434284504074632,-0.10786427507657104,-0.3480628024679836,-1.5795344060372893,-0.1724442747791984,-0.33772783284757896,-1.7871943889092936,-0.21720081495023444,-0.15810024302512657,-0.986713831827647,-0.037418274083629216,-0.2072916340272495,-1.408451774411614,-0.07498968839970152,-0.2328236084030827,-1.6627675343463495,-0.11890112698939236,-0.2509221730530334,-1.8790591207880527,-0.15298203493086626,-0.01835355364301953,-0.9455424383126239,-0.05125224853384749,-0.05982403624303923,-1.3257126519400129,-0.08108318679885429,-0.09489378626981564,-1.547276602256695,-0.09459001489405154,-0.1262577151101842,-1.7263557678590213,-0.10883602307575975,0.14200681909339935,-0.8445170431074824,-0.08051740346802362,0.11524484792284034,-1.1329511501242346,-0.10026776921744161,0.07542472645534402,-1.3019910428763892,-0.09511082355180454,0.02939723435613334,-1.4466981445216665,-0.09165501773030946
Pataka,0.0,0.0,0.0,-0.27589930849733735,-0.1163465772604047,-0.11997807561061026,-0.4485091226992984,-0.42949126079976246,-0.17884763440822943,-0.4826094311867935,-0.7470967820867188,-0.22688582993178702,-0.5141168033693241,-1.0320347235186376,-0.26777514437245975,-0.3248642240130726,-0.9462930221823111,-0.08179435919664653,-0.3532900714533841,-1.338730292840864,-0.17355118069117703,-0.3431335076696229,-1.5788679655867248,-0.25268961246243893,-0.3213328434920961,-1.7963161482466643,-0.3080855574613749,-0.17019104828291953,-0.9816172067319348,-0.08638672659705918,-0.2073893365636294,-1.4053027458084946,-0.15285262519841106,-0.21882281230465106,-1.665826834387466,-0.21296476185650176,-0.22172801484658633,-1.9044776034098991,-0.2586991078411921,-0.024320312216903044,-0.9353172500135987,-0.11040338774551747,-0.05819189549555895,-1.325151837913905,-0.1727846917580693,-0.07966776228189519,-1.5516320714880276,-0.2030376827454719,-0.09925965230654771,-1.7563951819127552,-0.22711411212002247,0.13545848610524638,-0.8253263729115964,-0.14938763447933615,0.11126880167778554,-1.1226433226302086,-0.20369466647863665,0.0835407749770039,-1.3056700701536077,-0.2169511403596717,0.04938262065639343,-1.479081751648317,-0.22515983748182572
Pataka,0.0,0.0,0.0,-0.25815968367932945,-0.15094042835522836,-0.11674774103127789,-0.40879275168471396,-0.4653368757903171,-0.1726897477455495,-0.41947714968983596,-0.7880273111775904,-0.2175361713405817,-0.4248983503431168,-1.070042425349045,-0.25261933665408826,-0.23443562045106672,-0.9724276231347888,-0.06832315887848467,-0.2428929110210677,-1.3895580124039475,-0.14307793483932224,-0.22774091039906794,-1.626923875899896,-0.21164291316269943,-0.20852921506549596,-1.8414365769773708,-0.2599868507023764,-0.08647424463366277,-0.9942711263278226,-0.06282620763535317,-0.1093003526474769,-1.4211500264388535,-0.11510653054706586,-0.12113261047091331,-1.6824863713745777,-0.16951864728495794,-0.12886793891244705,-1.909175646384275,-0.21092743572400885,0.05089798141770421,-0.9386712567271164,-0.07462949789632628,0.03005744357679261,-1.3302614512634674,-0.1230864032642226,0.012442794852300538,-1.5543271462996562,-0.14938501035754845,-0.008946082777896972,-1.7370400443579839,-0.16874644624268342,0.20144542362689807,-0.8224377247906929,-0.10086162820346056,0.18766580649074843,-1.129600326460309,-0.14234098122373695,0.15764155336915675,-1.313641121638062,-0.15069978120976457,0.12137777358117899,-1.468945955396518,-0.15294280402597724
Pataka,0.0,0.0,0.0,-0.28309450004553505,-0.14946681078732363,-0.10243966026553777,-0.43912712984580077,-0.4730725239139846,-0.1530170939971801,-0.4534515325460856,-0.7917465131160373,-0.19578242274958366,-0.4804138520234283,-1.071124631866402,-0.2340422956262804,-0.2677580810512309,-0.962725000710487,-0.07961741736805332,-0.28193641311423034,-1.3743296033658376,-0.16780782190554513,-0.2684004924790873,-1.6188428688956438,-0.2429401772699141,-0.24605654983765862,-1.8400762669406803,-0.2957682105617423,-0.11571912975081992,-0.9890691083360906,-0.09138589576605108,-0.13686930979718334,-1.4250339523357576,-0.1601731674907413,-0.14375571082363828,-1.6996589749604831,-0.22644278672988405,-0.1421647758040497,-1.942627584041523,-0.27565845636331937,0.026028889435663123,-0.9338489188785475,-0.11900473789314851,0.0088584169998496,-1.3317408442010323,-0.18544346570367035,-0.005199915103227915,-1.5758165215193978,-0.22824816554479566,-0.019258496686471588,-1.7880428123855543,-0.25942899192923247,0.17554584573638446,-0.8138828882592226,-0.1587022636160954,0.16744921642389785,-1.1185742625886268,-0.2192196030716264,0.14515903675827616,-1.3186882913878202,-0.24282317107198606,0.11736033502388929,-1.5027367954071131,-0.2570769397002275
Pataka,0.0,0.0,0.0,-0.2959150307701386,-0.12113068530149648,-0.10779919039206796,-0.4676449580600268,-0.4376682329584712,-0.15814217614686885,-0.4958519388812334,-0.7557098710990976,-0.2012136398211619,-0.5441219062823986,-1.0222848091258598,-0.24100994766826989,-0.3124435728488301,-0.950399276048848,-0.07420940251769773,-0.33244615081227036,-1.3568935403708287,-0.16506777483015153,-0.3179483230411536,-1.6064479003310743,-0.2447563177260456,-0.2902213685424603,-1.8262998359454863,-0.30015820986055053,-0.14815363321961122,-0.9850637338115643,-0.08774930935938083,-0.17408202024120717,-1.4244829759724982,-0.15604923676089721,-0.18044438063344737,-1.6964847214637102,-0.2212937551862715,-0.17777547271120273,-1.9300431680018433,-0.2703543038428319,0.0026232711940597335,-0.938842855505901,-0.11960738606223636,-0.01567153236204041,-1.3325814141068968,-0.18250544857294743,-0.03324179280987876,-1.573731049991975,-0.22048398849054077,-0.048024489842191743,-1.7869765888150106,-0.2504955866577456,0.16035040911698423,-0.8248218920689989,-0.16518889230482117,0.14967249559159646,-1.1298496166844365,-0.22292071955814471,0.1307528291493226,-1.3256912289242024,-0.24055084818756248,0.10532188246494202,-1.504190404067095,-0.25171644419709976
Pataka,0.0,0.0,0.0,-0.2613323617309166,-0.14983680131797175,-0.12408115770515507,-0.40323384201257034,-0.4726352399575175,-0.18575176300435775,-0.39765925425089105,-0.7926513314493909,-0.23680724970330883,-0.4106630741940738,-1.0754636769861063,-0.2815086576487854,-0.23012583212496726,-0.9633600489115122,-0.09406853483307936,-0.23071867906917862,-1.3694668013405111,-0.18737435490290796,-0.21535488688722898,-1.6178476009247822,-0.267280140728745,-0.18967550714027706,-1.840984333280829,-0.3223866530836563,-0.07800693790578657,-0.992211679851174,-0.09711282101491177,-0.08640522243084475,-1.4403486677349309,-0.16926855047449685,-0.08961933059650921,-1.7211399556744995,-0.23319992381558122,-0.08371546798092051,-1.9723774302432653,-0.2793863505708478,0.059449331848089856,-0.9414620027334154,-0.11812099428995965,0.05502974286133326,-1.3486098522351757,-0.18014424458630474,0.04036940150364468,-1.593229105183261,-0.21236407760077705,0.027677859946565558,-1.807377496534902,-0.23615757874732882,0.2090946058049664,-0.8213629317886229,-0.15453302511462996,0.20288556780474515,-1.1411149438329464,-0.20546194203513543,0.18034114849277988,-1.339115676054579,-0.21633327604559388,0.1496739396413848,-1.5166922349033645,-0.22143220053242066
Pataka,0.0,0.0,0.0,-0.27157461584001363,-0.14141378672123842,-0.12105398907438886,-0.4235566317531942,-0.4727702275674609,-0.1699032014414253,-0.4117420458110721,-0.8014992748766953,-0.20799726099792593,-0.3958286554645003,-1.0668594769144584,-0.23911936301344053,-0.23828397643099516,-0.9686032156501689,-0.07052166172390366,-0.24412204134584545,-1.3709843695696147,-0.15048534528662236,-0.22928080478618873,-1.6170599007925346,-0.22486772922161155,-0.2090677228029629,-1.8394455911801313,-0.2791557887570747,-0.08639636241264746,-0.9938223671817847,-0.06966183353211683,-0.09629093968306232,-1.438594754910523,-0.1259889897296189,-0.09879070185823646,-1.7072587715290497,-0.1845666634994626,-0.09390093544428052,-1.9462656147360784,-0.23101061785487717,0.048499414012557834,-0.9400029658532194,-0.08791795636863288,0.045838539270202275,-1.3391908183434522,-0.13770789148450333,0.03106980336577718,-1.5801691507221702,-0.16823702373127444,0.017519229512275313,-1.7885175310865067,-0.1950172207294956,0.2006954075540262,-0.8200118640609985,-0.12241898540590003,0.19631012486605706,-1.1302786698631737,-0.1644141088644738,0.17286849807954743,-1.322274502266176,-0.17591452530059215,0.14086675920798025,-1.5003985426348585,-0.1851717639116921
Pataka,0.0,0.0,0.0,-0.2741091611296629,-0.14264144592658295,-0.10743430989397228,-0.42858172929358745,-0.46458281785561223,-0.15123593709940947,-0.43211484774076625,-0.795179764508027,-0.1862120471375928,-0.4405755150241044,-1.068259525602477,-0.21309298645998964,-0.26880960377212926,-0.9572781464204203,-0.041290894762498004,-0.29178413779785545,-1.3400502507014533,-0.1153455066349054,-0.2829319712491383,-1.5743517328396734,-0.18568483454358822,-0.2649453833033392,-1.781129517238816,-0.23530632872872856,-0.12101827015185151,-0.9917850649219836,-0.041436255708622804,-0.14829183667620174,-1.4086774009685847,-0.08992959149188892,-0.1659345693975223,-1.658195980705413,-0.14012658899557023,-0.17823226635863154,-1.873337820860512,-0.17913860648831367,0.012156930476630629,-0.9471027749176041,-0.06120933727706863,-0.006961805006727314,-1.3170514134023386,-0.10307510573889538,-0.03404912664392121,-1.5352141985649366,-0.12304915552658136,-0.05894506302616329,-1.7166831315606996,-0.14179698786640788,0.1576433031484969,-0.8379922665335326,-0.09669775986710935,0.15042523095207774,-1.119094273484449,-0.12916414335117404,0.12632528692993014,-1.2908333548851088,-0.13205527037854267,0.09217990969833124,-1.4417401997152788,-0.13435522328856403
Pataka,0.0,0.0,0.0,-0.26770396121875484,-0.15114103364685222,-0.09505886841295541,-0.41772743484954106,-0.48864132270636945,-0.13305565115988927,-0.4217094030175125,-0.8167886527386949,-0.16618019609716045,-0.42639361651045826,-1.0836483212117483,-0.1931921985114366,-0.27427294547928055,-0.9585290344856975,-0.030955557010653487,-0.29179865828486345,-1.3458387285519322,-0.10633703241851591,-0.27475683478727503,-1.5842783431077683,-0.1789501077634397,-0.24575853701399403,-1.7947825664523165,-0.23217269509431165,-0.1267114552748913,-0.9910267001155137,-0.04254746479256694,-0.15310855799347645,-1.418753139067278,-0.09651863284657074,-0.15382369328403406,-1.6784452132781205,-0.15453351603180387,-0.14609744791344598,-1.9096083133625672,-0.20024455648133344,0.005753822837042228,-0.9441363567147745,-0.07355060739094983,-0.012465885715541776,-1.32991755866215,-0.12452164803979958,-0.024998541452804685,-1.558042107159662,-0.1550102997462706,-0.03214370717490076,-1.756156624485265,-0.18213243080399846,0.1561245521406406,-0.832388862485455,-0.11865995230328269,0.1412905219481478,-1.1223643640382264,-0.1621187612913684,0.12045827517115475,-1.3071808194702346,-0.17505361617974205,0.09418156473111698,-1.4824486461974977,-0.18673695208472593
Pataka,0.0,0.0,0.0,-0.22486341787887934,-0.19841753946382998,-0.0724975647047028,-0.3217824102383311,-0.557372595570001,-0.10878887590115621,-0.3067482363853784,-0.8581273060884225,-0.1451146459574183,-0.30154819385152626,-1.1149059230483191,-0.1778584395524055,-0.20133732851264355,-0.987544933481809,-0.029506204820526693,-0.2003416256520294,-1.3743184819700789,-0.10432355888124618,-0.17162306067619665,-1.602039718397406,-0.1753068694319496,-0.13077028033610774,-1.7995090439735337,-0.2264631750153571,-0.07408044938674806,-0.9958497633160931,-0.05287093645793173,-0.07399825693363131,-1.424807609884943,-0.10678594040525455,-0.05697085086049214,-1.6840487388330592,-0.16734499739311098,-0.032230400615509414,-1.9147616500896243,-0.21586887766111165,0.04211202090752182,-0.9325138245148719,-0.09192091340224766,0.05242365123996719,-1.3282089071642238,-0.14021000701399403,0.059580135086420266,-1.5590875079691353,-0.17531751857319666,0.06747191522773989,-1.7586823564757041,-0.20683564982713334,0.167914485005885,-0.8066398660287183,-0.14245880231608377,0.17592237829525842,-1.1070407576061039,-0.18169279903043328,0.17404395458101277,-1.3003425344165793,-0.19554077596625263,0.16373702096017406,-1.4789094222748158,-0.20938725256364205
Pataka,0.0,0.0,0.0,-0.24402319304594666,-0.206061876153493,-0.12240935524944312,-0.34604177060626484,-0.5546795044239027,-0.1769902707821443,-0.30552687990029664,-0.8709186977283919,-0.22103137031980222,-0.2628286900616371,-1.1428353121290848,-0.2557753105255669,-0.1087703251867766,-1.007684535399547,-0.05347046162823451,-0.06570134243820948,-1.3889749527558317,-0.13259766617331484,-0.014626238564328152,-1.612173887387702,-0.20793296826431848,0.04412513362262954,-1.8097247577303779,-0.2607373216196386,0.04298762078231206,-0.9978868963293682,-0.048721726094392924,0.08203670052297819,-1.4153739309883613,-0.10179488244660653,0.11073182227133316,-1.667449367548136,-0.15774270816277863,0.14316493040566075,-1.8915485956569276,-0.20066579322942063,0.1691862491929141,-0.9169003870459815,-0.06473342582394859,0.2085234643045217,-1.2882656809773185,-0.11059910875125625,0.2199143986947715,-1.5096982317749192,-0.13493108979390117,0.22958170315021678,-1.7010137697737682,-0.15585798995601172,0.3017007945699714,-0.7700443699864887,-0.09744315897541277,0.33048531083539007,-1.053360987786409,-0.13299327739796882,0.3291057850126451,-1.2323091182426762,-0.1382631408601785,0.3193516771855583,-1.398984288406999,-0.14178416740102398
Pataka,0.0,0.0,0.0,-0.21945848979797014,-0.11547270130239697,-0.1813946549838518,-0.29541559781902976,-0.38608331294318576,-0.2744956134272309,-0.23168269314529766,-0.6776886772835476,-0.34925229988165835,-0.18268509494971924,-0.9449645893907372,-0.4172219635926988,-0.10681202158402701,-0.9172371277315777,-0.1615312117346406,-0.13079483086380872,-1.3434032678798307,-0.27248282728570744,-0.1568109381224459,-1.6202026344272198,-0.36449511463954554,-0.17711836683335533,-1.8654424454703513,-0.43290478920020603,0.015070025595309577,-0.9900784237842013,-0.13970543685035386,-0.026730685730122702,-1.456502699920256,-0.23824417031510475,-0.07883557886825535,-1.7596987428327684,-0.32280264051802815,-0.1363405503163308,-2.0321916171934418,-0.38583168397784273,0.12049916607699017,-0.9799971041487422,-0.13823907115056158,0.0826503547607269,-1.4100356520646005,-0.226285325555408,0.02597664503871804,-1.6691286896053907,-0.28918207121319145,-0.042384411499200345,-1.8859241893109755,-0.3332045197151147,0.22684189953492837,-0.9072426817601132,-0.1561129282818754,0.19967911669173416,-1.2443624646112479,-0.2352853377799532,0.14187264252744194,-1.4514465675055077,-0.2816011019633826,0.06163175438868469,-1.6196236186176867,-0.31202040514010226
Pataka,0.0,0.0,0.0,-0.24842620074159938,-0.23706321775532177,-0.07514739337627804,-0.3543029619274102,-0.5766632603511888,-0.11763531818035092,-0.33068808343442674,-0.8824271393257034,-0.1587136742666033,-0.2989306158188385,-1.1307977326657528,-0.1960866163756642,-0.13374950110181844,-1.0156587125522165,-0.03591768537483978,-0.09328450540005315,-1.4132077118458624,-0.10864605935806053,-0.03507859952554712,-1.6287332696226193,-0.17879793608237599,0.028884418535509784,-1.8116252074158894,-0.22839589342945876,0.012326575978352558,-0.9984733391253945,-0.05384279506521458,0.046777107364654846,-1.409452063162923,-0.10265865999769971,0.08334743587960597,-1.648362413734946,-0.1543558303326402,0.12181862416927754,-1.842252662786938,-0.19463476286291512,0.14335856754355822,-0.9119866370887248,-0.08677406659354661,0.16863925036992797,-1.2982087847753612,-0.1353434884880487,0.18412174786233027,-1.5182760166308789,-0.15585545046900326,0.19578694498746604,-1.6984571607572885,-0.17282437141370513,0.28159749325746375,-0.7706850061329329,-0.130360187209207,0.30263885046132594,-1.0732317148612558,-0.17218868076229132,0.3059051808741052,-1.255708074634247,-0.17253155949250032,0.3001091166429904,-1.4155031961272342,-0.17053298381288237
Pataka,0.0,0.0,0.0,-0.23140242378862277,-0.24242749635962682,-0.11081756573199004,-0.3237345620565462,-0.6031457709918142,-0.16299882327747245,-0.27206389481634446,-0.909334310819606,-0.20672405112923306,-0.1674117023338108,-1.1331618593504615,-0.24158124124570107,-0.04187045572932293,-1.022228714829865,-0.04515567149145249,0.03451255737138337,-1.3864538124540249,-0.1209928148683143,0.10364324989833458,-1.5975485214486465,-0.19337585385933384,0.17467857623621286,-1.7830801763718536,-0.2463923567040389,0.11017240234132226,-0.9927936815204267,-0.04714602523500397,0.1914527428347263,-1.3942877369617084,-0.10082552315788315,0.24446311012837674,-1.6381192326268061,-0.15490864442048768,0.2936435705340919,-1.8557126643772446,-0.19690435800341544,0.22980314527330695,-0.89225717037926,-0.06912914237586865,0.30358031872827695,-1.2543069422796587,-0.11800442113364389,0.33638114004479963,-1.4709988614719103,-0.1429154612748634,0.3605483975959808,-1.6613148570363194,-0.16432299426773989,0.3477348532372501,-0.7239312544004433,-0.10628170663956178,0.40702167426738156,-0.9999623866059554,-0.14531702510759112,0.4264757701847432,-1.179566073862283,-0.15294806298363703,0.43580048475782873,-1.3521510876211333,-0.15882438287169326
Pataka,0.0,0.0,0.0,-0.2688949208441069,-0.0885566709725592,-0.11795537073235214,-0.475197848503632,-0.362264208791445,-0.18083322483899877,-0.5314820401293632,-0.6701945018015741,-0.234894593538313,-0.5103272896515053,-0.9426908836244039,-0.28032383653228155,-0.3710470397697287,-0.9192410422928162,-0.0667852528558874,-0.42281851203018617,-1.3079739720293804,-0.154008778932291,-0.42933799019771907,-1.5454019680921016,-0.23331831556476515,-0.42182037747514206,-1.7632852469419864,-0.2909846586172634,-0.221196945710069,-0.9726214719524314,-0.07126979378125442,-0.2864116309038761,-1.3977237782447787,-0.1345463150268149,-0.3162034325354868,-1.6581250070614701,-0.194627405389571,-0.3363587036259708,-1.895320885064099,-0.2410446462648992,-0.07533401054126734,-0.9444996831077431,-0.0958155389782496,-0.12959422951092,-1.3290292049148462,-0.1531167348376498,-0.16983080591375904,-1.5480179359396788,-0.18151182723252515,-0.20804206482819,-1.7425261461355028,-0.20528037701582869,0.09095235528454465,-0.8539747155375518,-0.13588965963567048,0.04734966356066624,-1.1483466779669158,-0.18409486349843082,0.005123811175853013,-1.3239715594896106,-0.19549011532902236,-0.04452766740019119,-1.4891737214912828,-0.20346169301486677
Pataka,0.0,0.0,0.0,-0.2905683237283742,-0.019279349275336286,-0.10059773508721413,-0.5359569034746904,-0.2571307828641725,-0.14789239301696872,-0.636492515346789,-0.5481391170686276,-0.19105002504504276,-0.6777257288689054,-0.8093048665303512,-0.22705407892582408,-0.5423753053637623,-0.8072727343008059,-0.03288546654145579,-0.6687348119707857,-1.1639421879152538,-0.11749825229406644,-0.722055563589828,-1.3989197183082815,-0.19769567186363513,-0.7576530079130658,-1.618019028491241,-0.2559023166282229,-0.4077882539176154,-0.9119388020969541,-0.04556710652208264,-0.5500106536126981,-1.3063570582840598,-0.10718483704707084,-0.6300326081538697,-1.55895820186071,-0.16884446707456424,-0.697755971484434,-1.7946798436815368,-0.21554196914069335,-0.25990675524502094,-0.9335972462398796,-0.07883368809093358,-0.38893209597562456,-1.2937603342046406,-0.13644841601921973,-0.4701723532591386,-1.5014330714725306,-0.165265007622913,-0.5447625385262236,-1.684063597227954,-0.18847500072840948,-0.08062310325571866,-0.8987677856760655,-0.1269253987521078,-0.17552972784133195,-1.1698820580658507,-0.17316310411274835,-0.2484729935028144,-1.3299894458481956,-0.1818266411448598,-0.32703493794394434,-1.474747466948906,-0.18816849219779178
Pataka,0.0,0.0,0.0,-0.2692855697431152,-0.1417566700442237,-0.12206706498940921,-0.42880439578482976,-0.46183715143376586,-0.1816600784756662,-0.42541386618611005,-0.7849050604772324,-0.23060136611373017,-0.3726893517875481,-1.0443939313161008,-0.2724917532580023,-0.23639590765970225,-0.9706628748385144,-0.07426550616341863,-0.24526592958366925,-1.3609162628467766,-0.1608777713845331,-0.22767685834305454,-1.5980244613011125,-0.23825873043351492,-0.1983360691821996,-1.8106093963276468,-0.29360837952986374,-0.07963347543343859,-0.9939901759704557,-0.07511351186447399,-0.09256069555713296,-1.4240188731853478,-0.13979189879194043,-0.09841761940067852,-1.6896561924142184,-0.2008348704184108,-0.09630705284987126,-1.9304750383105713,-0.24736704571631998,0.05954623961817496,-0.9364187800540837,-0.09554555901189002,0.05583495676956136,-1.323877522769788,-0.1556846250419813,0.04145850128065708,-1.556908317094629,-0.18914778923419567,0.026356411458593527,-1.7642252231112185,-0.21563376009780774,0.2075497189935331,-0.8135662187425119,-0.13120681701357423,0.20517304416012772,-1.1101158147266066,-0.18101015283847535,0.18426918378709148,-1.2931024938393998,-0.19476918373759777,0.15380194581202922,-1.4674403996051137,-0.20454094293293343
Pataka,0.0,0.0,0.0,-0.24165485506177584,-0.14862396896211724,-0.11654113408893632,-0.38249593945497323,-0.45756828851338405,-0.16876432192839755,-0.3884570297050437,-0.771264886673102,-0.21408602847455055,-0.34043713602392023,-1.0230603866299797,-0.249397143274997,-0.22621546327772254,-0.9585823806675215,-0.030780137538452795,-0.23944727724189419,-1.3276588655443908,-0.10686153898590312,-0.2310454587076158,-1.5548998757969537,-0.18371846493262473,-0.21551014616196285,-1.762821604481488,-0.24180001766273346,-0.09023518098237744,-0.9954649637299146,-0.030118401340001367,-0.11473733435873901,-1.393551527702558,-0.08619085553826591,-0.1281819943924457,-1.6376317077145621,-0.14606641532280074,-0.13817210670547495,-1.8642616607066425,-0.192182378157008,0.03756313036366955,-0.9550564174893027,-0.0510426955398733,0.019070027618178335,-1.3234635574896079,-0.10207738160244033,-0.0009676094345310591,-1.5300208658517527,-0.12701533555579606,-0.027381176527440952,-1.7178179636541704,-0.14713010961694972,0.18152899110007398,-0.8483253160421864,-0.08874168265285005,0.1645534668273368,-1.136281892894826,-0.13024031014894508,0.133812263037729,-1.3060245328943962,-0.1385314281601136,0.09014241090272812,-1.464728408605128,-0.14324454204154305
Pataka,0.0,0.0,0.0,-0.2253217988834452,-0.16047783940536237,-0.11591578016550136,-0.3799568789891571,-0.46533580280700354,-0.18084194191527891,-0.3876133254551587,-0.7726173429389129,-0.23767026204524702,-0.3241515519576245,-1.016223734612541,-0.28669958428205944,-0.22040424032452446,-0.9639611230224022,-0.07792288228457568,-0.2331488589314208,-1.3485511326116701,-0.16900909362869587,-0.2248972086275454,-1.5817742840395455,-0.24941622428537702,-0.20978386879648384,-1.788417351161792,-0.3081535943156082,-0.08693777044403396,-0.9928112318345227,-0.08226592255264599,-0.1076442122320094,-1.4002744757028356,-0.1544072031041672,-0.11937681154127278,-1.6492305750208653,-0.2174366925371208,-0.12980886022946367,-1.8690581846316296,-0.26394027236313006,0.04187893941126712,-0.9479895320840437,-0.10503126803733029,0.026030881344920164,-1.3238544926710984,-0.16813575185805663,0.009617854759023948,-1.5418008175824003,-0.19852383952755673,-0.014119029791304388,-1.7276221167739194,-0.22135033054438835,0.18497492624499245,-0.8384046443487202,-0.14288550863812718,0.17042741879971798,-1.1267238886268591,-0.19672174706586662,0.1392094526296701,-1.3014885638402267,-0.21201505453050878,0.09605242311951442,-1.454819205926796,-0.22048381871619205
Pataka,0.0,0.0,0.0,-0.2582066774472058,-0.17361523133824372,-0.10598145871831512,-0.39558906206029476,-0.5111854759190071,-0.15850524040213107,-0.3656643032463046,-0.8230351821488585,-0.2030656561555233,-0.2984587576570878,-1.0653722772097465,-0.2403133353735279,-0.16651256205374704,-0.9974980308507733,-0.05738044332444926,-0.13382705629686925,-1.3755555031648494,-0.13629759758149368,-0.0892535013561114,-1.6007255510396197,-0.20918705977689908,-0.03778015576859945,-1.792180044766832,-0.2609303577565018,-0.016565759632996883,-0.9978561835325204,-0.06331360512318732,0.01642805775446609,-1.4070119158203165,-0.1203014057461002,0.04306778010661485,-1.6613950498073895,-0.17436374034317867,0.07171648021329174,-1.8755979897160642,-0.21526017987996174,0.11034648980298611,-0.9254495964569862,-0.08819529222479525,0.1427946115790092,-1.2959019953009747,-0.1399055625206552,0.15072636757995,-1.5195910291202241,-0.16821238416701806,0.15737152157429335,-1.7072791687985727,-0.1914238369403444,0.241189472908492,-0.7883154586179539,-0.12750105141880524,0.2654345883474428,-1.0736890233815215,-0.1722683195155415,0.259758778899416,-1.2520429885071638,-0.18412787383563628,0.2422961998394216,-1.4135145755273635,-0.19180954597249358
Pataka,0.0,0.0,0.0,-0.27322431899678334,-0.12550464815827075,-0.09219928202491864,-0.44464864851038693,-0.4324524415087079,-0.1345901053850663,-0.466077745546673,-0.7400588957343877,-0.17214060308505114,-0.4552706578972975,-0.9906943752561028,-0.20281879154289037,-0.32105353500125944,-0.9412699385482213,-0.03993311500768476,-0.3558439311032402,-1.3197285187219545,-0.11599381088444248,-0.3500599538419899,-1.5567597135686841,-0.1865105997981212,-0.3293323146828147,-1.766137569346466,-0.23664285292889548,-0.1770489442547396,-0.9827736450528962,-0.053005980112872324,-0.21790543995923306,-1.4061569701416021,-0.10718127703786663,-0.23151770214553183,-1.666377194873371,-0.15754456124259636,-0.23612457414925955,-1.8967879938609358,-0.1951418564317402,-0.04080224862756409,-0.9449634324331314,-0.08422332515331994,-0.0728089625466299,-1.3245310743855399,-0.13112466273900342,-0.09388348266831535,-1.5527795923949463,-0.15168035133447758,-0.10975309899701029,-1.7515447302401708,-0.17014486438718884,0.10956576826076288,-0.8422517541864711,-0.1298190960860707,0.08459953656130427,-1.1288476960871192,-0.16521815283797558,0.058379427789568374,-1.3063801713805094,-0.16713485551566634,0.026206969341337774,-1.4695232810326266,-0.16909582164951076
Pataka,0.0,0.0,0.0,-0.2634257683805198,-0.14034076282009242,-0.09177976314148517,-0.43105805568924527,-0.44749138219488965,-0.13232368430250163,-0.45613872617507123,-0.7502507130994361,-0.1696335990575441,-0.4324233096546202,-1.0038876168527842,-0.19991457186117617,-0.2907566964123696,-0.9455437360967358,-0.015421654941917051,-0.3236137349591135,-1.3067610604184865,-0.08417967668203334,-0.3216177090739243,-1.527460463589842,-0.1549187201768983,-0.30819166098658457,-1.7283494989877024,-0.20858283912280587,-0.14454590895218714,-0.9890849665796231,-0.028590367108033102,-0.17770982229350327,-1.39146271989956,-0.07729900533830478,-0.19188721714290058,-1.63871502814195,-0.13372246083226827,-0.20410956579205417,-1.863906356432932,-0.17899503374967177,-0.008711335334365642,-0.9521978912468398,-0.06189957362679677,-0.03648153406599612,-1.3163538530146115,-0.10946366945085789,-0.05450739417428987,-1.5325276016333471,-0.1396211712518202,-0.07274839762854723,-1.724939279936463,-0.16608802883535506,0.13957743738089695,-0.852009181350473,-0.10934332117898804,0.11286766680431645,-1.137955099171506,-0.150489121611755,0.08462698976667761,-1.314682985168047,-0.16242775489886196,0.050601872584815535,-1.4842385594211835,-0.1730259486019347
Pataka,0.0,0.0,0.0,-0.25508159273009645,-0.15079975317700964,-0.10956040405226342,-0.408892372889037,-0.46399287331481404,-0.1655625086438033,-0.41774602807753747,-0.7661152189350487,-0.21484797219227864,-0.4027938679503288,-1.033708411966446,-0.25660521134951547,-0.23772459369433552,-0.9660163702898377,-0.050475250692405715,-0.2373440632781831,-1.3225977589888975,-0.13835096047401418,-0.21264744218896917,-1.5429161655336883,-0.22131941171988548,-0.175135059240097,-1.7396765039068205,-0.2797077967663629,-0.09863284335370057,-0.9933996149494568,-0.05855567632804816,-0.09478877994391938,-1.3904555128752158,-0.11928335034680385,-0.0841170121790654,-1.6454134373259153,-0.180044343359162,-0.06513943313407541,-1.872744393708463,-0.22703594919404194,0.027065944373038952,-0.9431821639262035,-0.08774366901390676,0.037461224025854695,-1.3040928456917222,-0.14090514976978635,0.04166463165252904,-1.5251512089866097,-0.17169389119696277,0.04451310793122873,-1.721166745703613,-0.19771236072707166,0.15806596258651787,-0.8259961224491088,-0.13261753768116516,0.16444883887419798,-1.0989233927878024,-0.17489603535137813,0.15248520565683873,-1.2707337789681752,-0.18583870726877563,0.1308237129041394,-1.4279886714380903,-0.19453952209537195
Pataka,0.0,0.0,0.0,-0.2720957873923542,-0.12731813232413025,-0.08518633181374895,-0.44098686906457985,-0.4567486641178084,-0.12359080176851338,-0.47236848978242,-0.7588538297009605,-0.15916265447319775,-0.48760497309299616,-1.0112072742816673,-0.19085795040978407,-0.3138453281178906,-0.9513474712976504,-0.04017258189578296,-0.34305128382358757,-1.3304148560286309,-0.1183260282724184,-0.33397478323346763,-1.5587584899241111,-0.1901497576283876,-0.30881917706254647,-1.756503440910131,-0.2418975901620468,-0.1620430253927674,-0.9849353397844285,-0.06036915077497355,-0.18962590226239168,-1.4102216177782454,-0.1170301849340479,-0.1968341233978115,-1.673720726876705,-0.17817168432711294,-0.19530083091942257,-1.9015319515218236,-0.22604041152960788,-0.021002236984955527,-0.9367057552861955,-0.09798221495992475,-0.037989785083624064,-1.3210387598285533,-0.15283791917203454,-0.04703681851436708,-1.549154581037571,-0.19102078916388665,-0.05673420677073213,-1.7443698187068453,-0.22309633070995252,0.12720434138752845,-0.8246017558554116,-0.14760871015223717,0.12357387963943578,-1.1103313362267988,-0.19559054546877655,0.10680298825305302,-1.294309353452319,-0.2129332574694654,0.08038010188454121,-1.462260044204768,-0.2273575089222287
Pataka,0.0,0.0,0.0,-0.26084026245023284,-0.12259684586817637,-0.09638507393629729,-0.43757939684068986,-0.4344655231446946,-0.14387139334950255,-0.4564983169299265,-0.7417798717633348,-0.1857281318978595,-0.44151067934526533,-0.995199672622007,-0.22423493244882242,-0.30704821201153004,-0.9417693937647542,-0.0565264568036985,-0.34500162936243955,-1.3039428657103218,-0.1360926368689292,-0.35483722411891977,-1.5325818803779385,-0.2105172489940385,-0.3518307097794472,-1.731807673249039,-0.26636071965144237,-0.1578467525691248,-0.9848715366603567,-0.0715014613812127,-0.19429050436174156,-1.3887063949684177,-0.13386211241494017,-0.21043481838444353,-1.6371621072656302,-0.19769624988391876,-0.21989767110535646,-1.8539839026494909,-0.24707574863821946,-0.017734348312773603,-0.9468213149458411,-0.10380237845408373,-0.04783884675251719,-1.3264791326576733,-0.1658308770544685,-0.0763539140446415,-1.558518815257389,-0.2100005255461685,-0.10567342258261997,-1.7597947647169163,-0.24593891935650217,0.13245505846662065,-0.8417217070138486,-0.1481239434509755,0.11375191258972088,-1.1269191988679572,-0.2060414984887838,0.08386952135806411,-1.3056857212192639,-0.2312254854092516,0.041796264093405616,-1.471277501412133,-0.2502752497142502
Pataka,0.0,0.0,0.0,-0.2621296880399343,-0.12476780608914302,-0.08935609563921117,-0.4420792294520625,-0.4359623062271239,-0.12274486814168538,-0.47181267900617574,-0.7521041230671213,-0.1514045795388105,-0.4251547119581598,-0.9984319136910613,-0.17259187106498974,-0.2965710370012447,-0.9352688187666808,-0.003012124605779578,-0.333229434251364,-1.27673220035718,-0.0568015906052182,-0.34983928494684224,-1.483955237352209,-0.11710801646014624,-0.358764431368761,-1.6707063514463907,-0.1660031256213728,-0.14493951408298641,-0.9893618212054339,-0.012478942200963353,-0.18795460781078044,-1.3667435991328798,-0.04996508955258154,-0.21885716554673237,-1.5919653990188307,-0.09679630131868938,-0.25013974395462774,-1.7885423042559423,-0.13464948021539436,-0.001370865129063782,-0.9580291951144407,-0.04151532937798275,-0.03592968020290819,-1.3065794852530763,-0.08297467788421675,-0.07119371910145689,-1.5173695053404717,-0.10865562664643731,-0.11396063896967903,-1.7034373938092056,-0.13163804954267824,0.15422004888900814,-0.8616857677446984,-0.08372430745903807,0.1275083972819369,-1.1363756444526045,-0.12299249026648629,0.08940666187089952,-1.2992373904744077,-0.1319577798424688,0.04031365790584482,-1.4526349274051358,-0.1390170927531075
Pataka,0.0,0.0,0.0,-0.24768000945495622,-0.133750876933388,-0.19229502442521643,-0.4348957108214416,-0.41613561794771003,-0.3061441357691418,-0.4693522877487172,-0.7462979891117231,-0.3971688978716706,-0.3916780668898453,-1.0506319162836895,-0.47982930514898153,-0.23858172364772187,-0.9436939900781989,-0.18532740852613197,-0.24996836267669242,-1.3709200838548732,-0.3103107000505039,-0.24813708413087415,-1.6301665161483063,-0.40902192358326694,-0.23119436387294387,-1.8743736851282873,-0.4802991269274151,-0.06563251319802617,-0.9835912621246499,-0.16804940429334833,-0.07808875001080905,-1.4627745457550718,-0.2707690638869,-0.0926429612415231,-1.7644445768214483,-0.3558813639170853,-0.10436185266982988,-2.0461836025972997,-0.4203908491061443,0.08876916645105597,-0.9320788964846624,-0.17222994693144628,0.0928217517703139,-1.3620610131532895,-0.2664106515740079,0.07677761946634323,-1.6261273401187077,-0.3219658766595807,0.04961188853765578,-1.8655567460837197,-0.3628632996131516,0.24906282175772426,-0.8136641082518763,-0.19474865541934291,0.2577300237344297,-1.1363565117949386,-0.27625031796862504,0.24128162617924875,-1.3389415767659951,-0.3104793922253537,0.20672356907220574,-1.5248211500233413,-0.3336562733473614
Pataka,0.0,0.0,0.0,-0.2543715324142368,-0.17726967524466966,-0.11439766293944507,-0.4060490172825093,-0.4862170449460275,-0.17790675646157192,-0.4084907369176572,-0.7913182951969174,-0.23347746658285531,-0.3557592115543094,-1.0587052642365924,-0.2826103326601304,-0.219750772152895,-0.9788795782348393,-0.07571395307699105,-0.2208521657936187,-1.3808559128800437,-0.165269251662803,-0.20074466375506078,-1.6225896139802372,-0.24684561653171438,-0.17020787971816018,-1.846944789291325,-0.3074881844433741,-0.06412560237705098,-0.9941245379806598,-0.08720269551177955,-0.06420242950042736,-1.4461960752505518,-0.15428399097936638,-0.05770131832031865,-1.720447240455412,-0.2241683816636827,-0.05069606755661418,-1.9730395335193756,-0.2796804150694874,0.07601121932611618,-0.9302524651107509,-0.11687660531586883,0.08142276824250116,-1.3327285601935186,-0.17823440493599133,0.07700858904178827,-1.5759222839463567,-0.22036680273799214,0.06766441333401349,-1.7916839613721802,-0.25560611737641803,0.22853472447700926,-0.8002416119228364,-0.16088886679298528,0.22811340453241324,-1.106508329635346,-0.21327552480288697,0.21135541141881845,-1.3010161675147127,-0.23232799836967885,0.185708059167837,-1.4836778775864297,-0.24786559262843996
Pataka,0.0,0.0,0.0,-0.24305342500716112,-0.17416588254590412,-0.10720626978381434,-0.38091604351663094,-0.48990800595983114,-0.16374097412755242,-0.3823339949271151,-0.7947921242371879,-0.21519577567269263,-0.3438916536893219,-1.0608164945201934,-0.260880577695824,-0.20676611830390107,-0.9721269609976972,-0.05532905826224891,-0.21982524222350766,-1.370134367751967,-0.13982376230512475,-0.21004750219373403,-1.6133198214825701,-0.21956162919486805,-0.18750833189560465,-1.836979326151948,-0.2799552354973706,-0.05989469134205439,-0.9957136209672653,-0.0704770244072283,-0.07221587136860258,-1.4453468408942929,-0.13522127179499022,-0.07477050136249933,-1.7229337226415617,-0.20638780780475896,-0.07421351760041701,-1.9778951585507594,-0.26315593780592106,0.07275762614051857,-0.9400862250958101,-0.10440497153234896,0.07004501192689663,-1.3474537002712925,-0.16404682853114239,0.06797532595029551,-1.5898963103467836,-0.20838204406703617,0.06014193068675427,-1.8087907964191274,-0.24596830086523083,0.21801014523468668,-0.8185974195351435,-0.1526420695411016,0.21318745511402254,-1.1215242815111268,-0.204262734653053,0.19287383619619636,-1.3136598427492612,-0.22593981168176827,0.16074702339336921,-1.4959659516040573,-0.2445908055981885
Pataka,0.0,0.0,0.0,-0.2809493949621936,-0.14524254656507282,-0.10761077989477279,-0.4465504619444171,-0.46681177439925875,-0.1591373272502751,-0.4524197074614457,-0.7847644127341721,-0.20443357768858592,-0.4025578149812223,-1.0362682315590699,-0.24358487149008726,-0.2689968449437772,-0.95916217072011,-0.052646740368547586,-0.2797491536451869,-1.3381581355417718,-0.13638940489947785,-0.26381032166980456,-1.574824770658439,-0.21242347093647201,-0.23585749215578977,-1.787937236555573,-0.2677585053748725,-0.11996797269653985,-0.9908881046260789,-0.06122458360510942,-0.1315223730040483,-1.4138151429736698,-0.12568855692228592,-0.13175078653206446,-1.670975533418783,-0.18345719804856625,-0.12633685706647269,-1.9097457387664527,-0.22742976124234618,0.013774066058263196,-0.9435896314420811,-0.08962215213839278,0.004811038631996711,-1.3212549048833266,-0.14777262097802377,-0.009304262630744896,-1.549110620369672,-0.175830528269949,-0.022614702112296096,-1.7538056574165561,-0.19913298930728607,0.15936540285079182,-0.8293687647244355,-0.13325232326480088,0.15008682729817002,-1.119821497172828,-0.17756779006396672,0.12999953220590738,-1.301060706215934,-0.1861185178508738,0.10064600143188597,-1.4690575969013349,-0.1935862016147108
Pataka,0.0,0.0,0.0,-0.23177304429222417,-0.15874137423115348,-0.10829376291953981,-0.3889434219878031,-0.4591143215861173,-0.1659054784397698,-0.4107942512655043,-0.7560699120658809,-0.2181131008393662,-0.3657015451650167,-0.9965537429558633,-0.26254504366271236,-0.24529767562858504,-0.9608292649974568,-0.05307325038731981,-0.26528540512568477,-1.3391178235611798,-0.1387209793927275,-0.2577275475251316,-1.5718452252320343,-0.21807469166893978,-0.24300269827080911,-1.7777487189543029,-0.2759195692931985,-0.11105489175147273,-0.9919997780384093,-0.060027088800101755,-0.13731447129616328,-1.3921649027703338,-0.12691223230019932,-0.15156392042677433,-1.6372725857438442,-0.18961918517737203,-0.16525092434060001,-1.8551313882109968,-0.2360019659918715,0.018851539940870368,-0.9537681503078591,-0.08627488534766796,-0.003310642938979854,-1.3209387906615104,-0.14472494607395323,-0.02594571502639514,-1.5364879687600332,-0.17458494397413984,-0.055445631857967366,-1.7227797426781202,-0.19745252428117072,0.16324470233965585,-0.8533344338555027,-0.12761888518545314,0.14258572125942837,-1.1399486069434572,-0.17555233980796758,0.10837323330715685,-1.3133681692372132,-0.18791163142096243,0.06277541457522588,-1.4694023573765629,-0.19517861507918535
Pataka,0.0,0.0,0.0,-0.19555685327330793,-0.20896403563427285,-0.08839922677411702,-0.3123211035277334,-0.5332239113549275,-0.13595301049718223,-0.31131095401450376,-0.8151151429719034,-0.18078139454271694,-0.24585778229468358,-1.0250204008237895,-0.21619767403548942,-0.1373191696461238,-0.9882122839777281,-0.029154005240120476,-0.1288992182307733,-1.3515739322859415,-0.10361447884230633,-0.10724993099195242,-1.567713934560074,-0.17455478083601597,-0.08144195183536873,-1.7496241242883304,-0.22539201361910222,-0.013064663103568009,-0.9991234983984586,-0.039768700330981295,-0.006968008519297113,-1.381853011034617,-0.0971669978500363,0.004690820049790156,-1.6199681172862344,-0.15167363873187548,0.015208231423211335,-1.822789154727921,-0.19026818993629205,0.10734544116949579,-0.9438955615976042,-0.0680059880578121,0.11538711582255631,-1.295973599891365,-0.11638645088916931,0.1204021058838114,-1.5042624773740383,-0.1413275899076027,0.11364864239387279,-1.6791329083264688,-0.15951923522488082,0.23347486425151137,-0.8233372518766283,-0.10977357673384734,0.2423479008933361,-1.0960475088655621,-0.14622228066580054,0.22642922430711743,-1.2617600193707366,-0.15189297691361683,0.19878961401173403,-1.4008106050432625,-0.1535669192201886
Pataka,0.0,0.0,0.0,-0.29734211928551857,-0.12477738580143609,-0.12989221029929612,-0.48871671597940247,-0.4297343001683893,-0.19625323902037195,-0.5138509411493535,-0.7571781627920261,-0.25137029553307577,-0.4717518887808436,-1.0277375964816153,-0.3008449907788754,-0.3027314190022485,-0.9378591657109429,-0.09291948061525866,-0.32677090116056956,-1.3299294656792644,-0.18963489915793508,-0.3283682991597449,-1.579489992873597,-0.27368909566103516,-0.31959471166427433,-1.8043844163367613,-0.3350983418534174,-0.1402711428544129,-0.9853383678815532,-0.09712006622132177,-0.16857773197394568,-1.4199154817364668,-0.17398625766296505,-0.19148351019382767,-1.6969028780324935,-0.24051325771855886,-0.2107116130497546,-1.9459777218551257,-0.2903537281806331,0.006850924789146069,-0.943853245268824,-0.12146318350029403,-0.02290076052476262,-1.3414335647952764,-0.19615581825594053,-0.053867908691702354,-1.5789049886543869,-0.23714079472868407,-0.08723912313788877,-1.7918938973919902,-0.2670682838458557,0.1639458090617028,-0.8349087536787262,-0.16089789510264887,0.1392501894768912,-1.1397360934481853,-0.2297961434977197,0.09748053403504056,-1.3235522703410931,-0.2538944175470165,0.04278618144132584,-1.4916441713640702,-0.2686531376072326
Pataka,0.0,0.0,0.0,-0.2497650681546298,-0.14397054334754347,-0.12714674644974402,-0.40652488839485773,-0.4758497797517577,-0.18708453583778084,-0.41924493731534634,-0.7959950437174921,-0.23629692836031033,-0.37940103119110785,-1.0590741705637932,-0.2764224952433761,-0.23057203498511877,-0.9629691979821451,-0.07594438742400988,-0.24829608435437692,-1.3536212942934887,-0.16617828975818033,-0.23937513146902506,-1.5946764704536076,-0.24476120879614965,-0.2175845297037565,-1.806454968323399,-0.299385286984197,-0.09282424209441668,-0.9931174733272892,-0.07142369530917704,-0.11123415493455151,-1.4195867716630517,-0.1373730476266798,-0.12435505069892525,-1.6819820612230283,-0.1930155157191237,-0.1260523179587117,-1.912525729624418,-0.23333069970652096,0.03473015401223175,-0.9456375530211384,-0.08752092426748916,0.018542290230870256,-1.3312103423578605,-0.14323541161241027,-0.004238778082936612,-1.56291704069214,-0.16718524016229336,-0.02262977986725209,-1.7611613011489349,-0.18560113657868352,0.17559658262599945,-0.8327402382667604,-0.12072606308947202,0.16724836457403355,-1.1296944692443185,-0.163180697456012,0.13709367297780786,-1.3092502164850686,-0.17080719279174733,0.09688775521359898,-1.4668346938379901,-0.17462683560460748
Pataka,0.0,0.0,0.0,-0.2566227144423904,-0.18218664884469982,-0.11983687026794619,-0.40285065954582044,-0.5176972853308134,-0.18006850256547297,-0.39242306401066546,-0.8320028046392468,-0.23189947238535408,-0.3262593595722631,-1.0885131512959532,-0.2772554172755943,-0.18077715863208113,-0.9877752627098588,-0.06965348150612913,-0.16600602514700336,-1.36734284464484,-0.16170045053078988,-0.14201027257110518,-1.602233021942511,-0.24458220586258922,-0.11115468601571815,-1.8096926367829704,-0.30340532863481606,-0.02965126034786105,-0.9968665926855286,-0.07333347903466754,-0.013243201552413821,-1.421596913563931,-0.1430209722747662,-0.00895331668934913,-1.6871729446956705,-0.20865969264688883,-0.0044781768282648885,-1.9236082634066958,-0.257519390791453,0.10152952469785004,-0.9327420429885326,-0.09717628656894028,0.116515945411956,-1.3124854315791934,-0.15882461133111483,0.10907436349697405,-1.5517525534657743,-0.1954539048429366,0.09497102535084105,-1.7565922779517278,-0.22332881356076661,0.23731468943022185,-0.8053996470183631,-0.13660883787382458,0.24757727641522828,-1.0966306271290283,-0.18640306776300886,0.2286083794048988,-1.2802426259038457,-0.20148276976767043,0.19544807220019753,-1.4436928744479347,-0.21154725791428913
Pataka,0.0,0.0,0.0,-0.3410723926756604,-0.12009332329746335,-0.1199088138696463,-0.5422554544546311,-0.4615810581509642,-0.1709106827396348,-0.5528597137399109,-0.8212719025275054,-0.20745399511648704,-0.5293687248079473,-1.1023928668236627,-0.23734774873945028,-0.33049524359110993,-0.9635994136564546,-0.09491179680758362,-0.34228227227487573,-1.4077145512042106,-0.17409965043792566,-0.31990106373943455,-1.6687499848600194,-0.23735302740834227,-0.29217914566031555,-1.8936516917437447,-0.2789190040973995,-0.15346910849535153,-0.9839765527379816,-0.0907599933865152,-0.17786933185177572,-1.4515639106171963,-0.14651174103532846,-0.1784442071339079,-1.730839295863703,-0.18822697588881773,-0.170797045128181,-1.9657491851833393,-0.21715962076092485,0.0056549098187972215,-0.9270600765734593,-0.10377588749917378,-0.03246272753999142,-1.34230458817786,-0.15403477829188275,-0.06069973943296769,-1.5961721542741694,-0.16707781518964654,-0.07712017947471668,-1.8112335534265003,-0.1750639524576177,0.17277052871460574,-0.8127214147308102,-0.1312885161320374,0.12246233776119549,-1.1470656116921327,-0.17145225678962112,0.08202469283999311,-1.3486049293140208,-0.16664687595721991,0.0462760699449366,-1.5234257538504512,-0.15859313697076347
Pataka,0.0,0.0,0.0,-0.27847521125805225,-0.11427339759147548,-0.12848151477502753,-0.44988238904959843,-0.42964744100198854,-0.18531256161273776,-0.45666066534196587,-0.7557696993887826,-0.22936521630141013,-0.429806018033228,-1.031150874951424,-0.26439010735541235,-0.26714425001359665,-0.9575834554157867,-0.0703276600543139,-0.2785264488264282,-1.3381313615120976,-0.15403185384100537,-0.2651031787771523,-1.573854983440163,-0.2301890304644674,-0.24264782800378212,-1.7826860163158198,-0.283816665207344,-0.12231542580764714,-0.9903664191009847,-0.06490988003830231,-0.13558141597931334,-1.4086527400366253,-0.12453910006969562,-0.14274818978379714,-1.6721759856927167,-0.18083430085015773,-0.13919398883822506,-1.904838973631338,-0.22246233218848285,0.0074171244550295615,-0.9404075199155838,-0.08071953780788543,-0.0025943072595416444,-1.3221105413192054,-0.1356461097667738,-0.020816397162154714,-1.5546431653180348,-0.16724774145372168,-0.035847164847124115,-1.760477124732106,-0.19091247517258575,0.1494810656991226,-0.8219475589840229,-0.11293318279177957,0.14045287643591764,-1.1205130856599657,-0.16141974166930145,0.11009494146157621,-1.3042234413414806,-0.17634199434593031,0.07196057047675869,-1.4709394630309607,-0.18482734508310164
Pataka,0.0,0.0,0.0,-0.2673736018688812,-0.148886617351087,-0.1079297322359428,-0.42736741684291685,-0.4789981285320473,-0.1591853796192716,-0.4269807179027336,-0.7964250167103015,-0.20288270642355602,-0.3866928670691319,-1.0448446934687465,-0.24055367218781418,-0.24951428956590796,-0.9720341283211122,-0.06969966865481036,-0.2585200576801858,-1.3656749019884291,-0.1548132490489486,-0.24466913271859314,-1.606665311842814,-0.23082502196032156,-0.22283285483858337,-1.8211787924865501,-0.2847036110240833,-0.10255324546254124,-0.9917234283365743,-0.07724942416258658,-0.10652242161060174,-1.4282731296758193,-0.14000061016028273,-0.10639686657744563,-1.7002570173047549,-0.19841018793700163,-0.1006201468342848,-1.9391354357128743,-0.24191551851944876,0.0315894351033274,-0.9332364348578924,-0.10283500835538621,0.030071156574099894,-1.317044308673052,-0.15782944137147897,0.020756847857838986,-1.5516349764904132,-0.18991617870523836,0.012685943244905434,-1.7514987856419633,-0.21556670231121744,0.17238164753033278,-0.8082483137021659,-0.1430940696575288,0.17341830170524533,-1.0998924560181784,-0.187397189594975,0.15786268001588,-1.2849043325726048,-0.19973473742650522,0.13625770856919253,-1.4538232488625396,-0.20874385565536388
Pataka,0.0,0.0,0.0,-0.2540126384376289,-0.14908453550705617,-0.13531097533504768,-0.42047168748122166,-0.4594746327802824,-0.2046160490955641,-0.4508152231730891,-0.7796204013182112,-0.26329473211069254,-0.39031426952413395,-1.0486884840175366,-0.3110814739405458,-0.24326610173265034,-0.9617214474846243,-0.0626583544656292,-0.24448749936714212,-1.351325438153491,-0.15023476244913003,-0.2360917565508867,-1.5891881331504634,-0.23261656783530607,-0.2189012457748709,-1.804729389819425,-0.293331155915388,-0.10145566769323405,-0.9932789784010775,-0.05571012977396323,-0.11330798343988667,-1.4095972089336075,-0.12259599243158059,-0.12673525001797054,-1.6705455529574587,-0.18665513691477661,-0.13377917178710444,-1.9094699650323788,-0.234840881857153,0.02827156590960404,-0.950048552054265,-0.07088212343746104,0.01505050932175906,-1.327438566378214,-0.1287951031547001,-0.007184215061638322,-1.555545237614774,-0.15749282536197357,-0.03139749786419943,-1.753587549761636,-0.17979240895597598,0.1700668426334985,-0.8418803085591184,-0.1035614333961664,0.15996184812037423,-1.1340195879612203,-0.14903433830937196,0.130026149964757,-1.3113848542663356,-0.15908035588404865,0.08848382557222477,-1.4650292742754942,-0.16469835539856445
Pataka,0.0,0.0,0.0,-0.23979662428204931,-0.15050090896927978,-0.10726065839246393,-0.36200886639834684,-0.5033207918695982,-0.14528428304095542,-0.3881953365548462,-0.8233400766665548,-0.1758292380210753,-0.48615371218684866,-1.0634741669867729,-0.1994661905294403,-0.20786394342058342,-0.9709100879343071,-0.03501153603474912,-0.225725907300174,-1.3564008801547156,-0.10143296219535548,-0.21926658028825136,-1.5867883596090444,-0.1678600321400482,-0.2056413459969251,-1.7953100350020834,-0.21571093614163658,-0.07060608243436733,-0.9969679013137677,-0.03270756599463059,-0.09911387861080889,-1.4074817486640834,-0.07599606719101004,-0.11208103692760203,-1.6662531835469019,-0.12726469095934936,-0.11919327988289315,-1.8881954119950688,-0.16715833240204384,0.057774804938243586,-0.9481983827640905,-0.049331627647754075,0.035942369078485165,-1.324063996852018,-0.08675969869932426,0.014087229081602232,-1.5461544901956494,-0.1108326792161356,-0.01519319576122791,-1.7327880013923516,-0.13130908038595096,0.1959625035403316,-0.8411349601410049,-0.08157611414240955,0.1828443283114527,-1.1312346642348685,-0.11298042393771156,0.14683143880705052,-1.311123670697281,-0.12037005081829798,0.09781251875108138,-1.4706188579886428,-0.12515198069936845
Pataka,0.0,0.0,0.0,-0.2637472465692512,-0.14309663670415057,-0.1129000447598763,-0.41053539805119826,-0.47421577358244377,-0.15797954525294383,-0.42778133189813067,-0.795933215830536,-0.19341396425454283,-0.49346346760803794,-1.0624025181448484,-0.22199387286925512,-0.25295126552123437,-0.9664043915375026,-0.05916669030689757,-0.2674431713199032,-1.3662709627580178,-0.1326753966313535,-0.25861220067675234,-1.6059507824683446,-0.20284152153805265,-0.2437263373029916,-1.819259699498221,-0.2510825361649542,-0.10626601340591575,-0.9926995896839333,-0.05705312468361396,-0.1304646369572914,-1.4248372397678282,-0.10417141075244263,-0.14997986933611962,-1.6929918867084197,-0.15936500024074435,-0.16409655994433248,-1.9240072122508909,-0.20166199161085652,0.028099244542070762,-0.9442641228164343,-0.0727036876863933,0.011912439175935756,-1.3311495714390296,-0.11108906184443239,-0.013520976774981592,-1.5659236638453438,-0.13890935263478377,-0.04233757690154801,-1.760690115008769,-0.16314527720656224,0.1732174863027329,-0.8353804230230378,-0.10380619839104173,0.1662240043493762,-1.1291320224079384,-0.13410766164352653,0.13376145916452015,-1.3059123992801822,-0.13889828176542776,0.09052608528913869,-1.4551616831132397,-0.14200289117139972
Pataka,0.0,0.0,0.0,-0.24371077872441874,-0.14553150081114805,-0.10442291307371075,-0.38532271283141245,-0.4734182516795828,-0.14382324252811104,-0.41861603813670534,-0.781951155362971,-0.17584842225861821,-0.48974646240599434,-1.0301693328493464,-0.20085955247105494,-0.22844018527888654,-0.954951880087107,-0.045247905044809564,-0.2685198309432546,-1.3383247611891371,-0.11356163403712982,-0.27954073833868637,-1.5636669033752986,-0.1784093136479116,-0.28368438813317626,-1.7667555014187788,-0.22558598906355345,-0.08032126256707976,-0.9956296525913754,-0.04764545792001191,-0.10942358208023144,-1.4102729343164195,-0.09342830026755461,-0.12662719244438572,-1.6681936007708615,-0.146309250101372,-0.14081340217558352,-1.8919050494726823,-0.18824597794265724,0.057060545575799884,-0.9547260811997551,-0.06831250643712042,0.037348439973739066,-1.3264782122694367,-0.10808384482511275,0.012153676585627281,-1.5423258200859133,-0.13603241952954398,-0.021835232830094697,-1.727974370936386,-0.16039204016740916,0.20275985133514715,-0.848489763657099,-0.10383378344441496,0.19060686106832642,-1.1309432390107443,-0.1368388655746921,0.15588667896423525,-1.3068717997635833,-0.1472728524294866,0.11040982220523053,-1.464015471621998,-0.15519998477727145
Pataka,0.0,0.0,0.0,-0.25792435825872634,-0.12312460043933993,-0.1396989947117122,-0.4174230177731578,-0.43360640767302866,-0.19408773980763022,-0.45141746226688406,-0.7594811733897011,-0.23354549978239147,-0.5244044432443633,-1.0319678437827877,-0.2622052039054941,-0.25149586274849084,-0.9508123781365835,-0.0864811899065795,-0.28650642762945217,-1.3427932113384655,-0.1656277236214254,-0.28538664978886213,-1.5805556748989895,-0.23392576489660113,-0.2783043149574647,-1.7942841698599024,-0.2819327730074383,-0.10699529268904558,-0.9914485266148372,-0.07471162169069884,-0.14631058866802743,-1.4111710757863336,-0.1318818273399555,-0.16894639502890801,-1.6735693452007299,-0.18476402922271126,-0.1878949081660996,-1.9007063997717049,-0.22308935752060338,0.03903205805459733,-0.946072216398383,-0.0839009719352637,0.010058933140780024,-1.319839152328154,-0.14312549756989537,-0.022803599696746085,-1.5414490805485015,-0.17753033587534173,-0.05729969079583882,-1.7357579236461045,-0.20160264516552798,0.20569902915103494,-0.8334981419722556,-0.10991692347843847,0.25413895446881846,-1.1071045902059322,-0.16112395461234333,0.27228559573440486,-1.2838762562620223,-0.18132906519489284,0.2800449974768463,-1.4502787101781596,-0.19275523017836155
Pataka,0.0,0.0,0.0,-0.24265048415647927,-0.16070176301703118,-0.10003881152800842,-0.402839636846276,-0.4862537587027602,-0.14275574104375194,-0.4737824568029032,-0.7864971503141764,-0.17766746758350974,-0.5749195996046109,-1.0123511610657168,-0.20913677740333841,-0.23266770420016591,-0.9570802209360547,-0.07114770858994819,-0.2605050692539486,-1.3434557938046086,-0.14576211094991284,-0.2649474588202071,-1.5743011945343055,-0.211030133388875,-0.26109710793905494,-1.7804842650971313,-0.259910720970705,-0.07141379162929451,-0.9940521970497574,-0.08222104296150745,-0.08828444482220191,-1.4123632183526877,-0.14174896692558944,-0.09584903367167748,-1.6721551819090912,-0.20179641183394537,-0.10263158560554281,-1.8981834451814252,-0.24845545472798594,0.0820239506413972,-0.9419650394235127,-0.10906239346542969,0.08874771859234416,-1.3240521807763086,-0.17647068430032264,0.08825295340278136,-1.5516753094899631,-0.22246460217335176,0.0761357550190754,-1.7541703849339827,-0.2570011981137829,0.23824448467488454,-0.8209179715501546,-0.14658333718746866,0.29884412287516327,-1.1005512788648035,-0.2089695667138318,0.330126999118214,-1.280318297103694,-0.23544464358013945,0.3469612622264577,-1.4513838862520272,-0.2534618906065324
Pataka,0.0,0.0,0.0,-0.24749286878964816,-0.14368338963004318,-0.1307652369808989,-0.3917093680474559,-0.46894991854623913,-0.18947219980456584,-0.3943711230388624,-0.7898146723017531,-0.23477873790195408,-0.3967780474902185,-1.0684361777780513,-0.2707959657369941,-0.22248361338004188,-0.9639856567051124,-0.08322148006307405,-0.2478159759831898,-1.354926050321834,-0.16732319306649673,-0.24618492259423358,-1.5923432850793657,-0.24212130146084518,-0.23425512913877294,-1.802625032884732,-0.29375379650564115,-0.07636329895089648,-0.9943139392869489,-0.0742188433822956,-0.10187221532468828,-1.4229827012628857,-0.13057522400251975,-0.11811033458175967,-1.6840915899502769,-0.18430821753297175,-0.125891114427089,-1.9117183663950719,-0.22485095041117262,0.05738411343826212,-0.9467485603512532,-0.08492615499506243,0.039689425573378685,-1.3346689189615313,-0.1305588660542875,0.01498982892556579,-1.561925346285874,-0.15353728973404904,-0.010511845984976939,-1.7563382894598714,-0.1731602111567618,0.2045616815017711,-0.836484868447231,-0.11281258276375447,0.19366396897509394,-1.1340759041518313,-0.1484592136306418,0.16337189370950267,-1.3177952750964586,-0.15536206304090472,0.12291659718963949,-1.4847813486304116,-0.15927772265303228
Pataka,0.0,0.0,0.0,-0.26628375373297386,-0.15365484685845093,-0.10542703690226406,-0.42554321067493944,-0.4694935720628082,-0.15645270464581618,-0.4442987669328722,-0.7845152553706188,-0.1983749673508698,-0.45930618520716726,-1.0590859316295018,-0.23257073440646328,-0.27935490710427585,-0.9577390596472853,-0.06441965139976406,-0.3088764238891137,-1.361690277120061,-0.14172318642524462,-0.30536554055200377,-1.6036073415257812,-0.21127858996753038,-0.28970703727585617,-1.8173460174333373,-0.2589282807184996,-0.12606018974125782,-0.9897092749642536,-0.06770804687870802,-0.15767118574685926,-1.4324725613778455,-0.11817922764494997,-0.17374078882613372,-1.7047826438115636,-0.17061084533789508,-0.1790811421358303,-1.9382469804940252,-0.21064504497111566,0.017919703890689632,-0.9446967287714055,-0.08792874823411552,-0.006082456718145499,-1.3434338051249648,-0.131269864643914,-0.032672877415892206,-1.5799709232141192,-0.15648098671944918,-0.05594203645693805,-1.777231778488816,-0.17814637299301525,0.17529720357893133,-0.838159077060999,-0.12207760288597581,0.16153218655467647,-1.1444117436826287,-0.15761482955745518,0.13223578862882024,-1.3333301552033925,-0.1624481250126539,0.09684631517071561,-1.5009068741401328,-0.16516458831969005
Pataka,0.0,0.0,0.0,0.21488623707578725,-0.23399809695392843,-0.09228992481652758,0.3348083481226766,-0.5961748685654129,-0.12228390094470412,0.36352068725273345,-0.873788175467848,-0.1480353481113096,0.3508937200736596,-1.0861862003873006,-0.1739673462066204,0.02337201583619974,-1.0106644041774655,-0.05345231740535935,-0.023761430044040216,-1.3754560089631107,-0.1254242096372803,-0.05853042904509593,-1.601809089075658,-0.19331672282698242,-0.09159021486182592,-1.794097567821339,-0.24014666372174057,-0.145079988081169,-0.9872452465722367,-0.06556386336154699,-0.20798324259452822,-1.4042688398815608,-0.12419489932055755,-0.24655083801910418,-1.6800794346207204,-0.18655416442610878,-0.275079453872757,-1.9143886263167218,-0.23171072602103104,-0.2884244973035171,-0.8938325009018343,-0.09223900522483575,-0.3532166631482679,-1.2840465496975835,-0.14836421482274884,-0.3674725455924965,-1.5378294535769794,-0.19314599594276366,-0.37099351042547596,-1.7578976012292786,-0.22444388372548243,-0.4201502319122199,-0.7271793204634651,-0.1296771340070363,-0.48716099447017536,-1.0174885675239733,-0.18076166219574735,-0.500057986427566,-1.214266361709867,-0.19825791020230932,-0.4945049111702979,-1.3949163495303984,-0.2074104232590196
Pataka,0.0,0.0,0.0,0.24147807455568338,-0.1522226580754746,-0.1375326473757967,0.3857491064604198,-0.4629411468554918,-0.18105234157708716,0.4024997255026132,-0.7726236938925254,-0.21231518373485786,0.3887513839319007,-1.0342008833128644,-0.23769930069909292,0.23413545080561748,-0.962376584012985,-0.06542858038169135,0.2439790680119305,-1.3273794511831294,-0.14466844907411053,0.2498684429470618,-1.5548723122085337,-0.2142946451002898,0.25547861828724017,-1.758491572882995,-0.2627563281475693,0.08822001739921725,-0.9947735049433792,-0.05140916642726747,0.11241433098751147,-1.4027389220307653,-0.11740639941153433,0.12816794428465686,-1.6676804801368366,-0.17693460542258782,0.14852577325406235,-1.893824826111788,-0.2186776073034446,-0.045260994784924645,-0.9497029845176936,-0.05872231260833875,-0.029272273179687256,-1.3225136724306608,-0.1254541785040037,-0.0028926597490697955,-1.552064850392229,-0.16502573538152393,0.03281300701286297,-1.749433730241292,-0.18946618009962538,-0.18454238533748785,-0.8331760896227953,-0.08197079178162445,-0.18000993671368742,-1.1081752094255783,-0.14450173313521464,-0.14693258547790622,-1.284408761336006,-0.16889288040296818,-0.10231647663788371,-1.452786466917307,-0.18128848433460168
Pataka,0.0,0.0,0.0,0.24925306373368006,-0.1510202061587776,-0.1129942837863206,0.38091053936237623,-0.500012521400458,-0.13427525022961548,0.3812264095266637,-0.823685480166183,-0.14458393419363477,0.4136263149215091,-1.059150659235198,-0.14911499048647342,0.2299279170551674,-0.9664692957944064,-0.028776599477525096,0.2542904052512932,-1.3297107269380186,-0.07955030383105238,0.2604095260848322,-1.543887141259978,-0.12938325251299088,0.26034485975198596,-1.7284567383327205,-0.1657411986401762,0.0820759466780815,-0.9965374824568148,-0.013288530224610122,0.1133097854428211,-1.3969071991448423,-0.05351395679886549,0.13366434276172814,-1.6449385113506878,-0.0993826425138466,0.15454051419707662,-1.848862272046169,-0.13256179967307713,-0.051057386004312984,-0.9534311536981682,-0.0167385617716127,-0.0286408293583448,-1.3219854491536145,-0.06422664557726071,-0.0012743965552157687,-1.5455807635712953,-0.10413808787270343,0.031203854589039508,-1.7278530477168974,-0.13059569443788627,-0.18676894326913954,-0.8446415172861151,-0.032961844610352724,-0.18563838785172923,-1.1194098709572378,-0.08148992246864181,-0.16110034714303684,-1.291146102654422,-0.10508297802704462,-0.12518365719597696,-1.4470222253414384,-0.11810448719632476
Pataka,0.0,0.0,0.0,0.24454161436954366,-0.14789051597419794,-0.10809817132712479,0.3705661333798469,-0.4899632280017333,-0.13236351964489976,0.38809807133477103,-0.7960455131199672,-0.14960272069540123,0.4369138314209604,-1.0251850303994696,-0.16115389788910656,0.23604137272824696,-0.9648516057544648,-0.02402647438756478,0.247082574326484,-1.3200058833232402,-0.0852616843926511,0.25541190647514034,-1.534559145778303,-0.14268355670428864,0.2639675354520149,-1.7246892307356831,-0.18457352610028738,0.09386715947220944,-0.9954346462160611,-0.017286453809961962,0.1179757500912707,-1.3869322471465342,-0.06812431526641521,0.13775680949448307,-1.6333706799477081,-0.11638918565984335,0.1622609580017965,-1.8406714983072794,-0.15033272907518316,-0.03067462737721261,-0.9525471772812262,-0.030540562852663513,-0.016476149839122583,-1.3075697121160912,-0.08581188998588064,0.013355139416612262,-1.5205683048113259,-0.11795744674651203,0.05107912399219765,-1.700029865814143,-0.13792564446137562,-0.15969190875324163,-0.8390052493402705,-0.05765160450009517,-0.15946191943598484,-1.100812349018226,-0.10760905664629157,-0.13199896627463922,-1.2660234079498924,-0.12498520947773983,-0.093750120757149,-1.4191792814184208,-0.13378129531892238
Pataka,0.0,0.0,0.0,0.23944572614039872,-0.1528880777114259,-0.13187521274403524,0.388959043752516,-0.4411703258478762,-0.1665821606486497,0.4428468343796585,-0.7548220497690346,-0.1883893211371998,0.5231561424523866,-0.9911191663296568,-0.20151709489639466,0.26442583521377644,-0.9496125716367647,-0.004828003346127419,0.3141107945597418,-1.301096145101625,-0.04302753572769956,0.3267721257012158,-1.5110508567398566,-0.09207216195388689,0.33661816398500394,-1.6836652032333796,-0.12786957473359922,0.1164916127437496,-0.9928609613381584,0.025628414134087243,0.16891745672217673,-1.3738317055495264,0.003970662615222765,0.20368543141906723,-1.6070966725898979,-0.035746956940526806,0.24122894191884003,-1.7915567282218032,-0.06597486816663092,-0.02126044361551337,-0.9603302245433969,0.0330826664949427,0.00761006251038309,-1.3057262069558502,0.0010078298902344214,0.04964164538293974,-1.4969937833381857,-0.03117294507554125,0.10057622690456403,-1.6440816911293346,-0.053281757914702,-0.16379995501782355,-0.8711677145367086,0.024343149371552804,-0.15035171530172708,-1.1306965476711501,-0.008182475264037892,-0.1069688802064919,-1.2782629743571283,-0.022361671272925456,-0.04576845917665634,-1.4047956242725121,-0.029285424397728
Pataka,0.0,0.0,0.0,0.2490730502874567,-0.1330997057502325,-0.14983379401674404,0.40294994700449854,-0.4285267552295909,-0.20196129719078346,0.4420167382662501,-0.7444355286586354,-0.2388213862045216,0.5230463943305359,-0.9928534031339536,-0.267444372440884,0.2502141603914172,-0.9499055730057093,-0.06398464977517888,0.27274744382453725,-1.3174587520035608,-0.1340607722257847,0.2811211732828821,-1.541296864195023,-0.19834981411465433,0.2901412721233556,-1.7384562353806812,-0.24448171909331237,0.10565407146440936,-0.9936322076750755,-0.039144004058717236,0.13669312435454667,-1.3941813863753676,-0.09781455065777687,0.16039698556127538,-1.6505532735967052,-0.15477665689137207,0.18792379706731693,-1.8655644074416906,-0.1949229132470156,-0.022044300761679157,-0.9563649765149395,-0.03626408622427055,-0.006968257099667482,-1.3190367965195453,-0.09681799866694175,0.025791944794113456,-1.5466615607122673,-0.13752250365314161,0.06836595325873719,-1.7376344148160499,-0.16335493826728403,-0.1494307503658505,-0.8516820397650068,-0.05026968644364624,-0.1522798845056516,-1.1282839902630586,-0.10718886838737803,-0.12212328106367451,-1.305624829420537,-0.13227229072602456,-0.07607852304865498,-1.466385080219716,-0.1451643961970834
Pataka,0.0,0.0,0.0,0.28464580233893827,-0.038069371413849265,-0.1305590212272742,0.5153698293116374,-0.2772423500179645,-0.17058884921796236,0.6235414566382245,-0.5700007642710377,-0.2000554371906672,0.7436216522477599,-0.7899739171214176,-0.22333998486393544,0.5025137562382408,-0.8265258118708745,-0.049553122877045365,0.6198394550402985,-1.1856151926207499,-0.1257866850431485,0.6909020694906418,-1.4114902964991782,-0.19372840968371288,0.7538172444928861,-1.6105324074787013,-0.24226282766851212,0.37224898588114247,-0.9272240257669605,-0.04106456563720098,0.5121898122649352,-1.3120268992466648,-0.10667555779583814,0.6022611600946095,-1.563567018865643,-0.16846313017767317,0.6844980878236235,-1.7730202977926153,-0.21177592760896116,0.23179645794385187,-0.9506048694293484,-0.05411378538923516,0.3560766460411768,-1.3088072192087346,-0.12402806290083822,0.44936375657631444,-1.524545123579122,-0.16890136644533546,0.5410983792881362,-1.7005105962456455,-0.19662034977329337,0.06698283510263396,-0.9104566186419342,-0.08198447353780847,0.1497691687101405,-1.1900307608108625,-0.14932117689030536,0.23356941813507445,-1.3542431343267203,-0.17648249121659826,0.327375452805446,-1.5004878055663444,-0.19015503736983905
Pataka,0.0,0.0,0.0,0.2261777058489105,-0.2416037902449148,-0.12489055048720227,0.3086894167043484,-0.6067536247241218,-0.16582063055684293,0.26955112274842385,-0.9137026099898393,-0.19722178501007512,0.27214428132356505,-1.170849652363743,-0.22394054457152554,0.05761662665522776,-1.0199893276926295,-0.061019237527252065,-0.014309701001230852,-1.3790877662126997,-0.1366924146873238,-0.06406564257127674,-1.599876564397645,-0.20297827036247046,-0.10957890012728011,-1.7963630432187117,-0.25133829980333655,-0.1017129626954472,-0.9933334952843252,-0.054249795999061275,-0.16581998914088653,-1.3930652418587286,-0.12260826157208848,-0.2069131372586134,-1.6541200301410048,-0.18532689367023042,-0.23825590985868597,-1.8796143537443297,-0.22968899267918289,-0.22972471366311825,-0.8976114977024805,-0.06687211931317008,-0.2933767483651495,-1.2660404125985971,-0.13871091747846057,-0.31188174682437336,-1.496246610610759,-0.18583772767061518,-0.31960229237473414,-1.696859125175739,-0.21544700943298864,-0.3439963257916733,-0.7365320688636788,-0.09315538141782109,-0.39513317278618165,-1.0142272148259652,-0.16232292842534563,-0.4000095437659577,-1.1949975181052241,-0.19369995671484008,-0.3938806901232418,-1.3673398251428939,-0.2108771071084912
Pataka,0.0,0.0,0.0,0.2607669659632705,-0.18494664907042496,-0.06328793442180648,0.39208457724043894,-0.5412147141937682,-0.07102038765028476,0.424096718228429,-0.8313990271909264,-0.08118934597431861,0.4624834273388846,-1.0582875732202253,-0.09037733053487257,0.31412271792636837,-0.9547566170016921,0.00012968571708222828,0.3346395496532034,-1.314468998245886,-0.06157973575461663,0.3299872631939809,-1.5318715224202075,-0.12114754131029974,0.3151947251651589,-1.727838598725795,-0.16583254787946144,0.19613579415188614,-0.98040074081656,-0.018577880900393758,0.23059490012388817,-1.3832233128534854,-0.07555574584386725,0.23669729484155536,-1.6465539248607723,-0.1331955637467815,0.22822976020526062,-1.875931337229318,-0.17402980950428146,0.07910691581818168,-0.9339925796392545,-0.052743536401289294,0.11087246918465814,-1.318911283517664,-0.11405328805601006,0.12785252988292728,-1.5470576118209087,-0.1533568674185634,0.1318715991065538,-1.7504978380935796,-0.17812985402392006,-0.05053698970313959,-0.8211716356347769,-0.0959039524265169,-0.023115828176742643,-1.1083926946779672,-0.1575950226367427,0.010826123605578823,-1.2921552287538558,-0.18315511198585793,0.04047164144112767,-1.466017053521044,-0.19690336070778136
Pataka,0.0,0.0,0.0,0.2724166848101895,-0.130949737271881,-0.09167934036046975,0.4396119197010407,-0.4566570493587072,-0.09975790999660974,0.489144318807958,-0.7738511640236786,-0.1029879281481528,0.5512381045486069,-1.003364635073369,-0.09971483829197339,0.3481102311868904,-0.9408667651101189,0.028808587510275572,0.3893946590616966,-1.2930168589249051,-0.005497322103068511,0.39674507352057553,-1.4949117856086305,-0.051073253568134615,0.3964901331110436,-1.6658080646292148,-0.08524977108939451,0.2052602135594062,-0.9779756560180468,0.03783993876340326,0.2668634655437702,-1.352423607035021,0.0149381593230733,0.2937275969111153,-1.5846187279256096,-0.02793336482104835,0.31351694823930115,-1.772508340353509,-0.05973394173123881,0.06979299835349125,-0.949691229833141,0.02703221260432327,0.12186947499097596,-1.2910755403597178,-0.0039754432479327615,0.16164544421783572,-1.4940040655049511,-0.03488640492176111,0.19883968261156756,-1.6590182251918715,-0.05632823878018758,-0.078120745607125,-0.8622464244641416,0.0034151306679626003,-0.04374070892428116,-1.126496199786269,-0.030226508345313503,-0.0003296347658309803,-1.289851042715472,-0.04433002157237554,0.052990380454267606,-1.4385390977614272,-0.05131887631590492
Pataka,0.0,0.0,0.0,0.2747176300702018,-0.13750349602090148,-0.10478214573525213,0.4372642706124323,-0.4649365238961906,-0.1222149370636923,0.4834074533149162,-0.7827540833467278,-0.1330084990613987,0.5465574067542199,-1.0203626377058754,-0.13803363572327065,0.3139399214762286,-0.9461295991173123,0.00207986763313345,0.34418583761900634,-1.2904636636810582,-0.04435492829445414,0.346117769826403,-1.499645115084126,-0.0975365207941412,0.3410820392458827,-1.68631506081564,-0.1388213074948623,0.17161110797548507,-0.98510560755703,0.010796739281898615,0.2192808699593795,-1.3616515147880515,-0.026313508646986672,0.23771938755507585,-1.6023835607798849,-0.07679469040307887,0.2505086357574666,-1.8062310693862065,-0.11463753784457958,0.03716411133822324,-0.95005699773855,-0.0004560032206454576,0.07617616547624657,-1.29722970500203,-0.044867773595549984,0.10955665071021357,-1.5019376214963618,-0.08077634073081111,0.1424973198139608,-1.679297461548119,-0.10525163362932104,-0.10793160513099263,-0.8479361936179852,-0.025480776089332302,-0.08555127063473632,-1.1170588865913518,-0.07251268856157915,-0.04674529239141619,-1.2829640484413989,-0.09332570188043357,0.0010647254559665207,-1.4383981400717913,-0.10460917766791539
Pataka,0.0,0.0,0.0,0.3588448648202407,-0.07126337606097652,-0.08037550568010025,0.5985503696374136,-0.35710746815726707,-0.05094394090929912,0.6659035633973397,-0.6769508307740298,-0.017209052316630002,0.7330012136090204,-0.8999348701308796,0.025057823008223606,0.48235591611057826,-0.859007640993195,0.1518626914049721,0.5562948464312447,-1.1558863563843615,0.19430652408618673,0.5754694301330259,-1.316590140700752,0.18523628783751195,0.5823225224763381,-1.4375439264441618,0.17208579806891047,0.3178487587105681,-0.931118170535725,0.17886061356362282,0.40287471871784053,-1.252281176007099,0.2440589479988338,0.44507251170835754,-1.4206341307126056,0.23367308255967612,0.4788102493786723,-1.526506521502596,0.2180625078269065,0.15687994778457148,-0.9403280531814106,0.18071126626205744,0.23888946243166242,-1.248152217816763,0.21154092750366107,0.29601559043784775,-1.377672036250318,0.19490327067773164,0.3468790714475458,-1.470278123305221,0.17853818947735997,-0.03164614034704515,-0.8966284427364587,0.16906936310682263,0.036911152651439974,-1.1410778074069332,0.18177478327518193,0.09299838633013906,-1.2513072489684083,0.18476816566376472,0.14874880496103673,-1.3378919247982797,0.18655339355728562
Pataka,0.0,0.0,0.0,0.2635500368997279,-0.18029275174003012,-0.10838466458396692,0.4106880749178585,-0.5278666716454882,-0.14227050813913977,0.4428363074073414,-0.8335619686164388,-0.1686770063673104,0.4969537421280345,-1.07038462306377,-0.19212385488710274,0.2120873974042206,-0.9874842689481559,-0.058620474226643855,0.20667130644772247,-1.3625034207319684,-0.12801983522940547,0.19327758156430108,-1.5892558606555471,-0.1884014499687073,0.17497865945667018,-1.7871502648851978,-0.2324667739654518,0.05677409499097401,-0.996709425108077,-0.057853470411743824,0.05955828575862763,-1.4126466372904622,-0.12036047285577778,0.05473232079501477,-1.6750782902520607,-0.17815387930318546,0.04824794487035867,-1.8975577189268074,-0.2195466740683647,-0.08181515511779938,-0.9304537624125401,-0.07369449621452107,-0.08077201610247689,-1.315784941463484,-0.1382234728283526,-0.07189266502796812,-1.5531943776849086,-0.18214565461403948,-0.0593295283309148,-1.7560226622460953,-0.21120249446833228,-0.22082860651788394,-0.7986097372941532,-0.1014339068006954,-0.23147229025246407,-1.0893368254499238,-0.16610932161045106,-0.2138278060375534,-1.2746986411349428,-0.1943985667842641,-0.18552716157949461,-1.4466105233360849,-0.2095977839436512
Pataka,0.0,0.0,0.0,0.2680750049473317,-0.13424614350401234,-0.12588212366908585,0.4337827703655825,-0.44843366904347887,-0.17002353808232035,0.4770074100053186,-0.7467405120379382,-0.20536415716524237,0.4203998842212506,-0.9567828797696737,-0.23984344255064224,0.28102444267948523,-0.9638485263306334,-0.08347160841442763,0.2893329963811145,-1.3470458319366343,-0.16760624060242377,0.28654686834688836,-1.5840896203039794,-0.2410692561520206,0.2804938059660242,-1.7973159985088514,-0.29372534524832283,0.1262306762451944,-0.988591792952292,-0.08217106109849891,0.14583570578769048,-1.4154475669949482,-0.15839788679635577,0.15332395979571486,-1.702677416144001,-0.22907769851942164,0.15900120205263676,-1.9537408547118311,-0.279473351293328,-0.017200047018583933,-0.9379561174069205,-0.09846408070256825,-0.0006573048321581918,-1.3320617162257689,-0.1717878576064857,0.020495129836043617,-1.5823345251097791,-0.22287616721940137,0.04362860823449998,-1.8020327692951719,-0.2561575259597352,-0.161247183754881,-0.8261789201591305,-0.12887468174735237,-0.15342019713514543,-1.1243918081226043,-0.19629922029349128,-0.12260237639476564,-1.3145008742805055,-0.22658829435709105,-0.0823590021613026,-1.4896121308768713,-0.2446002726049815
Pataka,0.0,0.0,0.0,0.2585665371296241,-0.15278607124098706,-0.10436508766799753,0.4323653246639054,-0.45874511706478033,-0.14366133017951543,0.4832450045203341,-0.7521014481713367,-0.17760206876368528,0.3849081220341877,-0.9375356920683071,-0.21268099002075558,0.25931492833858266,-0.9651247149463008,-0.06498444635135762,0.26576058678071346,-1.3396093416831072,-0.1422724585063646,0.2675682361616558,-1.57069460914557,-0.21377922471356794,0.26983105358913567,-1.7788836846002472,-0.2653925663561294,0.11047287666835487,-0.9912946721471337,-0.07162832186590047,0.13314305999221113,-1.4055099871657653,-0.13652632949800744,0.1510050976061962,-1.6772045621710896,-0.20092205330949336,0.16611134160201216,-1.9119561693900418,-0.2488203640821422,-0.03000727378698625,-0.9403250929257222,-0.0937068799368355,-0.013704822119259224,-1.3209031322283127,-0.1565397555368475,0.013227599321966522,-1.5561552772667844,-0.20160866496068183,0.04029360953919498,-1.7589069114567097,-0.2326769429207533,-0.1762869835099545,-0.8260810639234795,-0.12802384237488443,-0.1669956320846716,-1.1165975833137518,-0.1848414488042732,-0.13099933821880913,-1.2951883430740172,-0.20789018617144844,-0.0886916048225544,-1.456658104845671,-0.22247357504043305
Pataka,0.0,0.0,0.0,0.26343762381546904,-0.14039752128611807,-0.11614548274567578,0.46471291780931173,-0.38182617149866377,-0.1619846421402095,0.5411617837464626,-0.6487918042889331,-0.20042796314853917,0.4531156120214153,-0.8408159104339706,-0.23657012946370137,0.2941084455795545,-0.9441598630864364,-0.04730528791639376,0.330682620367382,-1.3050226705605983,-0.11931122980666635,0.3511809359626158,-1.5196399513395251,-0.19176722568660667,0.3740445324041321,-1.7105744481583445,-0.2430988462994991,0.14904630869489288,-0.9878754859911197,-0.043442168940277366,0.1964237597586734,-1.3910808244837325,-0.103335634637907,0.23027915694298004,-1.6488932250681019,-0.16901754951668221,0.26707407985722353,-1.8623326829145221,-0.2169894387790275,0.008767725899777791,-0.9568465640898561,-0.057597709456293805,0.04909279889577041,-1.333083161788117,-0.11730103816591536,0.08801202106921474,-1.5586596984842132,-0.16303017142712026,0.1332182826316168,-1.7387190848889489,-0.19269334811536942,-0.14024785791040056,-0.8626609822999672,-0.08524202971160875,-0.11110311012403556,-1.148074178449959,-0.13566588788782397,-0.06827519016030335,-1.3168749821860906,-0.15495794397388815,-0.018210971041885744,-1.461280655680266,-0.1653383382455449
Pataka,0.0,0.0,0.0,0.2619479611414466,-0.09663797054409214,-0.11303632798411346,0.468427268622536,-0.36341445705263675,-0.1522668827652315,0.5500736890493483,-0.6426704093518216,-0.18450980861437005,0.48023271569369946,-0.8096643223611658,-0.2169947459240335,0.33287141224038613,-0.9339591392699583,-0.05998607679470885,0.3860299623126063,-1.303989896546176,-0.13231602066399425,0.42147778635375804,-1.5167997055945444,-0.20179040562336406,0.4512456176433347,-1.6981783065529044,-0.2502844630157899,0.19000888219951018,-0.9799522795400367,-0.05991789807376693,0.24692186168731758,-1.3989956664665792,-0.12154337388727927,0.28181239879207454,-1.6627177053901367,-0.1883559394317939,0.30639169653590637,-1.8799923518159307,-0.2355704319800052,0.050694098854964266,-0.9514355839990793,-0.07645491132464693,0.09127444154069723,-1.3355150420343038,-0.13765827575989883,0.1275804792865392,-1.588049535488038,-0.19222648732862557,0.16094553028734232,-1.7928073047111006,-0.2278929151435021,-0.09855004123965368,-0.8613646450976177,-0.1056127308854812,-0.07147767152614656,-1.1669156070312043,-0.1603210308156036,-0.03726381078216248,-1.3565204255367365,-0.18653747392918973,0.001856260228343713,-1.5211929910909217,-0.20201666289293668
Pataka,0.0,0.0,0.0,0.2692128147209921,-0.04341663397244686,-0.10572712488505594,0.4891479782224249,-0.2809548756832177,-0.13616819848071246,0.5864799816442314,-0.5580661668163251,-0.16055008403813537,0.5145729830736702,-0.7351750092432001,-0.18421583620128193,0.39750798363086526,-0.8830223744723085,-0.04903779717502138,0.4821409603812179,-1.2392136022403861,-0.1108419456404845,0.5199288467027097,-1.464565644591122,-0.17495118502409737,0.5451666883016122,-1.6688112869751688,-0.22347824141554273,0.26558970848214164,-0.9627410992875243,-0.050908569917258194,0.360452654279043,-1.3596328479100512,-0.10267363830700726,0.4102152454854223,-1.625329707354159,-0.16305873838861437,0.4435961858672522,-1.860369038901276,-0.20879182174908753,0.12550082155239625,-0.9618240929326711,-0.06813756142482788,0.20939169600720997,-1.3265448180181376,-0.11993261687691324,0.2622293794495803,-1.5510471392032377,-0.16674910642127552,0.3014483159984845,-1.7452759914851539,-0.1998131794168892,-0.03649103214600897,-0.8960366776423337,-0.09826918397814224,0.020935519917300315,-1.1728500048777115,-0.14714928875202235,0.07299011231186868,-1.3391861984078701,-0.16951008023131908,0.12353167697449843,-1.4858889199764633,-0.18365300120837755
Pataka,0.0,0.0,0.0,0.283695747168482,-0.07701210550223063,-0.07738962554336161,0.47605352216910013,-0.3484109661409741,-0.08896006989102406,0.537707636024349,-0.6278483642704616,-0.1002380631079579,0.4681709790864518,-0.8187081367267458,-0.11170287344698862,0.3588861047012532,-0.9182230058800482,-0.007847081390321262,0.3968034496467881,-1.2775005003757418,-0.06291318216069,0.398429371115196,-1.4990519094171892,-0.12370332234660718,0.3905243676453302,-1.6887463299468533,-0.16852118258524312,0.20988143929632536,-0.9775711574023506,-0.017447454081661214,0.2595041554176161,-1.3769475496879542,-0.05994548834624169,0.2792356055880814,-1.634922117641712,-0.11582413516165829,0.28497949867537514,-1.8520944969308155,-0.15849165459792128,0.062368985867151935,-0.9601010119980598,-0.04245156651641997,0.09858285081966889,-1.3264072916544787,-0.08800989571215692,0.1260347081525571,-1.5501749092158907,-0.13102636270724924,0.14331306290662454,-1.7369641313005195,-0.16095878775632996,-0.0983228016489177,-0.8750433501340796,-0.07836830291870236,-0.07146438985953862,-1.16586553250615,-0.12105862271874704,-0.04351173608041297,-1.340742897003632,-0.14062126904153172,-0.016619984653758097,-1.4926145957425028,-0.15296627870560123
Pataka,0.0,0.0,0.0,0.287150627332717,-0.09233527077142895,-0.0869711279460846,0.45072722107691526,-0.38094959311736953,-0.1053445066402319,0.49582277301617056,-0.6640413758056769,-0.12189395488746908,0.4427071795028321,-0.8735003171000275,-0.1379995440864291,0.30458431689049825,-0.9351349081932353,-0.02545410963484035,0.3362619840699913,-1.3100868221629747,-0.08653161222222702,0.3285729920653797,-1.5366215248063873,-0.1481223607248735,0.3069336460551446,-1.7307254480174543,-0.19230329466358023,0.1587823291158084,-0.9868454973929739,-0.03039960913849236,0.19669107729766686,-1.3954595046613663,-0.07744264501650142,0.20270440729852995,-1.6609655123267806,-0.1340290331979023,0.19515763391677457,-1.8860965716003526,-0.177125869108524,0.016190807669518654,-0.9595757569321739,-0.05086483281743338,0.043426694654303745,-1.3357841622277697,-0.09771699101700147,0.05891627605179689,-1.5611807756523928,-0.14041030710296412,0.06438522854890415,-1.752649061155432,-0.17114596728875087,-0.1363124671764058,-0.8653382270210581,-0.08244349133843079,-0.1205146320174109,-1.1505796203773215,-0.12522386529550192,-0.09940707478115735,-1.33034293895976,-0.1465576369022615,-0.07612438918145929,-1.4924524353313364,-0.16094250410018948
Pataka,0.0,0.0,0.0,0.2772155349526928,-0.10088896156023042,-0.07986413654694138,0.4465050775575672,-0.4058986917467858,-0.10739189779466995,0.518904257552061,-0.6702693174529464,-0.1351030084501366,0.4969780298722978,-0.8746203751769338,-0.16653995760781196,0.36949885719945386,-0.9277608428729215,-0.06351726295237664,0.3816025627382089,-1.327421279814312,-0.14545246043948057,0.37608474786949,-1.5682766201463196,-0.21756623689464977,0.3600057239727252,-1.7828837223836909,-0.27122408821655897,0.2342411354286525,-0.9681400856119647,-0.08852042196212727,0.2558820185570772,-1.411574956469958,-0.16459383580233952,0.26170845856897496,-1.6917254190074777,-0.2378316971516103,0.2545320588329382,-1.9374325605200193,-0.29135778897527526,0.0953680006655871,-0.9229276032453413,-0.12598562869474753,0.12025526794534944,-1.3416520134805205,-0.20010943060697753,0.13777013807398797,-1.5970567799048738,-0.25474144885636196,0.14853049054304523,-1.8336945578826969,-0.29254775361849894,-0.053451295057313546,-0.8076087645778908,-0.17228230041421944,-0.039892552528546205,-1.1265884228815262,-0.24445594967526144,-0.013914558060811417,-1.321995958107769,-0.2778379195293357,0.013794379870501215,-1.5065877708086859,-0.2988130445841817
Pataka,0.0,0.0,0.0,0.25086094699408085,-0.13382471556939962,-0.12123137153487037,0.4468673610561022,-0.3867769648498044,-0.19123589130810553,0.5255835443957121,-0.623332907385287,-0.2543086833027582,0.4479463923025722,-0.7979779184056793,-0.321157386006731,0.28214710865881754,-0.9482178819879248,-0.1390696114110354,0.30062089987985713,-1.4008623297607394,-0.2468366830265052,0.3043720472102115,-1.67299028396942,-0.329995835744566,0.3065329043164518,-1.9099557926096777,-0.38500442173479954,0.12913504393905798,-0.9795833796191286,-0.15407966381331412,0.16006023471918415,-1.4866945301004513,-0.24665611995605272,0.17505581917552324,-1.811597203920657,-0.32678323368560624,0.19266778270603688,-2.0881378525303695,-0.384074475345081,-0.027878130745130323,-0.9307714216673014,-0.18157702849629082,0.0053358483278680285,-1.4124391706131545,-0.2629865398110151,0.03969530834136365,-1.6998154665255487,-0.3171909758241132,0.07791987380534446,-1.9450623459120961,-0.3540611047822956,-0.19969607989977112,-0.8133622646233365,-0.22073194789776313,-0.17700521720871432,-1.1671742814964503,-0.2930707460581461,-0.13450753275241764,-1.389268100203345,-0.3205223489483318,-0.08418586259329912,-1.5882777920253255,-0.33604027380033175
Pataka,0.0,0.0,0.0,0.24469440801157635,-0.13617590016999712,-0.11952844206363,0.44047670671809264,-0.39701414972318105,-0.1652701920203639,0.517715369486245,-0.6840219541015826,-0.2033636416065107,0.4188248673321647,-0.8878948995573108,-0.23887852030845455,0.3083820457641012,-0.9391057690086624,-0.052477328738674126,0.35767101538462276,-1.316499189668008,-0.12784813459366268,0.3904004413725492,-1.5436371151418213,-0.1993499731817332,0.42359523718325637,-1.7419891154947202,-0.24927215152135276,0.16989714467837055,-0.9842277695432791,-0.049301702708920696,0.22700764825684175,-1.3974015608523496,-0.1104782352177131,0.27406398384232505,-1.6615938086944586,-0.17349848568312767,0.32274150637881266,-1.8804481220634335,-0.2199120301152495,0.030228337496804324,-0.9572295901735063,-0.06498009670762234,0.08272464295817261,-1.335781388153436,-0.12610818214776487,0.1442119782477543,-1.564715251993944,-0.17037367947172963,0.20995464583385381,-1.7444823039637014,-0.19944369450921476,-0.12222870367367487,-0.8688163460870703,-0.09516781858133659,-0.08604118929028176,-1.1556251869448866,-0.15154648203002258,-0.029388374957509896,-1.3371159067084204,-0.17528681662109424,0.03931599629953727,-1.496338512210684,-0.18884040182908216
Pataka,0.0,0.0,0.0,0.23368589608305182,-0.20192409407311052,-0.15493259951148042,0.389989752419995,-0.5014248283098611,-0.2206256089845565,0.40124355072615503,-0.8006161563736017,-0.2721526548315161,0.28361605818038677,-0.9966313327483767,-0.3201013220608149,0.12731775338961004,-0.9911434443113045,-0.10123795246383135,0.09120731423656714,-1.3672718001804514,-0.1923320429163338,0.06764085271876666,-1.6036625575970274,-0.2743512521649682,0.050638539388173635,-1.818508578568392,-0.3313434991303332,-0.03223471972270706,-0.9958322061828705,-0.08531787604807947,-0.06938166955533348,-1.414043058488462,-0.16325280352948157,-0.09003386541821126,-1.6941438776362543,-0.23743830000325758,-0.0957246443625132,-1.9407675410292886,-0.290884700411497,-0.17468998507529265,-0.9248949933916985,-0.08891735979374983,-0.2056566576329676,-1.3087182363712346,-0.16268734154212114,-0.19938818479458512,-1.5566351879592046,-0.21276974554049394,-0.17697056024046925,-1.768045171956616,-0.24496127423402606,-0.3165083030310479,-0.7908321114098548,-0.10920473580029953,-0.3372630914670816,-1.0801668543066067,-0.17356365321411663,-0.32168360240864124,-1.2683465044014424,-0.20017493424752075,-0.29209145567147093,-1.4415571134543002,-0.21471226855444167
Pataka,0.0,0.0,0.0,0.2300497441946713,-0.1791709651645781,-0.14706651904220272,0.3729625271204287,-0.4732158926518126,-0.20449067974742052,0.3834095266170011,-0.7588158184757844,-0.24898056098842075,0.3597176953324006,-1.015875402317913,-0.2886813515591945,0.1824034294985476,-0.9665732049427183,-0.08566313030514124,0.17792667486776442,-1.3461752418986415,-0.17446953792408365,0.17001767975214355,-1.5852100819858759,-0.2527215329206939,0.16310392363811338,-1.7984717176095426,-0.3065405999480377,0.036865909019196126,-0.9967640784567341,-0.07143022224861018,0.03300892124930944,-1.4280130069871044,-0.1500776818652984,0.033295727858758964,-1.711719815952849,-0.22501741912393025,0.03955597515783973,-1.9538959279123285,-0.2767769820691793,-0.09493581194421237,-0.9529839673945997,-0.07713546457052314,-0.10309207463942345,-1.3436667431471152,-0.1519774319160348,-0.0886683554611159,-1.5985558423501238,-0.20389644231651777,-0.06505314962723902,-1.8121950311160564,-0.2356570227480975,-0.2265439254399826,-0.8430018451947647,-0.09885063235791043,-0.23648769416366497,-1.1454870177702412,-0.16530820721093054,-0.21480722521944604,-1.3399227240339693,-0.1933028436913786,-0.181728813381944,-1.509059396906503,-0.20675848837075253
Pataka,0.0,0.0,0.0,0.24498253311063714,-0.14676499486914174,-0.1326899493595637,0.3972887074371629,-0.448685335366765,-0.1807821351026074,0.43392244329095203,-0.7565208702486957,-0.21781735498426474,0.43706004921853797,-1.0253431017468086,-0.24981912955623234,0.2718543125626635,-0.9474873654790438,-0.07336241631462541,0.28409236817328654,-1.314527933001122,-0.15494504325092093,0.2842900731744099,-1.5453052239822547,-0.22671371740642104,0.2811484058087965,-1.7567953259763207,-0.2775292333325379,0.12347895751562621,-0.9901948368515701,-0.06532328928756376,0.14572229318126548,-1.3991416120438962,-0.1357743305044279,0.1587574785304604,-1.6729921939227448,-0.19986268029860646,0.1722025064920354,-1.910411821746462,-0.24546314661466193,-0.016027449815940297,-0.9522087871859884,-0.07697157060890847,0.0009399328006452159,-1.3343074262976624,-0.14624401061389875,0.02621781540392312,-1.5792298356203571,-0.1891682793725616,0.057165755596278414,-1.7903390327479887,-0.21635657901943484,-0.15590642156084897,-0.8457506637124166,-0.1035921211086636,-0.15094566511299923,-1.139437018814758,-0.1681635735167849,-0.12210111466480385,-1.3297577453987368,-0.19381033985519258,-0.08132492960002295,-1.504832703935707,-0.20688062763305354
Pataka,0.0,0.0,0.0,-0.2847326098319567,-0.15265888214832182,-0.08714555085989538,-0.44923984126416167,-0.4798990804395714,-0.11870946917989048,-0.4628879897893945,-0.7983395582335506,-0.14402198411076683,-0.4743338389942922,-1.0514581428950156,-0.16103493392170756,-0.28539967013290446,-0.9697777409931647,-0.016658699353008403,-0.3011177062454904,-1.347823768417258,-0.07563714829903372,-0.2864239525445019,-1.5706492863100292,-0.1375529437430338,-0.26227131536535375,-1.7662743279690454,-0.17991635675300738,-0.13777480303392164,-0.9902452253889789,-0.020796568065294105,-0.15412014960316053,-1.4054086570883844,-0.05302508494350001,-0.1644287847196231,-1.661176792629502,-0.09619893985854738,-0.1631683724382742,-1.87782042000242,-0.129673993179968,-0.004886861652247482,-0.9420663081516198,-0.0427855143588622,-0.01099201654553145,-1.3048002217141381,-0.06741485763323375,-0.02800547639172595,-1.5304277087636924,-0.08477370594955261,-0.03648956733065528,-1.7156043327412092,-0.1025087587369744,0.1379814495754544,-0.8392358301568918,-0.07916727504434284,0.1352758277233859,-1.1119653032318173,-0.0952378031019183,0.11269554696790043,-1.286624539599323,-0.09130970078390727,0.08769921276249429,-1.4410408387046802,-0.08940184810613108
Pataka,0.0,0.0,0.0,-0.27719270585537137,-0.1340300975015767,-0.09053548833802331,-0.44749863927681927,-0.4424158246201727,-0.13317580727935086,-0.46740399354946005,-0.750455487762146,-0.17157322932943891,-0.4951577370203228,-1.012043004684022,-0.20345859550345607,-0.31756256406658506,-0.9349690029769321,-0.038728032954417166,-0.3480012406276806,-1.3057770879775488,-0.11708248889850562,-0.3474864170575196,-1.5362992214300473,-0.1892867115711323,-0.33461929912424787,-1.7397728235739214,-0.2396472645565303,-0.17317724973365803,-0.9835544093121827,-0.05128707534310644,-0.20955829337481724,-1.3899050804797337,-0.10803275569501687,-0.23312295377063555,-1.6446418123829116,-0.1613062307745367,-0.24613399800282676,-1.8678423963176485,-0.2002269794617268,-0.03734980915596425,-0.9535034525767478,-0.08202143166277766,-0.06824242766170383,-1.3194994859394644,-0.13155530963766104,-0.10239087800923438,-1.5494667421208042,-0.15768297298225736,-0.13161085396129735,-1.748703997822456,-0.17872208063973077,0.11076957820866992,-0.8545812250739405,-0.12645891844528037,0.09765252518117065,-1.1339277519443112,-0.1672390517225292,0.06241915358594086,-1.314633762342227,-0.17531200867101332,0.017640450993540377,-1.471711426959738,-0.1797924991098603
Pataka,0.0,0.0,0.0,-0.2658326121432225,-0.13134359109938815,-0.15117285849878825,-0.43129309719454506,-0.4378938611245649,-0.21530165308197408,-0.4351527612532638,-0.7652162112279353,-0.2615085617783255,-0.41324345137667234,-1.0418757012225228,-0.29739676731342696,-0.24716617768016516,-0.9538772272448339,-0.0897795452321278,-0.2740111691896292,-1.3290722031097235,-0.1726360980159158,-0.27552088772479405,-1.5654665390414875,-0.25061038403795893,-0.26971752967562035,-1.782731094167038,-0.3070618481284128,-0.09428658892378998,-0.9931444573559134,-0.06909505027383932,-0.12370523879429138,-1.4060716913230384,-0.12578779054666733,-0.14911599769534878,-1.6626231029006258,-0.18347018134210769,-0.168681400922527,-1.8974559781256106,-0.22885086225830525,0.038794550962433366,-0.9489700930169899,-0.06994991552745708,0.023612272384257383,-1.313902276774108,-0.12081628741036947,-0.00845963918822646,-1.5361007293197169,-0.1512075991809895,-0.04368000014222682,-1.7309172795459011,-0.17630370185871214,0.18332594520790518,-0.8414015494093778,-0.08933066988424916,0.17860025169856006,-1.1251786760615698,-0.13148343532512474,0.14662441312376853,-1.2925007813138902,-0.14410955455255728,0.10037267608045816,-1.4469043623079445,-0.15281014825017455
Pataka,0.0,0.0,0.0,-0.27424129612472614,-0.17851650924922743,-0.08282833467539057,-0.4401642600422573,-0.4864661187392267,-0.116921136129707,-0.4620065691545633,-0.7875730272670355,-0.146636344031075,-0.4713814945529451,-1.0353677964490107,-0.17037163941501002,-0.2717722887410686,-0.9563962097132013,-0.020246765090636543,-0.311193298254491,-1.333402410721137,-0.08259031702285499,-0.31558824584206546,-1.5560949009104141,-0.14599235436929908,-0.3092997840387271,-1.7497092499797502,-0.1890902733859939,-0.12169473353858769,-0.9921661619555027,-0.028225855159047342,-0.15954131145916453,-1.3962769467245904,-0.06625938703876241,-0.19110923711903757,-1.6319862912589744,-0.11536633213735856,-0.21483443344258665,-1.8306645442261023,-0.15244338890525794,0.016850341860500898,-0.9557509597976841,-0.052413268701460805,-0.012602537412444678,-1.3299554464342738,-0.08850937972113301,-0.051547784108091285,-1.545343914670241,-0.1129497444971544,-0.08501603616611329,-1.7196175923645534,-0.13258478730349457,0.15443680695435746,-0.8628005023203433,-0.08853191952959974,0.13022222344826243,-1.1738891654533992,-0.11787415193015524,0.09803139183109534,-1.333180061088087,-0.11581747743104014,0.064541340789441,-1.4599121310131649,-0.1117747196727756
Pataka,0.0,0.0,0.0,-0.25213902596281834,-0.16490220490532181,-0.09611708736815436,-0.4151050924155238,-0.45303689762152133,-0.14071865981396312,-0.4198682387660484,-0.7562382361812218,-0.17843716389490352,-0.40479584968624355,-1.0034066914683972,-0.20593339186838766,-0.24521909403469652,-0.9587456832050241,-0.026747879317110163,-0.263499414499362,-1.3172065715907366,-0.09260209318648323,-0.2558611773423377,-1.5294059970047762,-0.15899983174680155,-0.24046556426589022,-1.7144371766464703,-0.20613777762081012,-0.1027331411147161,-0.9943172854173555,-0.027911245707867037,-0.1217411162627324,-1.3747324291750265,-0.0742471774316835,-0.13933812517085914,-1.6030892478576007,-0.12274936731652152,-0.15322954459020358,-1.7951199633538626,-0.15849716500656827,0.02539258402715312,-0.9551225024790221,-0.04760093590959774,0.009702863826487858,-1.2998275385348912,-0.0897946022747359,-0.018727758641836047,-1.509138583560751,-0.11388811299720084,-0.049141533962287966,-1.67812696753272,-0.1319307402779716,0.16051784502358998,-0.8523399428193649,-0.08109124521513877,0.15192382649467534,-1.1327817040700172,-0.11731182478209286,0.11410474899659777,-1.3000294199691578,-0.12488351385799022,0.06487185750798602,-1.4416190273348124,-0.12715454642985527
Pataka,0.0,0.0,0.0,-0.2502241237916364,-0.1676123243626441,-0.0992090245653944,-0.3853792490750406,-0.47557589962493396,-0.14308693798511124,-0.38988846769036595,-0.7790139302559663,-0.17963587853879842,-0.39712588500113943,-1.0246387050302714,-0.20663391424923608,-0.2210750342878168,-0.9754454506599982,-0.02421104312957954,-0.22234198709445668,-1.3355215338521418,-0.08598040634905275,-0.20621997889852636,-1.5524588675814046,-0.1520713739263824,-0.1844777734493716,-1.7410436459808627,-0.1992745746562581,-0.08179549863238195,-0.996357862737392,-0.024093687240777595,-0.08607291480662023,-1.3790964799297116,-0.06307998559968263,-0.08711858938079052,-1.6225884158870882,-0.11120803910968488,-0.08159068134159608,-1.8302500764404546,-0.14863970609402063,0.04545891434584604,-0.949375096954039,-0.04281398171560463,0.04453089502698884,-1.3008332025460012,-0.07796208938572025,0.03616495873062048,-1.512261652767032,-0.09998140702988961,0.027306003738249752,-1.6882787720424781,-0.1187868101389087,0.17690870864139677,-0.8438361741261675,-0.07610463402761505,0.18346502075856874,-1.1148605866956964,-0.10394308851274474,0.16938524873743088,-1.2782270675099545,-0.10716002201158495,0.14917606967688551,-1.418969940403346,-0.10847630704611916
Pataka,0.0,0.0,0.0,-0.27681288787930874,-0.10574727553672571,-0.09089011719521295,-0.46789372710718596,-0.4020965344314275,-0.1270165836708472,-0.5113450613181861,-0.71573876764688,-0.1579294007833161,-0.5312900260573364,-0.9751643951460922,-0.18358388249406968,-0.3431885264651511,-0.925472272282965,-0.02507965871738363,-0.3778778091333082,-1.286913980799651,-0.0913295676074854,-0.3867972329075678,-1.5149054722699116,-0.1586358286310032,-0.3845860344965935,-1.7156026159542292,-0.2093447714203756,-0.19557162620273322,-0.9799965712875144,-0.03685728271500992,-0.2387455310160815,-1.3781304080361074,-0.08344286010203787,-0.25711951903114644,-1.620926870016238,-0.13537793506141368,-0.267421971408545,-1.8360770494819605,-0.17679439702437588,-0.058536729307700534,-0.9535433100627388,-0.06783872787952674,-0.08854627848366256,-1.3159347431480848,-0.1145703012390735,-0.11354587456050781,-1.5376490668976552,-0.1448784099363446,-0.13858241130388702,-1.7369782203245006,-0.1719335949863786,0.09103528069093601,-0.8641159467624221,-0.11213830122585201,0.0715922597382706,-1.143043126202828,-0.1527497358973654,0.04705641878588525,-1.3191076468844325,-0.16497890611356217,0.013255958506426524,-1.486557816289555,-0.17592944254944304
Pataka,0.0,0.0,0.0,-0.25931784321170454,-0.11513361074447251,-0.05047363075604459,-0.4432851185515447,-0.4199196891684262,-0.07159524262985907,-0.5048377749265368,-0.7134761581829102,-0.0952822010965262,-0.5669217853804988,-0.95170395510965,-0.11632517111536171,-0.36333504527913385,-0.9140402815052487,-0.0020686716440602676,-0.4211116227351241,-1.2784867741465613,-0.06214974282742655,-0.4314189969040829,-1.4978154306305071,-0.12284939887835157,-0.42330881750687416,-1.6908501934845666,-0.1670994714546241,-0.23580099575487032,-0.9712980827414276,-0.03127179022439175,-0.29267674451910985,-1.37688651080828,-0.07250054613688729,-0.3131357209089877,-1.6324654039736908,-0.12350909398535752,-0.31822515811194835,-1.8531115912044893,-0.16442471109294976,-0.10724886528448914,-0.9503511096043907,-0.07512261403690663,-0.1521504921298387,-1.3317220188006131,-0.11340474188318839,-0.1796762903115372,-1.563878277511925,-0.14586898248746885,-0.2047821809557128,-1.7635948466325062,-0.17491896927022274,0.03179126466882411,-0.863234317312612,-0.12838518378762792,-0.004601077632941287,-1.1517006234784146,-0.1614928453818661,-0.03947355497273704,-1.3367717269003665,-0.1740211792199274,-0.07664100784514487,-1.5037098508196116,-0.18546170965220882
Pataka,0.0,0.0,0.0,-0.3043305491278024,-0.09126725012674866,-0.07696616613503082,-0.49369278678741835,-0.39823718863017743,-0.10336303965575497,-0.542683894811939,-0.7125428624937498,-0.13008694603216503,-0.5928719045440531,-0.9428581971858502,-0.15272989449624183,-0.38431715224302754,-0.9120484407465005,-0.004040147337369985,-0.43649356917674814,-1.2902669490954441,-0.07239135303133475,-0.4400383473826241,-1.5229097022014733,-0.14063618687863977,-0.4241940057915099,-1.7210322546531065,-0.18942274370901924,-0.2507544137821075,-0.9677576427047621,-0.023819507873041386,-0.30763106077143276,-1.3920831583993902,-0.07338719476135618,-0.3254827851786266,-1.6563784817213534,-0.13045814166559744,-0.3247447523732111,-1.8795199074654891,-0.1729168054595392,-0.11759235728054736,-0.9392344478094284,-0.0627262794587671,-0.15797569666377625,-1.318961932600555,-0.11344261180697075,-0.1806798118351314,-1.5498939154642382,-0.14712618799653376,-0.19194619748640243,-1.7469881675078118,-0.1733099119978086,0.03732977757232814,-0.8452801320756896,-0.11413192323975657,0.007863138844907002,-1.1396955668484934,-0.1562276932315979,-0.023672197652860175,-1.325495533157641,-0.1675644962022029,-0.05540399105921981,-1.4947677392606644,-0.17631791750927497
Pataka,0.0,0.0,0.0,-0.3036897791425252,-0.08642329853745205,-0.11903559232579898,-0.5072016525860511,-0.3555976296365477,-0.17776375115150767,-0.5713026738946999,-0.6617830234139923,-0.22967204495833093,-0.5698382343885906,-0.9468967549278317,-0.2717859039613825,-0.3694455098113799,-0.9144552423832158,-0.032535042838537,-0.40333000552254716,-1.2931479321228931,-0.11701854124787246,-0.3926018948519513,-1.5146028911781457,-0.19703775045374758,-0.365353200684784,-1.7103816456789847,-0.255209610822846,-0.232428310367242,-0.9718752442421849,-0.03788918274419076,-0.2681096415225464,-1.3778200859888756,-0.10248798152547313,-0.2710584400566138,-1.6313019714574508,-0.16638281805047744,-0.2606295950807337,-1.8518818901523293,-0.21510709155113747,-0.10060197872422919,-0.9420817868275846,-0.06786286528367633,-0.12762685903537407,-1.3079205332459738,-0.1333682941566618,-0.13531230707488334,-1.5294487866842892,-0.17025726848967485,-0.13677784008590133,-1.7283177269484589,-0.19843009252135616,0.047466388205529175,-0.8481831705181948,-0.1136902078479607,0.024727042293748558,-1.1314508293128234,-0.17017281740112553,0.0035613977163771963,-1.3110742014023766,-0.1887319600350081,-0.018246813988637006,-1.4830938723328853,-0.20197687569240086
Pataka,0.0,0.0,0.0,-0.2622124052728796,-0.1494864004610324,-0.08316532968792605,-0.41359559911533583,-0.4580896400297589,-0.1258943704952116,-0.44559818075686247,-0.7387921893834617,-0.16691117970902267,-0.47173665863528175,-0.9872030254660574,-0.201121149349995,-0.28857763130354064,-0.9558404931816302,-0.020280647476900334,-0.3151570036257681,-1.3236798740503428,-0.09741516100128425,-0.30369121633596413,-1.5474764031235588,-0.17277142895266842,-0.2770084404842674,-1.7442185863583033,-0.22717605100569616,-0.15194077639572323,-0.9875573567901478,-0.040552034695212416,-0.18289783030076837,-1.392478864784881,-0.09730623171236545,-0.18095031656362415,-1.6464554562902614,-0.15933491546903605,-0.16760076445264302,-1.8726171526411075,-0.20663525990132137,-0.01968712171851358,-0.9419064195511078,-0.07943235559919566,-0.04693547362878146,-1.3107161721384593,-0.13305268250501223,-0.05199118083055316,-1.541415221051741,-0.16930920285365067,-0.054499719164173656,-1.7464010124328222,-0.19852840896761834,0.12779925251145435,-0.8309035413951248,-0.13079696366744603,0.10679527902232523,-1.1175496175254915,-0.17672738912575275,0.08389596293031504,-1.3031361671655635,-0.19136967025824628,0.058378133801815606,-1.4775231616017466,-0.20244066088127227
Pataka,0.0,0.0,0.0,-0.2649322555485487,-0.1523866773313748,-0.09798758762254477,-0.41086166668403173,-0.4658818343942993,-0.147101687309285,-0.4196457247719609,-0.7703698986140937,-0.19119687696077053,-0.441414194084867,-1.0335594569143396,-0.23059056385145227,-0.2684363614021416,-0.9544351343294495,-0.0568006893166934,-0.28234432824730876,-1.3515367924911585,-0.14410413080746753,-0.26364613851117785,-1.5909257357079098,-0.22177705270159864,-0.2331018117668001,-1.8000436303940615,-0.27618336951292255,-0.12224568428205752,-0.9897972889914576,-0.07319371133897198,-0.13965001833317467,-1.4265815772439931,-0.14006825280838248,-0.14006432473757963,-1.6904731579378753,-0.20544481010453414,-0.13220751834035668,-1.9221299216351158,-0.2528804534248506,0.015267889790654752,-0.9457241891364153,-0.10717342012578546,-0.005768411053468795,-1.3519983392968462,-0.16751146088761704,-0.024516959750380447,-1.6034045937876176,-0.20827446971560637,-0.03686345230473336,-1.8275119024514828,-0.2399648959510099,0.16192461830236807,-0.832001874468704,-0.1539515166197492,0.1443856086818235,-1.1358188708854338,-0.20814766273380092,0.12235102229176406,-1.3346697746913074,-0.22612117720660949,0.1033161436320646,-1.5177079648120246,-0.23758569493407744
Pataka,0.0,0.0,0.0,-0.2598520421524686,-0.13295391305748921,-0.10172385890806165,-0.4238353588717556,-0.44006725241122235,-0.15092656754356146,-0.4510876281049056,-0.7395719269354286,-0.19355031186848587,-0.46240842304771673,-0.9953217002277177,-0.22789706574655239,-0.2903890606963307,-0.9509756660029637,-0.0481524737527383,-0.3174139276804226,-1.3340413565420997,-0.12534657946502328,-0.3139052746167918,-1.5686096542407337,-0.19759217524290437,-0.2993579633957817,-1.7790359586288185,-0.24835759721239353,-0.14744208840827275,-0.9875566187643474,-0.05470608101972302,-0.17543491027582436,-1.4107696967421546,-0.11170685290881009,-0.18555730100883505,-1.670483830433904,-0.16568160197284576,-0.1875296628484322,-1.9047924494352264,-0.20523765892293008,-0.013443027842829712,-0.9493325013646084,-0.07949203038276136,-0.04009637710786493,-1.326268149539309,-0.12584017777113635,-0.06436307487757481,-1.5597440136047507,-0.15057554706196638,-0.0831628645833283,-1.7626895175544666,-0.1711418233949874,0.1363612225877929,-0.8465437505677821,-0.11900812265718927,0.11782099872463672,-1.1401043672965097,-0.1522108259771688,0.08818196514144722,-1.3255113458260666,-0.1556882606054916,0.05433006507818893,-1.4886405780684941,-0.15824221921457804
Pataka,0.0,0.0,0.0,-0.2661549571616246,-0.11532672601176654,-0.12584098573359334,-0.4333069362011943,-0.400579221398419,-0.18559776236921888,-0.45420340366836987,-0.7080055722194055,-0.23493215296976336,-0.45143243628988716,-0.9807377835566815,-0.2732738320374588,-0.295471834370324,-0.9370831085906375,-0.04867324055195424,-0.32936001967807044,-1.3153099225350036,-0.1278210253000902,-0.328163791719875,-1.5510543419613503,-0.20560904173139,-0.31580700392043864,-1.7681912414196843,-0.2612522703620006,-0.15071860632615713,-0.9875726325433898,-0.044544328016257,-0.19211303385417916,-1.4039030120871256,-0.09732704860632234,-0.21499615719293008,-1.6657339051190372,-0.1550882300070664,-0.22955132262645425,-1.9021611272294867,-0.1999371480397824,-0.018831709789873332,-0.9566904257705148,-0.06210907419519544,-0.0524415986031173,-1.3298208616448028,-0.10611894182365454,-0.08577154419703922,-1.5598586738322302,-0.13209936341026066,-0.11712024458664998,-1.7609912900158435,-0.15514833546297968,0.13220283245523298,-0.860741416449501,-0.09714821723150018,0.10530428826723162,-1.1508235204854658,-0.13231556955732635,0.06812853448047203,-1.3323434088219375,-0.13878375761948344,0.02290264879018261,-1.4986480303186518,-0.14351196036629238
Pataka,0.0,0.0,0.0,-0.2521196962776781,-0.13982242094636343,-0.10603220961918836,-0.3930429260568626,-0.4676340984106955,-0.14519517967633955,-0.434262518155206,-0.7822044104878152,-0.17709423171243507,-0.5468194005120709,-0.9997004561311305,-0.20174885237723036,-0.2666886455597775,-0.951017924218798,-0.027370537028288306,-0.2927644945010227,-1.3297329814111454,-0.09321895691297108,-0.29474449641314626,-1.5612710233226381,-0.16204606767760496,-0.29187521731865,-1.7749756807256003,-0.21208208262744793,-0.1270763491797131,-0.9915304565321063,-0.026813340865860145,-0.16211790380642516,-1.4049965054743303,-0.06820848320109911,-0.1878884154872671,-1.6630651190213248,-0.12020816469551959,-0.21146997325981082,-1.8858362058834428,-0.16073488510733344,0.0039682118151182205,-0.952331202758167,-0.04510671180922169,-0.029829011395541758,-1.3274462351544691,-0.07996889984971135,-0.06502323465245546,-1.5491464137219393,-0.10092778468205438,-0.10184779941038576,-1.7358932149360549,-0.12019542765254289,0.15305651639880427,-0.8499963177180903,-0.07926924924214988,0.13291058909085968,-1.1372570025690327,-0.10825461841884937,0.09421624401250282,-1.3131910656376689,-0.11070285689591358,0.04741310749561736,-1.4690347812222588,-0.11209261632164891
Pataka,0.0,0.0,0.0,-0.26355446323989595,-0.12615441127925153,-0.13595048935181236,-0.4368498692131592,-0.4270738876092134,-0.19731407006381138,-0.46636179628356994,-0.7402788830966471,-0.2454859640200872,-0.4069350380997377,-0.9840126175450783,-0.2828852599928305,-0.25634592595611866,-0.9571546284462769,-0.06648660409558638,-0.29280568769424087,-1.3471315355519513,-0.1410458114224314,-0.30419524012901966,-1.5841693419841836,-0.2137489633331277,-0.30562189671309503,-1.7997661296545289,-0.26739767378097834,-0.11384470321925813,-0.9921139452310155,-0.052433798518403955,-0.15748490402105683,-1.4175969849178252,-0.10550483857544818,-0.19223067433302923,-1.6817544603943195,-0.16136542105763174,-0.21977377133759315,-1.91583841089691,-0.20402177184506343,0.01898315750011169,-0.9502793604861302,-0.05876428169480255,-0.018909124798454757,-1.3297226113745315,-0.10375949625480545,-0.06124923317280612,-1.5563924189219112,-0.13339181045465356,-0.10359520552352634,-1.7455641744153563,-0.1570678746470708,0.16737327850540595,-0.8443713049497835,-0.08269032842148631,0.1453743268252562,-1.1374103300370355,-0.11891389713227192,0.10163541575458156,-1.3157700126018608,-0.13087659217402023,0.0499943078621625,-1.4744377295229876,-0.13870834492547932
Pataka,0.0,0.0,0.0,-0.26054577482958996,-0.17118498145846373,-0.1502510180988171,-0.4321722425221293,-0.47742669567431023,-0.23103466665925018,-0.45262238233378943,-0.804268779383722,-0.29724757505858546,-0.34873805984708967,-1.0513717336538277,-0.3519682081526843,-0.2152928140252426,-0.9748632885493995,-0.09220470340306451,-0.21713984319383162,-1.3748826482742396,-0.18560271738662298,-0.20365971393850998,-1.6105748622848035,-0.26693600076319024,-0.17625025872998476,-1.824671310796861,-0.32582821241060567,-0.05522209305673305,-0.9953074589697256,-0.07945805533526074,-0.0654581068466754,-1.4370556000901147,-0.15172009463328356,-0.07088478101854113,-1.707113351285763,-0.2146819854585097,-0.06932826222820583,-1.9540106102794854,-0.26151675723991213,0.0895013227921137,-0.9389802823422896,-0.08885097809837303,0.08394456563409498,-1.3320224184962626,-0.15536266697020598,0.06604310719740546,-1.5703884223751718,-0.19059849166685694,0.044551059873326894,-1.7793800463981206,-0.2158173357087108,0.24531437539166195,-0.8161824408631516,-0.11566255368345936,0.24483956005597163,-1.1187646694666293,-0.17040536213364654,0.21777931424048422,-1.3064783980796062,-0.18797073140200107,0.17851439911803563,-1.4796220860695322,-0.19858931477717584
Pataka,0.0,0.0,0.0,-0.25064946262513316,-0.16632145573550097,-0.14238313975081793,-0.4118467129447992,-0.4694187081867128,-0.21961618076827566,-0.4425095546436608,-0.7827983776430739,-0.2829669432081645,-0.3635476762832069,-1.0266450079668623,-0.3343497578194899,-0.22746318627534234,-0.9787471985064564,-0.08011787890304675,-0.22535389060221092,-1.367990761096363,-0.1635120711337743,-0.2120540533314838,-1.5982681293991396,-0.24121629164887104,-0.19220563125777465,-1.8042391858061513,-0.2974977925473782,-0.07877290445682342,-0.9945103151755939,-0.06887715537663372,-0.08282511660532464,-1.4101492870367263,-0.1280861827046167,-0.08543103934886656,-1.6694303837624687,-0.18494685837736205,-0.08571381551625563,-1.8979142117008971,-0.2277507170754354,0.06251430186403659,-0.9390843605325175,-0.07898340785054535,0.060647613992305165,-1.3143979446102434,-0.13033686646144266,0.054396412035253715,-1.5323868740166147,-0.15465692917567825,0.04236849694439689,-1.7219210807067629,-0.17359535802911974,0.2117048624226014,-0.8228606169833815,-0.10678751287312085,0.20951157834785644,-1.1153394988229899,-0.14875446166880477,0.19137715870924976,-1.2886509349286484,-0.1558574155683066,0.1638275936038945,-1.4442745962379766,-0.15857036361370083
Pataka,0.0,0.0,0.0,-0.24907445147139765,-0.17612224186261102,-0.07295873615376886,-0.3909658890788239,-0.5152455618207317,-0.10452474852270553,-0.41305706836015854,-0.8116893910522383,-0.13687830149465444,-0.3961964410767047,-1.0495550088093835,-0.16225119783458608,-0.26232652165012826,-0.965641998687326,0.003567719253969396,-0.27444481043464664,-1.3395867204747727,-0.05877420782564903,-0.2567611840981149,-1.5633436348683156,-0.12334203586696457,-0.22840546256020758,-1.759344019041018,-0.17153534799053444,-0.12293853025762752,-0.9922913436666283,-0.015620725411186177,-0.1389060009487772,-1.4080558855521972,-0.058208613598380775,-0.13827347183587965,-1.6558661678056885,-0.10886556105235483,-0.13181927456302475,-1.8738346036671236,-0.1489315723168038,0.007126583572768015,-0.9471392256652346,-0.05281991543152733,-0.009309246107809921,-1.3252841393074164,-0.08882805481769318,-0.019619663266416,-1.5454647972161966,-0.11020874084638026,-0.02702450630838561,-1.7345592940245311,-0.13185248060517052,0.15173853348797411,-0.8393007907352285,-0.10313435870558407,0.1401063097666697,-1.1246825466381292,-0.13064130922213646,0.12112080546094744,-1.3056707731802129,-0.13293543112123954,0.09642312913357454,-1.4709165961950004,-0.13746474110481582
Pataka,0.0,0.0,0.0,-0.22680923840059608,-0.20982434293802218,-0.06899779739600172,-0.36956961092985935,-0.5095388426140115,-0.10904981626413081,-0.3795014872809065,-0.7907327630491998,-0.14962220649677022,-0.34141394207661724,-1.0094764919213859,-0.18258253115063847,-0.21308097579948215,-0.9703759387993615,-0.007751965755214394,-0.22639161521305468,-1.3298382405893552,-0.07568753899539492,-0.21148759067626027,-1.5421559026321785,-0.14402632423728207,-0.18870772067330363,-1.7293473458092041,-0.19208247218120683,-0.08104115091967141,-0.9963806153613818,-0.025651533866210337,-0.09048657646986485,-1.38935394357125,-0.07065625016540826,-0.09584426279033124,-1.6290285119022967,-0.11838624319737764,-0.09720270252675782,-1.8378618407087925,-0.15452395839474764,0.04429238041943383,-0.9551161324268364,-0.060026406669190055,0.034438129196182485,-1.3123824193514866,-0.09460601170375581,0.01890223611913026,-1.5193077225167615,-0.10992442504776678,0.0030444575121514354,-1.6872890165677334,-0.1246308693764684,0.17925298010777468,-0.8500564732150132,-0.1072574520633257,0.17439416460860932,-1.1194257579330666,-0.1281713999709399,0.15085563835666166,-1.2825992103187926,-0.12286053939162617,0.12104655428136897,-1.4206816338966546,-0.11926347991502753
Pataka,0.0,0.0,0.0,-0.22045238124433159,-0.23609536336251938,-0.07297622235100143,-0.33078356513190593,-0.5865502029501718,-0.1124206419926847,-0.3075354186584732,-0.8765537751407886,-0.15250965910130668,-0.23258290750283744,-1.0789320983195743,-0.1863769296850317,-0.1163634781170613,-1.0100993757812657,-0.020745801624515732,-0.0772760577683727,-1.388715742335165,-0.0947456106421187,-0.04786323425254663,-1.6225598370575114,-0.16587773958434496,-0.017818422288899093,-1.814563861907632,-0.21587236565546364,0.015478137619357948,-0.9990641778157539,-0.04038806582603304,0.052298312091833096,-1.3990948591953343,-0.09697463320016599,0.07192190844637955,-1.658429746395963,-0.15095045204843252,0.09241740539627522,-1.8754394136839636,-0.18803998877216865,0.13854292502423407,-0.9271262921333339,-0.07582502059856747,0.1693713823746265,-1.3013626135498637,-0.12527183194407968,0.1804504543375193,-1.5325717323601455,-0.14907634445149565,0.18809467415864078,-1.7237822211535916,-0.16536817987776978,0.2624785985967743,-0.7897735443906513,-0.12312737936906186,0.30185462362187576,-1.0687254341658732,-0.16255501340264314,0.3064236059155963,-1.2511038083189376,-0.16641744681368686,0.2965841645839039,-1.4052699341215,-0.1654721111641955
Pataka,0.0,0.0,0.0,0.2437922245937503,-0.17540020536957718,-0.12105088984245431,0.4058338194360668,-0.4528033976161224,-0.17023668850689824,0.4498474786705837,-0.7242487535865846,-0.21299787182923502,0.3772596749413993,-0.9565918233397325,-0.2537829540775472,0.25677683688837916,-0.9657692852117564,-0.06268993657583094,0.2854502960779454,-1.361053270504975,-0.14824359633345716,0.30103695337892117,-1.5999704503514987,-0.22673928496750753,0.31516865039963043,-1.812152375685743,-0.2805437233190094,0.11671044777362974,-0.9912048239931636,-0.06238323711671603,0.15688690082261186,-1.4124316370751535,-0.13494154454486207,0.18394963247359675,-1.6800410936323822,-0.20588806676559543,0.21265314742609284,-1.9059807177547041,-0.25516628690104876,-0.017051810405192356,-0.9494317565464542,-0.08084998381678413,0.023389917420953494,-1.3441141038721545,-0.14979899839973224,0.060447627695655065,-1.593632866044658,-0.19491199616737087,0.10422632927039843,-1.8027459673065314,-0.22305175321443274,-0.15612374579865315,-0.8451129077971238,-0.11338305216952557,-0.14717523043381683,-1.141886124511366,-0.1730336712712914,-0.1104510084504068,-1.3295462062572716,-0.1920473225977704,-0.06335232116698282,-1.492129850250167,-0.20030083111416078
Pataka,0.0,0.0,0.0,0.24765870111249602,-0.18289882380804817,-0.11226231173667713,0.41081235780106873,-0.47602030440964677,-0.15173211671440848,0.44471014345296705,-0.7807322212695044,-0.18510004220218337,0.3481874692993148,-0.9719100523800748,-0.21559889980285873,0.231115582283881,-0.9760078043660153,-0.03108793777896501,0.24023408075291372,-1.3376594246331441,-0.09927424120001987,0.24011817639033115,-1.5590950355320672,-0.1690581064498577,0.24088895127433488,-1.7574713321484001,-0.21987803776710926,0.08250672708817715,-0.9961842966321748,-0.02845148728372552,0.09453131542879285,-1.3960547824552896,-0.08680606180192858,0.10475764649665673,-1.6535692686059296,-0.15159747031195706,0.1198081432900618,-1.872056168141588,-0.19890725812312945,-0.055957995630762675,-0.9433306025549727,-0.0443965970915004,-0.04835669179163376,-1.308795541588046,-0.10465396774044013,-0.018869360702399723,-1.5347481607788365,-0.1484534421575723,0.01880249280090977,-1.7175030283241648,-0.1770491604538296,-0.19702404281010444,-0.8283852235352146,-0.07417436863903532,-0.19479489530384902,-1.1067496650118982,-0.12843856091105044,-0.1639995628244944,-1.2848353046522107,-0.14979111278121984,-0.11926232724863159,-1.4444471371277179,-0.16158890748928212
Pataka,0.0,0.0,0.0,0.23851041907137002,-0.07174329984316928,-0.14887653031376635,0.4533848698708313,-0.33154519711537206,-0.2013981532106619,0.5724572163051296,-0.6230348785936384,-0.23959776749433567,0.5388114567551426,-0.8755276241256623,-0.2736360856261754,0.3454573331088802,-0.9166454567164409,-0.08671530953851825,0.40306753129491457,-1.3102385596307746,-0.16880668133878002,0.4278642700376407,-1.554302843211098,-0.24442528913673991,0.45155355269931985,-1.7701577999455373,-0.29851632883480705,0.1995777757244016,-0.977280210015464,-0.07135896964664813,0.260761089130219,-1.4155013696146388,-0.14223648000467937,0.29980976280848404,-1.6913926504406893,-0.21666256519662175,0.34678306869590947,-1.9252640168652564,-0.27130768330360083,0.053036255664745124,-0.9527030354628109,-0.0753665635660895,0.10425193878855682,-1.3566647068849593,-0.14836154717752836,0.15855226520397026,-1.588665573273244,-0.2027787360491609,0.2173678474356135,-1.7756618537486044,-0.23832252875128662,-0.1011992082176665,-0.8657000244095596,-0.0952363417381745,-0.04813150699006116,-1.1705747126409645,-0.16197626420532113,0.004858646034241747,-1.3474841207927957,-0.192809076550239,0.06262332748220122,-1.4979537960391618,-0.21065195169732148
Pataka,0.0,0.0,0.0,0.24923834165601627,-0.16835373291019917,-0.1199763917953808,0.4129485782751905,-0.4535559259933467,-0.16680449109383444,0.4650254003203472,-0.7478923743988733,-0.20524848720624453,0.40660684217455045,-0.9882505839317903,-0.24037803160935528,0.2501817069322586,-0.9588974806488572,-0.062474333171099815,0.27529412299691924,-1.3421849490053992,-0.14131411867863078,0.2794423373252187,-1.5785918415792473,-0.2124858581894798,0.2780546362676928,-1.785156628556044,-0.26090187298713985,0.11053690689948463,-0.9921861004846863,-0.05786479256064824,0.13991107739064826,-1.4122856792535998,-0.12261846532276743,0.15293760071825788,-1.6878281522244665,-0.1855773106961909,0.16112454066285142,-1.916756996153745,-0.22975018212269577,-0.02211003503785672,-0.9510746590388235,-0.07120129124445389,-0.005355324846042238,-1.331294822904736,-0.1318452061957015,0.019539227925812162,-1.5745736767479088,-0.17318899464002888,0.04679361187344177,-1.7709883233131372,-0.19934140154175803,-0.15969703473592858,-0.8447209096735975,-0.09864617263717931,-0.16096481476198884,-1.131050603535694,-0.15500963981279398,-0.1337111398069439,-1.3223501724564308,-0.176800564884636,-0.09642521977869696,-1.4872334879492835,-0.18684863568517457
Pataka,0.0,0.0,0.0,0.22490879958127014,-0.20738261031998778,-0.08942377728866704,0.33094991383349237,-0.5336639864981142,-0.11199066957485962,0.3432039169815495,-0.8246136630350943,-0.13103173189688802,0.3044624411132112,-1.0553203940431046,-0.14655860053238462,0.15959054492691915,-0.9804853419276628,-0.01527153343034363,0.15495924335997677,-1.35322847630729,-0.07401406610211304,0.14803585368340308,-1.5766082753145911,-0.1346083389186231,0.13749380240555353,-1.7703311949208282,-0.17780473687408424,0.022878700378261518,-0.9996107656857945,-0.01596503034953125,0.020818101663870766,-1.418342184752333,-0.06552131783500136,0.02416006582759226,-1.6789826944205792,-0.12436748117714856,0.03005043155513472,-1.8963889771939393,-0.1669906931251377,-0.1053691491768487,-0.951029880500836,-0.03325461687568662,-0.11386462834272179,-1.332061021423575,-0.08174942198733053,-0.09797329509377266,-1.5649970740181829,-0.12390758016633388,-0.07432000334765299,-1.7526039913285436,-0.1524786340376955,-0.23130826033888613,-0.8426912289553107,-0.06201901270312378,-0.24971590551447814,-1.1331343332324357,-0.10625043390301427,-0.23990838401341855,-1.3181434026826948,-0.1252273169506865,-0.2188763514350273,-1.4776870240835518,-0.13524755843656178
Pataka,0.0,0.0,0.0,0.29393058641289366,-0.14943386319936106,-0.07337061668714913,0.48786464970813587,-0.4442274718198184,-0.11557693065764846,0.5570773983583324,-0.7542062332601704,-0.1539140556936729,0.5237870362447181,-1.0230245487871719,-0.19507132004494052,0.38547451795905346,-0.9184433544349643,-0.09443199385555133,0.40331575157007127,-1.3760745190971928,-0.17599907696973674,0.4023260038516906,-1.6452710780556326,-0.23800107693288494,0.3996856026576686,-1.8614158276170614,-0.2751415050476946,0.21851644971471845,-0.9696237072629106,-0.10991099816580917,0.2454576489474013,-1.466423364639648,-0.17357817671081732,0.2581871191144649,-1.7902081187220038,-0.22902738039540885,0.27480255189458025,-2.0475440290239812,-0.2673751374870018,0.04365113917340749,-0.9527163762299135,-0.13262280059653872,0.07860332379073509,-1.4082902918368794,-0.1859818522357181,0.1032321046345104,-1.6921818551140542,-0.22319157665209946,0.13739773192876728,-1.9135507027671612,-0.24931044276866846,-0.13893433244467332,-0.8815460406210969,-0.16176909083899974,-0.1138274312838157,-1.2087001897681742,-0.20994846543684959,-0.0792315816197853,-1.400794155688554,-0.22236492090733273,-0.033119175279510665,-1.5488379044709533,-0.22459887418917193
Pataka,0.0,0.0,0.0,0.2605530720231461,-0.11929215996691786,-0.09823590161101711,0.4467177408644377,-0.38044573331043513,-0.1245458523610154,0.5221437370934588,-0.6638505795151564,-0.14690531962955622,0.527759218864191,-0.9094096375814825,-0.16457406085134368,0.36694439707059184,-0.9085373481218931,-0.0036967643832125723,0.43524013721521976,-1.2563409365912235,-0.060682781580433574,0.4686773386494074,-1.4624533607003136,-0.12135080285507437,0.49880110279982287,-1.6368437001654823,-0.16326091798242795,0.23370760104558577,-0.9723068634904414,-0.0003470200246229154,0.3119653287506589,-1.3494761976220229,-0.04444705068820672,0.35911757208119477,-1.586358448279825,-0.09686885882947475,0.40454943752701567,-1.7775576688428267,-0.13469392483211004,0.09768789650101134,-0.9676234372122356,-0.01635180508027288,0.1659891081838659,-1.317938461727583,-0.06428991288543473,0.21532123338826362,-1.5236727183677026,-0.09901436602748259,0.2634394136595753,-1.6816095110541016,-0.12110418905279297,-0.05696407925541606,-0.9001644215287241,-0.04506381865497637,-0.01080965509801486,-1.1633494086607616,-0.08579576757967888,0.037892822322766084,-1.3183334646987892,-0.09773747867568626,0.0871558167461083,-1.4461637496245643,-0.10231280261570805
Pataka,0.0,0.0,0.0,0.21528739449291748,-0.18361200161647803,-0.15121984562791563,0.34986868193838744,-0.47487855329239376,-0.2095393485603207,0.37566395380917694,-0.7760007978261737,-0.25326987397869555,0.3411092666206449,-1.0487500600725397,-0.2919539130764762,0.1763555335622009,-0.971902582231727,-0.08604647455971016,0.19665555290522868,-1.3358307726209926,-0.1752279173737136,0.20830066904140382,-1.5671404569922698,-0.2579974692747537,0.21856255352512374,-1.7761256660170779,-0.31471809468271406,0.02721789875626081,-0.9973446356783376,-0.06754897238994761,0.05274677470670324,-1.4102743762918397,-0.14219552844447622,0.07654919281801219,-1.6836340734109607,-0.2151590976739732,0.10577562693136189,-1.9185619995718761,-0.2664333321174516,-0.10737366778520245,-0.9420325810896997,-0.06956013728322083,-0.08648362833215982,-1.3183412015517768,-0.14112939495097682,-0.0528970407472005,-1.5514359107044746,-0.18837737920850672,-0.011240789090522788,-1.7479416278569453,-0.21741923183415365,-0.238699063527235,-0.8217757637229907,-0.08799306641100228,-0.21941117656643025,-1.1103496703461524,-0.1498196773719459,-0.18607076137807302,-1.291335195602224,-0.17268210801198008,-0.14451500581338553,-1.4501190209467605,-0.18291218706030682
Pataka,0.0,0.0,0.0,0.28847931766632245,-0.1370724906091203,-0.09321102643228459,0.4964197796581543,-0.4274231144816211,-0.10840174944030803,0.5369215705359127,-0.7406350577210787,-0.11792850491507491,0.48741549652781774,-0.9664328519116338,-0.12444888053931835,0.3459487779524035,-0.9371104964811873,0.00943023107260583,0.3988157620023756,-1.2907773790439039,-0.032528028035031756,0.418313243105299,-1.4916036391830498,-0.08467472595357078,0.4307034122900215,-1.668639644538273,-0.12263068065628908,0.19538407313765405,-0.9806064806378485,0.015362099309432626,0.2559543484387962,-1.3675870576782838,-0.012438003146549494,0.28909768928636853,-1.5933944977771182,-0.059371920622456734,0.3169662685404392,-1.7738012313308598,-0.09545714507445749,0.05015390009806527,-0.9610368274711927,0.0029470335079306823,0.10628430161694906,-1.3177864389709468,-0.031854636520188495,0.1492234068188445,-1.5235563993515808,-0.06575246287321866,0.19373979027276275,-1.6842680829310361,-0.08994833563615066,-0.10687528574741649,-0.8841215605908272,-0.02148738035981553,-0.07384941828281671,-1.161298457479277,-0.056019822160854806,-0.03324445063614252,-1.3204838483219,-0.067033845352909,0.01452966609073709,-1.4568831923318168,-0.07215331966518927
Pataka,0.0,0.0,0.0,0.2772326059315297,-0.14881475327972507,-0.04708531521392883,0.4403082394773016,-0.46538183398482097,-0.05521510333068505,0.4878530444696209,-0.7571659768077371,-0.06593077764902253,0.44270773941995717,-0.994121920053461,-0.07694200083292815,0.2980988738425482,-0.9697966944114821,0.01063825646955642,0.2966430007063171,-1.35597589299601,-0.03470530346778584,0.292178112050728,-1.575408551190377,-0.08466897052263567,0.2819118898206614,-1.7455023911227538,-0.11763658134163497,0.14654619270789082,-0.9891948585856982,-0.0042124993106716045,0.1625193570539089,-1.401730425843539,-0.03507667306380693,0.1687912090268324,-1.6552768190405815,-0.0823369187448949,0.17453326016089415,-1.8608523506771708,-0.11738917247963869,-0.004008759198991656,-0.9496324629732518,-0.030640155354653215,0.024879343792564654,-1.331521022987976,-0.06141055901548167,0.04106488892026657,-1.5647198696276383,-0.09420056532662723,0.05887091667894638,-1.7549372202928144,-0.11836263835422155,-0.160827073603107,-0.8611434922827748,-0.06382152514617279,-0.14330148632105444,-1.167018006410833,-0.09123368242761937,-0.11865754561713121,-1.347097196428394,-0.09931621186349193,-0.08515102396046235,-1.498517499298045,-0.10223492777966194
Pataka,0.0,0.0,0.0,0.2665132014808869,-0.12528024733534912,-0.08247823595322686,0.4209730328670187,-0.45066609544053154,-0.10124534394583812,0.46137500580763063,-0.7492313402375914,-0.11812687711321934,0.44824643087245775,-0.9750512314983922,-0.13422242946097301,0.3242268144985279,-0.9418365849387758,-0.02760426256561841,0.3317362319528722,-1.3172813718486858,-0.09170333583187315,0.31782398444878385,-1.5390362705691139,-0.15362037636661155,0.2933167803674001,-1.7350351415068872,-0.19944751075794045,0.19315002619267974,-0.9804257315654495,-0.038189687955261356,0.20940944717927995,-1.3926737483577356,-0.09518204127222019,0.20777647564201998,-1.6485958374855614,-0.15563486999741474,0.1916485820417234,-1.8652590612076019,-0.19954862758467595,0.06516921133270447,-0.9436579234635185,-0.0639076381820234,0.0804442363278675,-1.3336509024008554,-0.12233516139575566,0.08672432578955787,-1.564913116827705,-0.16615836519206814,0.081836943850481,-1.7684469418522366,-0.19571078750843612,-0.073309905323817,-0.8432242702919566,-0.09954908000243415,-0.06413236913921302,-1.1461398039850665,-0.15822989297274978,-0.0443365364444623,-1.3299733527458153,-0.18483923556513668,-0.025241450910143293,-1.4976854607112322,-0.20013047838128833
Pataka,0.0,0.0,0.0,0.27392630791159517,-0.15181711260205277,-0.07469507826964833,0.43887037390342215,-0.46201281548710654,-0.08000490996186232,0.45823510750275626,-0.7526800084165481,-0.08287784995880527,0.4123640202207353,-0.9517036923985024,-0.08241977234504357,0.2786382693389512,-0.9547242024601476,0.025732082307973827,0.28330796590017093,-1.3000580726093196,-0.00811093587277392,0.2749483751812017,-1.4988284529678761,-0.0528042246675973,0.2621004270226109,-1.6589563232341056,-0.08423991915723912,0.132407258402384,-0.9908172558468551,0.02737669517074632,0.1500762570347096,-1.369429781936859,0.008757864842258435,0.1547570909593031,-1.590520509396736,-0.0286901172918658,0.15849039227686826,-1.7595748336203167,-0.05764298515544687,-0.009760613916703149,-0.965027834234676,0.011514412475714423,0.0008474391233744871,-1.3171180145304822,-0.012062218951370536,0.010807668860545629,-1.5156443010084304,-0.04074374967629933,0.022648256780651667,-1.6657226284504338,-0.06203998587322776,-0.1697554069692873,-0.8816362548268785,-0.01515728821705962,-0.16850573768406849,-1.1606664736845598,-0.035073381541537635,-0.15492043895545143,-1.3223147368380161,-0.041985833417553624,-0.13649838321500837,-1.4632946951239247,-0.0465794469728095
Pataka,0.0,0.0,0.0,0.22839836063699867,-0.17866876820299346,-0.1030667573942721,0.37887975892550657,-0.508000446033841,-0.12692308351446843,0.4072435945093345,-0.7986658268178983,-0.14659859900497793,0.38149554048009293,-1.0224298723372232,-0.16150204760743112,0.2124066406832059,-0.9769136799179456,-0.011221751011480999,0.1983050552689835,-1.3332428790079158,-0.0749288234275044,0.1860527079111431,-1.5649265019405276,-0.13977165811148798,0.17977164544118607,-1.7599432409557378,-0.18609563906173104,0.06568247400684789,-0.9977570771419431,-0.012908432186228305,0.06330178084020037,-1.380390150646307,-0.0671515413772434,0.0673632796316566,-1.6300799108913222,-0.12531318283129167,0.08727568434956352,-1.8402878344799902,-0.16610851195449197,-0.07014264711899679,-0.9513193860430295,-0.03500159021013374,-0.07143095272982797,-1.3101230879274806,-0.0940788423456804,-0.05344685702849365,-1.5327157413211931,-0.1340168059106084,-0.024003580015832693,-1.7188576779229292,-0.15894498835703338,-0.20783738815242286,-0.8310943479321322,-0.07103806413384024,-0.21405737145917633,-1.1127741871242116,-0.12559144987223975,-0.21129307459145266,-1.2766360383587714,-0.14470703707191962,-0.2022055573530826,-1.41647200240485,-0.15341536557046687
Pataka,0.0,0.0,0.0,-0.235093474140891,-0.1520163339667294,-0.09322471406374734,-0.3482522341662708,-0.5222916080435465,-0.14988186598069242,-0.3464570664033471,-0.827315862600338,-0.20019112080719192,-0.3438817460034137,-1.075404236179986,-0.25310418765010023,-0.18073142865858774,-0.9886181330619777,-0.12335964613254702,-0.16770765606524118,-1.4299909929790229,-0.2377104034096338,-0.13056984970597285,-1.7243117216452843,-0.32746724477967953,-0.08292468991792873,-1.9704228615986397,-0.3837603680882959,-0.040459209073795854,-0.987984903534465,-0.1491605939553635,-0.02599293367715516,-1.474555304677634,-0.2439353936680962,0.0075713660806551245,-1.8151849435375351,-0.3209276196309184,0.05137144662464461,-2.102210828449382,-0.36977619187857336,0.10871501654459262,-0.9112763563154851,-0.1865839042543179,0.10453467872838955,-1.377924940749681,-0.275815625437107,0.13780925700357552,-1.6891904164025504,-0.32381825550265164,0.18287530163422586,-1.9534579858985464,-0.34931304476840963,0.2602282976636446,-0.7694524109083232,-0.23322673248078563,0.2534901283297166,-1.1417273571772852,-0.3059214987381805,0.2585529947396312,-1.3926311108135971,-0.3246276318968424,0.2687401036366452,-1.609351029289334,-0.33011365501094886
Pataka,0.0,0.0,0.0,-0.2989467645232083,-0.17375589855917117,-0.08449257665849064,-0.4622627626315398,-0.5017724675308545,-0.12671056282432766,-0.4665011733477089,-0.8392559208058197,-0.16082940211141608,-0.4134769343811201,-1.073178635430323,-0.18747449618398063,-0.2722342783944004,-0.9763221295629639,-0.059453404845627715,-0.2567845353484464,-1.4050723869321382,-0.11984004838676747,-0.22961638759770103,-1.6460313395714055,-0.1703569815438969,-0.19572939558666486,-1.8420927403897314,-0.20179169754497578,-0.10405942295523077,-0.9926404437528724,-0.061940180176723376,-0.10308857147096016,-1.4589110804605037,-0.10157917720100527,-0.10306638367226724,-1.7376117492593353,-0.1353735368436417,-0.09283780847483207,-1.9546216790387065,-0.15796695623141457,0.04969417508227488,-0.9420528038988413,-0.07697706020709821,0.042588126676501574,-1.3507720789577957,-0.1093182966053838,0.030360214350505774,-1.600071479242313,-0.1261595207263017,0.025768151769804425,-1.7903729816365397,-0.1382732808867661,0.20014666160693176,-0.8396964297847473,-0.10315233778919937,0.19218962994641178,-1.1529278073396205,-0.1256443308639686,0.16610489617086693,-1.3461158882272137,-0.1219643271744312,0.14145533415467865,-1.5049669977229618,-0.11549752243991776
Pataka,0.0,0.0,0.0,-0.2757173600441904,-0.156326464137885,-0.09857665647652622,-0.43788935628694164,-0.47279783602552067,-0.14428665179655484,-0.4368625639887084,-0.7847028639787148,-0.18420499497469314,-0.40925690204562465,-1.0345018448747634,-0.21748570571773893,-0.24847362941133788,-0.9640926838273555,-0.04097841693967348,-0.2536575783966721,-1.3354739522797698,-0.12053139268291944,-0.23015881249081563,-1.5658092233565548,-0.1951306427522131,-0.19596736648005314,-1.7676342773703837,-0.2476498976517566,-0.09841335716530483,-0.9938980686695275,-0.04981405651457694,-0.09908668598018779,-1.406193827942565,-0.10829165255743858,-0.0961360580457595,-1.6603534665265616,-0.1636503695552514,-0.08604841782927772,-1.8828606413855309,-0.20466797665482728,0.03295814799891803,-0.9454806734988849,-0.07797073753719816,0.03582054664036164,-1.3134240042376615,-0.1300227339935637,0.027401614630825084,-1.542332446485018,-0.15854751367008693,0.020308580417410987,-1.7363915472041087,-0.1811941532793599,0.1703778668017366,-0.8300396090989517,-0.12052950620132602,0.1799164640494903,-1.116046061692677,-0.16041381588574047,0.16545041102418137,-1.298135206226378,-0.16939568766053947,0.14029113158255474,-1.463121115972787,-0.1760107506054374
Pataka,0.0,0.0,0.0,-0.31153199575326923,-0.11983728099879666,-0.05505140146253428,-0.4700529145762784,-0.4191773943978063,-0.07506987937344187,-0.48635586719012097,-0.7306071915254971,-0.09553851951168177,-0.4940655904465989,-0.9680146665601921,-0.1105530285540623,-0.3295536756177159,-0.9389193214198954,0.01571186126452324,-0.3427375695811073,-1.3278912236961713,-0.03410501284303965,-0.3183163026563009,-1.5434275146976502,-0.08815130344748419,-0.2832288764550479,-1.7257820074864327,-0.1270751962025315,-0.1925891392221264,-0.9812695638155414,-0.004412095073470579,-0.20515733224216887,-1.3993005975187371,-0.036423714096041726,-0.20119572832019367,-1.6464308442516293,-0.08018791465751171,-0.18261212555492212,-1.8492353023634436,-0.11460185225528242,-0.06281044792601843,-0.9367410733418728,-0.04036079831625137,-0.07310002527291154,-1.3170271096831199,-0.07507167649592218,-0.07376909736312856,-1.5424665627902536,-0.1013956129387868,-0.06639953887499932,-1.7300568532475233,-0.12401736687130338,0.07727382527944879,-0.8301953102074583,-0.08600030890141541,0.07540983627968141,-1.1293768699325446,-0.11208044703044157,0.06509326818761231,-1.3130357345623198,-0.11587963176976222,0.055000899601954874,-1.481728298807948,-0.11983275022191295
Pataka,0.0,0.0,0.0,-0.25064843258755654,-0.15336542498770392,-0.059964717904415696,-0.3984682934747028,-0.4802730100588828,-0.08791621234713738,-0.41958716413879915,-0.7674116268781818,-0.11866371599570527,-0.47843210081031423,-0.9805887275594654,-0.14694661794081476,-0.35389879719930906,-0.9469934590972544,-0.015196470792325945,-0.3873864085600752,-1.3073454295718012,-0.08642538407862199,-0.3865157725313459,-1.5303337351370234,-0.15633789896031133,-0.3751041197782019,-1.7320127311503666,-0.2075412543721744,-0.21960567050278199,-0.9745476961170313,-0.04505704690733824,-0.2548384959108325,-1.3602830905935863,-0.10009849862418856,-0.2617475806990067,-1.5970689042712434,-0.15817695615331528,-0.25876865976698427,-1.8093939914274566,-0.20119395410815866,-0.08051731707940313,-0.9320245003531896,-0.08939312471191488,-0.10274823666637763,-1.3072176547291774,-0.1443738918741866,-0.1160686280792277,-1.5325567455373108,-0.17678325007829515,-0.13106205434634804,-1.7353881618865736,-0.20092115821742387,0.0721188397905595,-0.8254510383184323,-0.1434846843158046,0.07268227247425711,-1.1317031404260516,-0.19349108510151938,0.06169159704835355,-1.3231764607115257,-0.20515271438188165,0.03816403467011451,-1.490833637777388,-0.2116805985591163
Pataka,0.0,0.0,0.0,-0.2757555404419076,-0.12776355347454557,-0.13842412929625988,-0.45543795890273653,-0.42891295949313757,-0.20911387701144055,-0.47586746967366417,-0.7495736826941141,-0.26565106890637713,-0.4051633010401234,-0.9986888563795419,-0.3115509799222525,-0.26582564453376795,-0.9646246453373996,-0.08630563283087832,-0.2733538829225206,-1.3703377948636852,-0.1713540554050748,-0.2623391187498814,-1.6169267498839934,-0.24651832863477274,-0.24226401409597867,-1.8345845993629681,-0.29937227340063527,-0.10340295225912867,-0.9916633111860671,-0.07688762391686835,-0.12465041455370031,-1.435730023780044,-0.14196296334700023,-0.13877475875730672,-1.7155302425683827,-0.2001927224890023,-0.14322129508580372,-1.9646798188559653,-0.24212200601814918,0.04309044549540765,-0.9422395245784702,-0.08713912669391174,0.02355421608387663,-1.3423895360770133,-0.14496954873417828,0.00022183746906661613,-1.5844406099286206,-0.17270293027651923,-0.02179968337398612,-1.7903398872504386,-0.19159411089764933,0.19988979518853342,-0.8270163127376315,-0.11378079096232631,0.18574261477487605,-1.1408125305121162,-0.15844386726231988,0.1557186334668173,-1.3319151300175283,-0.16506145616763557,0.11910774014275646,-1.5012239776320844,-0.16645620735391453
Pataka,0.0,0.0,0.0,-0.2839234782051166,-0.1526647196781759,-0.11610839406563961,-0.4664911445951216,-0.454801243470032,-0.1863701097748333,-0.5048390134975123,-0.7659830927606583,-0.2488514438782436,-0.4600170188619817,-1.0134552092676605,-0.3077853329408892,-0.3105787058050475,-0.962177052283972,-0.09979477663613683,-0.30934440813188396,-1.3816711103399912,-0.19987149648968724,-0.29670792795749357,-1.6352705679107369,-0.2862544844002088,-0.28039961010714065,-1.860602051267159,-0.3464168102010874,-0.15225673771418008,-0.9816740232006894,-0.11460365610925273,-0.15462364203366039,-1.451914948294746,-0.1925670970134006,-0.1606255438666827,-1.7511121751609184,-0.26412408885674776,-0.1662435164037358,-2.020317551782809,-0.3167207278516929,0.0014790868515610208,-0.9301376806159051,-0.14659185877073458,-0.004475014109560289,-1.3556375985389257,-0.2157893580938074,-0.018828672102560035,-1.6241162192294298,-0.26081937786135295,-0.03808146276918439,-1.865010692191532,-0.2942255081378155,0.1673255820007815,-0.8175946379910449,-0.19192511531940212,0.16486094468843351,-1.1462642992577854,-0.24920523122314148,0.14467801603672908,-1.3553587093754778,-0.26634100652323295,0.11526677893076066,-1.5470831351439713,-0.2773705629601424
Pataka,0.0,0.0,0.0,-0.28815791505946625,-0.14238646336306365,-0.11989426458789068,-0.46924318374489304,-0.44032734148734465,-0.1781514191514688,-0.48394585807294516,-0.7514708491562813,-0.2260175250523775,-0.4241432511322813,-0.9899163515221301,-0.2650568425467454,-0.28164673480841823,-0.9599661833908182,-0.06540603433991317,-0.29483818709924264,-1.3516028278232173,-0.146827702657523,-0.2816865716874576,-1.5920370215822623,-0.22064672920062894,-0.25643973464906133,-1.8006647632852613,-0.270965257142868,-0.12751297766877073,-0.9899642130962277,-0.060920417881118134,-0.14900912955617154,-1.413693619240503,-0.12304542620406236,-0.16178358430021683,-1.6799011273530184,-0.17764795909788972,-0.16170563011965056,-1.9107985442277873,-0.21592321098420733,0.010277914792160099,-0.9447376049401959,-0.07583605561479928,-0.0075317495047116005,-1.3200600443190864,-0.1301496278374651,-0.032404291837888954,-1.5544803023244456,-0.15784061145041284,-0.04920026519114708,-1.746643949134097,-0.17638032596266584,0.15628724137779068,-0.8368527447877563,-0.10619196343386321,0.1443980824564263,-1.1320182248068764,-0.14675906285514942,0.1114475381620693,-1.3144097992092925,-0.15303367581236962,0.07422384374917158,-1.4717987165800859,-0.15433303157024583
Pataka,0.0,0.0,0.0,-0.28825579493559017,-0.13160496749456488,-0.10624788970624557,-0.46657105298091545,-0.4383711705934592,-0.14866512600992587,-0.48552314983054684,-0.75306608507198,-0.18258044359206194,-0.47416906850301405,-1.0138327511844818,-0.20477456892544696,-0.30876407401728156,-0.954274969368051,-0.019096192135167063,-0.3333011930543612,-1.3398435129569644,-0.07841903259185866,-0.3221342872941609,-1.5633990485608291,-0.14151679729171823,-0.3022386087354311,-1.7640869228173435,-0.18813557760774477,-0.1565366959975299,-0.9875582662487931,-0.014997785498360791,-0.192895264623256,-1.3908363005962816,-0.052501841489943885,-0.20553960191950446,-1.6385583133744746,-0.09966055269889398,-0.20804621374727256,-1.851789518599744,-0.1372003995978357,-0.017730605075621707,-0.9461008753849093,-0.03143024348593139,-0.048264475482559244,-1.3108840858130462,-0.06614075852584321,-0.0719787068120369,-1.5289265020388647,-0.08750376174630847,-0.09114708274709211,-1.7116224102141528,-0.10671180727449738,0.14039708324423428,-0.8471454899310782,-0.0632196756860658,0.11598151419447729,-1.130281348311464,-0.09208630861651089,0.07777572815577785,-1.3007557761886541,-0.09602151620563773,0.037210845180028145,-1.4564165133573568,-0.09853324611532507
Pataka,0.0,0.0,0.0,-0.28183199696415456,-0.1462320231025608,-0.10334149246543009,-0.45875825832738387,-0.4550354933803457,-0.1581481088420074,-0.48037376129275716,-0.7573362118999925,-0.205894492873556,-0.4548565483120172,-1.0152886233209109,-0.24762827101884402,-0.2938864678767608,-0.9566096758325345,-0.06464205573709124,-0.3059636385756294,-1.341178252198667,-0.15126403936747795,-0.2903570933165817,-1.5802727424814687,-0.22811463560028303,-0.26249649590726987,-1.7906378526261872,-0.2815461737311963,-0.13903913888156108,-0.9873988404721187,-0.07557544371943448,-0.15400006684301507,-1.412808164755806,-0.14050327202031826,-0.15698729975466677,-1.6799404287017339,-0.20042454454005598,-0.1535339842185878,-1.9163554597983121,-0.24471230659198376,0.0019790086386971273,-0.9391190483137054,-0.10431304147494688,-0.012166790634242386,-1.3266318164383166,-0.16333136182303712,-0.026072325935702953,-1.5644008750453278,-0.19488435953023098,-0.03878715426685253,-1.768506740229996,-0.21876624821736557,0.1499043768359513,-0.8255481852113314,-0.14646489551324435,0.1384353835274643,-1.128173481194289,-0.19356406847162155,0.11618929818786593,-1.32066707909484,-0.20318922005051948,0.08558379545531421,-1.4942623679258722,-0.2091208105470107
Pataka,0.0,0.0,0.0,-0.2878380918699099,-0.13429003174222257,-0.1036899843940605,-0.4791100978861753,-0.43754823933087184,-0.15700847374417873,-0.5065586301904291,-0.7462657906182524,-0.2028988305509671,-0.4851275805944552,-1.0076332097286376,-0.24210755643738002,-0.3138744580614712,-0.9495763341407388,-0.06501307196057914,-0.32198369694047,-1.3338099445829752,-0.1519166831878688,-0.30503710823988256,-1.5719203809322817,-0.2289753455419486,-0.27698310673807036,-1.7800633664179746,-0.2820714816129795,-0.15633101564783122,-0.9848641148804391,-0.07485511851093937,-0.17222949370702104,-1.4071443499773073,-0.13969634120160423,-0.17659190820565285,-1.6766091010011543,-0.1975972541456015,-0.1741253802946557,-1.9132011015703503,-0.23967780988711213,-0.012737774057383435,-0.9405190031308533,-0.10299911062572442,-0.02709043031572747,-1.3217321140904819,-0.16160480430171237,-0.04077302208847477,-1.5600550897746248,-0.191655101598977,-0.05473989266341882,-1.7652899477649655,-0.21380866214281158,0.13726349871095908,-0.830240558090619,-0.14484846658484635,0.1303208447804514,-1.1267647813197972,-0.1928088307456149,0.10690639240014557,-1.3149781855637364,-0.2023117055221893,0.0736023121189155,-1.4838999242445685,-0.207066212675029
Pataka,0.0,0.0,0.0,-0.2686021443003723,-0.22832243552857573,-0.07098538909787279,-0.42445128593584547,-0.6061253045448245,-0.12080020370853181,-0.4108776342789544,-0.9373194523961712,-0.16581872647301707,-0.32156546685727405,-1.1470642747277335,-0.2090175187472469,-0.18435823898013756,-1.0051037262740001,-0.11022877929647379,-0.13680830194566146,-1.4828070311645254,-0.20227955396396508,-0.0817758791833214,-1.7629252091594438,-0.26982106041638987,-0.024420434611133714,-1.9868250127125138,-0.3139364945095731,0.005803125659425888,-0.9906574241420075,-0.13625047421900466,0.04954423862776288,-1.4927713217210148,-0.2073825498507683,0.08720304339745914,-1.814271831888789,-0.2647975585590032,0.1242500086423191,-2.069282281007409,-0.30419920379823984,0.17807351523896384,-0.8959850175802198,-0.16962709945103463,0.21928853472674348,-1.3478910028806632,-0.23294788712235137,0.24666581096648285,-1.6248863388182537,-0.27085218635018654,0.26776951764405355,-1.8364191104315093,-0.2952367184476477,0.33605802602572893,-0.7411361433502297,-0.20993894825149015,0.3678267681525775,-1.092955680438283,-0.2698333218116932,0.3695448397834449,-1.3170191879714568,-0.286282742259348,0.3687679840221514,-1.5026818097670094,-0.2902515180725799
Pataka,0.0,0.0,0.0,-0.28859281176851814,-0.13256776723298552,-0.08672226432638089,-0.46398254085104046,-0.4552438444639071,-0.1177447679800277,-0.47388563178584975,-0.7813948006840098,-0.14411175100900483,-0.43579419353861437,-1.025032748624177,-0.16259999780166692,-0.2910614812037128,-0.957354023064193,-0.005142205364155591,-0.2981677849530321,-1.3201183850343639,-0.06369976097197377,-0.27633333815569266,-1.541994694986895,-0.12634919324260613,-0.24659182730419157,-1.7366472036032012,-0.17247056041037753,-0.13612406095121585,-0.9906092078428785,-0.012792082201677518,-0.14756583562429612,-1.3915102232873238,-0.04917318682553558,-0.15120736892461814,-1.6353366818417323,-0.0931026570713584,-0.15104508587409737,-1.8464822299814192,-0.1278050108567002,0.0013105585746601258,-0.9467791240128339,-0.03977136507976382,-0.009078835104133967,-1.3041870525006645,-0.07474609450487646,-0.02524403008100805,-1.5208328759174714,-0.09248208320281869,-0.039112400805814664,-1.7028452014413216,-0.10942099984706674,0.14783876620926284,-0.8418236539036835,-0.08089953173996374,0.14128214848291965,-1.1200966023576457,-0.10707760288663484,0.12260511787222751,-1.290847740912783,-0.10630971241262713,0.09725699714770361,-1.4461757059813058,-0.10692967157264215
Pataka,0.0,0.0,0.0,-0.2738074455313197,-0.13111257304274287,-0.09805515011594101,-0.4496711870151474,-0.4400540099270611,-0.1419756616103487,-0.46295228882406736,-0.7619058921697683,-0.17671718531021235,-0.43192839155684104,-1.0223188474150133,-0.2020676984603901,-0.29172139565524724,-0.9643784075388387,-0.04007983092584117,-0.3083425742129591,-1.3411671260685527,-0.10475122653583539,-0.2915010504002722,-1.566587944662786,-0.16571975363440808,-0.26184341281943435,-1.7556367293349187,-0.20920749513749048,-0.1370072254827265,-0.9896470058516602,-0.04275305807037907,-0.15646132938615798,-1.3973855380007116,-0.08427536084161458,-0.15518904397337777,-1.6383745230449624,-0.12345332037160357,-0.14397108838428363,-1.8397850933905964,-0.15386371987384634,0.0038689053607320213,-0.94072404665341,-0.0640301876964369,-0.013884847807551523,-1.3107317292904246,-0.10171099054802792,-0.026795293165940447,-1.5246925698317206,-0.11559545126256394,-0.034199846577447644,-1.7037135610554828,-0.12965998467027046,0.1544000888550239,-0.8349898872343465,-0.09953513326382454,0.1403668355406081,-1.1140815692965973,-0.12995541108205894,0.11856408943022916,-1.2846092633381891,-0.12984004247524802,0.09503598042062403,-1.438812828046884,-0.12957681922471026
Pataka,0.0,0.0,0.0,-0.2623196459853644,-0.1717035991178438,-0.10046286489322322,-0.4209832911497765,-0.4782866805964602,-0.14633584835467975,-0.43466621898748864,-0.7943087796028653,-0.18590002430384578,-0.36524526152484965,-1.0340985728459604,-0.21476648306788093,-0.24966130148979954,-0.9670747968467132,-0.02149083119602829,-0.26702898936911335,-1.3370648446850169,-0.08525661814749758,-0.26437120452381074,-1.5595667510009559,-0.14918933035786275,-0.2542997590141384,-1.7546284367214764,-0.19617307865637615,-0.10856582507088537,-0.9938646505541094,-0.02113097266185506,-0.1278715671370749,-1.3856278554575447,-0.06355798908332529,-0.14347167479815548,-1.6138811925229462,-0.10397758584875548,-0.15805850606398855,-1.8082862055581344,-0.13349841377949348,0.02268564942407082,-0.9463826491375842,-0.040486636189664645,0.0035218965179878757,-1.2917219219247678,-0.07598477219881207,-0.023689793285283884,-1.4991226396115782,-0.08789876760529033,-0.05131831803484093,-1.6747043040747522,-0.0986085052165424,0.16356259735001852,-0.8361282837561207,-0.07550252819552135,0.15472339161113322,-1.1036804368606343,-0.10272369028483773,0.12351926234581445,-1.264238104351399,-0.10063077713170873,0.08464858819988715,-1.4035995952308495,-0.09712433933018537
Pataka,0.0,0.0,0.0,-0.26009762142951254,-0.13902539911487471,-0.1324185317478254,-0.43118273942507007,-0.45418174419506896,-0.19465888512641127,-0.4586400853555065,-0.789427951957352,-0.24606494544089874,-0.36274063330527445,-1.0300339141651278,-0.2867584002637044,-0.2544992429327755,-0.9659074034140841,-0.04876178852925296,-0.26833165307993934,-1.3583072257698936,-0.1248704059505964,-0.2612408737611204,-1.5934596986028233,-0.1997127237928163,-0.242141443966988,-1.8047470469297162,-0.25503703284758567,-0.10377254689405453,-0.9938767909306118,-0.03794974256289685,-0.12724415597436375,-1.4190472747962648,-0.09062024378734528,-0.14340529438979133,-1.6784335249305757,-0.14602313268577335,-0.15475122716556752,-1.9096670256492791,-0.18847518994218274,0.035391097019074225,-0.9467708940073968,-0.049065860106342916,0.015516639022637072,-1.3238326167466865,-0.09487950306122733,-0.012141108282012564,-1.5470575641525806,-0.12126845916538956,-0.041572675664724834,-1.7339018389835263,-0.14290051490939654,0.19064021979137682,-0.8355399866642819,-0.07786554695284949,0.1794299598176081,-1.127042753929721,-0.11238935210217951,0.14764372987114568,-1.2978852469460171,-0.11989266890229999,0.10633146882638776,-1.4487836237341978,-0.1253510209575497
Pataka,0.0,0.0,0.0,-0.24322535267901316,-0.16705907143244025,-0.0901242905588966,-0.3957586499593065,-0.4921252931618215,-0.13565570822618103,-0.4028379884457622,-0.7878787363844567,-0.17800954528047877,-0.3401134742180024,-1.023018523263358,-0.21296111519673672,-0.2222251941934578,-0.983020840235257,-0.03146808073452454,-0.21963331919228504,-1.355753913778416,-0.10525342300289164,-0.2044214720347504,-1.5857496262195547,-0.17795953344566717,-0.18375482398811527,-1.7926087885119253,-0.23288367454546582,-0.07994429849782766,-0.9957030755300982,-0.0467364367233298,-0.08927866251387298,-1.4001771899806927,-0.10183316100492944,-0.09135711213969976,-1.6568103301108317,-0.16129102101307682,-0.09103086900716353,-1.8858024668230757,-0.20789887161092654,0.05354944171110448,-0.9340531405787416,-0.07973659063418045,0.05412120195120859,-1.2989457726019844,-0.13072134222584764,0.04778273588854976,-1.519568034703553,-0.16173096311812774,0.035744737483966796,-1.712014851747473,-0.18741163519064669,0.19571072147192753,-0.80694755909504,-0.12609950722759278,0.1966146172551495,-1.0918106490807076,-0.17098055007692983,0.17637752593991515,-1.2747299292483478,-0.184384360150913,0.14597170527027678,-1.4437386029285633,-0.1940039045632538
Pataka,0.0,0.0,0.0,-0.25141370322257883,-0.14811476470874865,-0.09902441661841109,-0.4140182173089058,-0.4743393405116824,-0.1502763887031584,-0.44102185937648236,-0.7908407244522684,-0.19628233797304365,-0.412037147543658,-1.0428286682302512,-0.23527782560907573,-0.2824601872730079,-0.9692033698133405,-0.05644625388663791,-0.2958101774197223,-1.3717162244579753,-0.14051531430766243,-0.2787910828583374,-1.611941560239081,-0.21370007006733613,-0.24872936922964958,-1.8214951520528757,-0.26513257002920354,-0.13269628549435764,-0.9888117599517114,-0.06813955677283808,-0.15474980956190182,-1.4219948547912529,-0.1328930428711745,-0.15612405703632198,-1.6863787955027474,-0.18953098885586495,-0.14832268630649795,-1.9237144822320085,-0.23086455435733044,0.00882082816835473,-0.9359501498855453,-0.09754824470358026,-0.007878764882891772,-1.328456602198381,-0.15546501753792819,-0.01692545966635218,-1.5572232925112381,-0.18250371003395854,-0.023568925644968694,-1.7579976605265268,-0.2034673123944002,0.16379389780652834,-0.8203491500877169,-0.14061110460980777,0.15054907147661195,-1.1149511967579326,-0.18645789210214878,0.13025195357713323,-1.2994871285925855,-0.19487366664200478,0.10360470556934388,-1.4692094987252964,-0.2002832998944401
Pataka,0.0,0.0,0.0,-0.25764565470964435,-0.15843035413689222,-0.10568366119718316,-0.4192421778416341,-0.4765628819084139,-0.15787935219896956,-0.43069784481380113,-0.7913575339028525,-0.20431471271954288,-0.3698627266118362,-1.0335075806875524,-0.24313233855872193,-0.2521963801696608,-0.9620887091725939,-0.049263546658402775,-0.2760621362268498,-1.349750218878129,-0.1335745731196584,-0.27231097486195727,-1.5865766121018738,-0.2100934171272374,-0.25752598028583623,-1.7966063408642345,-0.2640825636318556,-0.11092146618357349,-0.9923477554109859,-0.054243531139342174,-0.1399053479869167,-1.4130026117771375,-0.11780720065252785,-0.15842143430406178,-1.6706649911733389,-0.1746493812395601,-0.1691579397542763,-1.9060352216875178,-0.21544464319228032,0.023791424116935467,-0.949215903759494,-0.07798792288251881,-0.00266480005808772,-1.332341678470761,-0.13306584067481725,-0.02675949849125744,-1.5569107347467048,-0.15443561147885357,-0.04924676871644537,-1.7518414164853735,-0.1700178741860216,0.17525167221625765,-0.8403519456821372,-0.11685152418818122,0.16286648433122067,-1.1359962740792178,-0.1563342350627784,0.13455047501105508,-1.3153367604989694,-0.15810582071506377,0.0965419523415353,-1.4755598152049252,-0.15750166464192217
Pataka,0.0,0.0,0.0,-0.2527222982142691,-0.15439971056356677,-0.12425598354537115,-0.42193890954762564,-0.470757839542515,-0.1900787429893093,-0.445389436971041,-0.786720197527693,-0.2465435411272521,-0.3793869514621449,-1.0438637320298703,-0.2945119670284672,-0.23916484995234832,-0.9578108423078848,-0.07586449145486572,-0.26307890372596987,-1.338840263322222,-0.17360071503424976,-0.2592814152781929,-1.5765125026283777,-0.25917343848761026,-0.24420903695854745,-1.7906887785662138,-0.3200206381337982,-0.09915956558314691,-0.9920563922552338,-0.07740474881356692,-0.12473880688141288,-1.40844215250155,-0.1527977032535131,-0.14056685670577967,-1.6707839178055883,-0.21714566274238042,-0.1491976934329638,-1.9152601898611377,-0.2637390036487502,0.03210806773225365,-0.9447723203640797,-0.09907770076035251,0.01265670058224239,-1.3270564111552434,-0.16630472110399838,-0.008338691572668953,-1.5543879873865065,-0.1940288304494123,-0.03141576741384595,-1.7574193043124633,-0.2134845817695459,0.17909932791092553,-0.8276886730771726,-0.13682950944557687,0.17123133678502658,-1.1247217787178168,-0.18853580157191102,0.14396618279426518,-1.3029889114273403,-0.19756125097519098,0.10336159336493875,-1.4663614239876328,-0.20139670235061813
Pataka,0.0,0.0,0.0,-0.2507188804077442,-0.1483918144638904,-0.10644987281057286,-0.40799632934902996,-0.4770709181753275,-0.14750409884272134,-0.4510247230831095,-0.787809939244503,-0.18082204139267144,-0.5275656892315046,-1.0410839408494867,-0.20513719200225858,-0.30209705883749605,-0.9492477671396795,-0.038532431751343084,-0.34341058049749407,-1.3345428567694995,-0.1127787390114817,-0.34692664114649047,-1.5714862347344887,-0.18536589142721474,-0.3431294789726557,-1.7848541319607638,-0.23586715531752533,-0.16307669561675409,-0.9858593310927696,-0.03856644453456353,-0.2146588254245815,-1.399319571330844,-0.08643812253616621,-0.24235076300393027,-1.6592227565861242,-0.13957147874012596,-0.2624644173552335,-1.8875272277707908,-0.18020802695885238,-0.03068207866353222,-0.9484842862318646,-0.0578024085482295,-0.07128329822594405,-1.324015681050589,-0.09716398614077551,-0.10404308381219411,-1.548217444925727,-0.11637461139182124,-0.1368540482086729,-1.7357079607472552,-0.13333730766056848,0.1213762774286838,-0.8509794863920982,-0.0929876675177942,0.09454139395495616,-1.1403139249116643,-0.1240973482439801,0.05508405899429798,-1.318412747124804,-0.1252718947775149,0.00646533507128082,-1.4746524883989898,-0.1248852369565799
Pataka,0.0,0.0,0.0,-0.24046584135078983,-0.18413290023389253,-0.10579737894548139,-0.36207606443586776,-0.5288394877988183,-0.14712529798119406,-0.3587098472884492,-0.8405836165849677,-0.1807149701947424,-0.3813633884148773,-1.1035643878175438,-0.20608134188301475,-0.17984299967938305,-0.9895026042076241,-0.04201432203424501,-0.1740287669910012,-1.379252364480523,-0.11339029686999287,-0.15042569968305738,-1.611900375010636,-0.18334077717149716,-0.12019474384954017,-1.82085447696513,-0.2321435351671385,-0.037241787289202924,-0.9984410717010836,-0.04157493980629456,-0.03846227104499026,-1.418430010508453,-0.08823993015185319,-0.03639680687695105,-1.679175381753288,-0.14250794549184512,-0.027055427036778264,-1.9104361051654173,-0.18422613691878773,0.09250068703871983,-0.9375938677608074,-0.05966732913605035,0.10178724887253707,-1.3174568090302958,-0.09909415848773657,0.09281549901807594,-1.5473235888522414,-0.12543205085895853,0.08194234745745398,-1.7430912193779098,-0.1477273905751072,0.23606826256951052,-0.8161884290851863,-0.09301444390763754,0.2490476002457501,-1.1077176349133526,-0.12402014458276359,0.2299779820634097,-1.2947194746655815,-0.13031363103340604,0.20090603550712396,-1.463441858641366,-0.13443432993794133
Pataka,0.0,0.0,0.0,-0.15296048588094666,-0.3310448871674877,-0.08899952778335335,-0.1576188257578685,-0.7250742606460029,-0.12916804078431715,-0.06752059803996177,-1.0104283361776023,-0.16516054894732105,-0.0095036405723116,-1.2651095796247365,-0.1945246804316536,0.1695618024283404,-1.0296905273413839,-0.033870288840479636,0.3004243236989381,-1.3832012697620122,-0.1105226821111971,0.39530874836962215,-1.581473820846596,-0.18331127814862494,0.4877120220494134,-1.7490457972736515,-0.2332873624153364,0.3088335398672292,-0.9500122492394194,-0.045810162061881515,0.4522469620180266,-1.3349324091626489,-0.09852904508991459,0.5419700619001688,-1.5711572022636564,-0.1560742280406406,0.6252753798804098,-1.775180105231525,-0.1990906078878879,0.4097545876099058,-0.8134584798281494,-0.07504510776696127,0.5447696493818714,-1.1636409176137734,-0.12144168392799455,0.6163040750578863,-1.3864861512391786,-0.1512530261926851,0.6717884170512803,-1.5774595911442666,-0.17528921411067322,0.49691572117962385,-0.6143351565029678,-0.11728328833647836,0.6061784379561773,-0.8784428437973687,-0.15543279411969954,0.6501821794968158,-1.0626784570446406,-0.16324241638892448,0.6740721535005223,-1.2323600752233108,-0.16760313926940493
Pataka,0.0,0.0,0.0,-0.24763896814763875,-0.09330243069094425,-0.10090866105847424,-0.4375491665031449,-0.38329352685748636,-0.13997893607802284,-0.4995640149376585,-0.6781811671649592,-0.17253105905997582,-0.5421872514763008,-0.9337701381362067,-0.19295971289005348,-0.3795251561394468,-0.9043509045797847,-0.018395316653165728,-0.47332908103241156,-1.2689560426141577,-0.08162448274782194,-0.5053349688939918,-1.4906221358568534,-0.14587215281255553,-0.5224570367282382,-1.690298650999226,-0.19197095862595712,-0.25834907439890903,-0.9658993257000883,-0.01715366926758113,-0.35997291527360503,-1.3542703870872046,-0.05571091283157181,-0.4138435732799681,-1.5963925419493084,-0.10045492428128433,-0.4520464966379442,-1.8082512185043706,-0.13499360531086504,-0.12957780640927474,-0.9545455723790067,-0.03604612445937197,-0.21720618841450165,-1.3132896383260066,-0.0670358856172108,-0.2725620987981269,-1.521633707770518,-0.08056392738128167,-0.3236013884112781,-1.6944991362702848,-0.0940631945015242,0.027814829173266317,-0.8882310710229597,-0.0711986999069758,-0.03430031810165138,-1.1630095479560312,-0.09478491135130458,-0.09484914438770213,-1.326898984366251,-0.09386182501925379,-0.16055921325815606,-1.4693915861991371,-0.09243358579275472
Pataka,0.0,0.0,0.0,-0.22881991166179189,-0.21284827740658518,-0.07218663720554105,-0.35609979169971717,-0.5549507354224349,-0.10334450903415741,-0.3540557426719001,-0.8534630761133954,-0.13477626504253937,-0.33529340787936796,-1.0909458985253744,-0.1589895084081564,-0.18976611198170573,-0.9868057359174005,-0.009688275063050903,-0.2065712974626883,-1.3726705861342485,-0.07650814723207607,-0.1947121541659276,-1.6010274137817204,-0.14178070852405503,-0.1726651625541287,-1.8032403855623114,-0.18883953712482834,-0.05690406859091663,-0.9980055085600267,-0.02733005418294995,-0.0793074252672333,-1.4121348726319665,-0.0738265715851621,-0.08263133941446293,-1.6692025280281668,-0.12387859278415216,-0.0788275711322302,-1.8904392960283052,-0.16133538387647964,0.0741258391152339,-0.940015193515767,-0.06184894166868808,0.05874382705768391,-1.318281654506704,-0.10325247585055015,0.05351383623916711,-1.5414374579077483,-0.12421375698587445,0.045670755706924096,-1.7313386837026856,-0.14136188428847,0.22052022648003836,-0.8213982242280289,-0.109094981034304,0.21565384236906165,-1.1097135692653968,-0.14155246575228514,0.19625348071235538,-1.2886324622779297,-0.14444712198089107,0.1717866369137934,-1.4513235955557309,-0.14566337260132003
Pataka,0.0,0.0,0.0,-0.22417870777698443,-0.24062902772999287,-0.08117052269089066,-0.3230866771948329,-0.5868632010551115,-0.11912593031323088,-0.2872665635931321,-0.8808740592686689,-0.15551402449338425,-0.22518352727490973,-1.1119189712888264,-0.1840715639722758,-0.11206186812998924,-1.010231387681146,-0.014723739489830745,-0.0812479021348109,-1.3872469928383169,-0.07997768517912418,-0.04608782069307961,-1.6066029783767477,-0.14441022213080892,-0.0036471918731914364,-1.798413185490569,-0.19141764712155712,0.028087827498760258,-0.9992094115435017,-0.02813584598494896,0.05672275247629413,-1.4077435156076825,-0.07447370878338955,0.08045623749874545,-1.6582870490833934,-0.12511187743087812,0.10852948071748372,-1.8722702232573132,-0.16332669942827294,0.1546558188680573,-0.9194876234284277,-0.059105190655746195,0.18802577342606386,-1.287445268824249,-0.10072206474907182,0.20364291963832887,-1.505404342105702,-0.12552473642839163,0.21447118662080927,-1.6932339756632648,-0.1462782019580485,0.2836709776338646,-0.7771540253553598,-0.10301332759448165,0.3113309995853132,-1.0551247932360144,-0.1382075208257836,0.3113126757463112,-1.2368127621027787,-0.14540929205680247,0.30495991295109165,-1.405632908519372,-0.14979134232792882
Pataka,0.0,0.0,0.0,-0.04302426228380146,-0.13936731492894158,-0.23934124192503842,-0.0640674563122702,-0.43197700541675604,-0.3504082683236131,-0.026246341764692965,-0.7344889336790199,-0.42856984715099883,0.042569682642047794,-0.9779677978519727,-0.49375047689722085,0.24558565747861189,-0.8979317406548921,-0.21769219020226693,0.2639256709163219,-1.3388868044383728,-0.3382033129761403,0.24177142946413066,-1.6403217014405829,-0.4364693556789346,0.2088331805922612,-1.9067870986547104,-0.5087858421229403,0.21316781173403673,-0.9620310042890342,-0.1704577097908871,0.22309920622020218,-1.4286488338345291,-0.2949136307399471,0.20438678205557442,-1.7571318821736215,-0.39540392191093815,0.1841829479098384,-2.055094479871474,-0.46216174753154643,0.17335078773899293,-0.9565769321247088,-0.1463978176891455,0.17747071945813261,-1.3839078597063597,-0.2704878992156328,0.16593349698579166,-1.6859506299710119,-0.35792495695766435,0.15343498656354204,-1.9464190217071937,-0.41033022557294724,0.14096519108464908,-0.8972651122006585,-0.14337501769040936,0.1607219556507401,-1.2307635567232587,-0.2531334433770723,0.1643161830222735,-1.4134427251379276,-0.3090405269452206,0.16180207928930931,-1.562207336606601,-0.3402095211484838
Pataka,0.0,0.0,0.0,-0.24779689386849205,-0.20528018283681548,-0.09994526853060691,-0.38949332510842005,-0.5463476702540041,-0.1504920236695947,-0.3816319508475231,-0.8675187823991062,-0.194726002276759,-0.3040415913871477,-1.0976600393954186,-0.23069401963015398,-0.17222862715016382,-0.9890929804391236,-0.05656376125354443,-0.1708146426440392,-1.4040478960798433,-0.1359188018470501,-0.15253305665760478,-1.6523031486842132,-0.2058776188402045,-0.12776384404186134,-1.864896573264652,-0.2541518565147558,-0.029803756643859113,-0.9977032919968216,-0.06082661612007093,-0.031048063009248783,-1.4368823244812592,-0.12008720498777137,-0.032979053393854416,-1.710392289347905,-0.17262325364767017,-0.027035004163946885,-1.9450877152334067,-0.20938691011834112,0.09977074675215378,-0.9386036743518402,-0.08124880501808646,0.09472785167460594,-1.336115145694588,-0.1330574404993584,0.08213978343511467,-1.5756232434085196,-0.1545620214882976,0.07115815343184341,-1.7732219791403854,-0.1686424839452011,0.23544151623363282,-0.8189494584949042,-0.11536905185518719,0.24254484296198456,-1.1298772493251679,-0.15441154838879934,0.2237280306255808,-1.3218173898804428,-0.15711516505559806,0.19938775827612487,-1.4875105616636408,-0.1548904644665323
Pataka,0.0,0.0,0.0,-0.28232766107050866,-0.11309169368295895,-0.11666920767233556,-0.4687985096154153,-0.4261711587040486,-0.17776509017668218,-0.49215295945665194,-0.7464998161933634,-0.23023486094955245,-0.4476450284977327,-1.0055243475996962,-0.2782802779409135,-0.3166857947515026,-0.9451918255468329,-0.09099005529081769,-0.3526360136993961,-1.343893931965177,-0.18562706223082304,-0.34989110908789756,-1.5931164545251357,-0.26796557472681093,-0.3324840008956583,-1.8182663347095085,-0.327858885221968,-0.16155301794258412,-0.9817677447325646,-0.10016345539355652,-0.2009379194750147,-1.4215306319116547,-0.1742283290054983,-0.22079041960697912,-1.704293789625923,-0.2436404450535597,-0.22789521971262622,-1.9605357236353453,-0.2967748954784129,-0.014135664362986154,-0.9363577964242874,-0.12719279777943976,-0.0422312867200382,-1.3353895697427345,-0.19615523708538357,-0.07170182591111647,-1.5742931124071686,-0.23901226028632283,-0.0989699466561249,-1.786019721872841,-0.2725149670753117,0.14525204802993372,-0.8249669171969163,-0.16816394038487795,0.12881393436728453,-1.1284669057778136,-0.22932091963250165,0.09800066218203177,-1.3201918386646412,-0.25255176250773115,0.05780391604072869,-1.5015063141651948,-0.2691916413015229
Pataka,0.0,0.0,0.0,-0.25726513073747354,-0.1740325199510363,-0.1364125304286727,-0.400845367065405,-0.5002313329881408,-0.20167936019837282,-0.3814628751765154,-0.8300712355263655,-0.25451516098019317,-0.308841052285926,-1.0942183552900098,-0.2974021494575713,-0.19508967264074312,-0.9790920098292835,-0.07020502247580629,-0.19907546251741695,-1.3658465983379273,-0.15333781750762923,-0.18848206306781365,-1.6018681620134547,-0.23210062270552106,-0.1695401637212675,-1.8173289108545791,-0.28878377703922636,-0.050774774458979294,-0.9969271857148528,-0.0596498840007521,-0.05759718248551794,-1.422700169034046,-0.11938001992521738,-0.06707593138835657,-1.6897708491787777,-0.17960787615039123,-0.07032143373741312,-1.9253699758955405,-0.2244912596301941,0.07588906079745157,-0.9356610410717345,-0.06995965839403288,0.07575199892705335,-1.3095548278829747,-0.12051806016966488,0.05743991933198266,-1.5363259938688454,-0.14949254161935804,0.038151785335214156,-1.7262934905283442,-0.172476647400706,0.21213060567284817,-0.8071200207582264,-0.0980034664099615,0.21566787592139047,-1.093079156348547,-0.13781089393291282,0.1926246046731332,-1.2748551605521934,-0.1478846217666266,0.16067128899921204,-1.4401691646987007,-0.15387944842971363
Pataka,0.0,0.0,0.0,-0.2541605196387408,-0.17564826399047015,-0.09982871711915306,-0.4138366107742792,-0.48999934633485726,-0.13412168976025274,-0.41900539362281075,-0.8133693497084614,-0.16035029513219495,-0.3489346765718476,-1.0513801024149105,-0.17293564751540025,-0.25450095630617814,-0.9689903952852833,0.011207948841338413,-0.275929335519658,-1.3365216264963828,-0.02757178535527101,-0.27383946465733305,-1.5491030624250035,-0.07887770842307347,-0.26251769816815257,-1.7319016488916006,-0.1169833859053048,-0.11631455525313676,-0.9929139655233686,0.02434710054449122,-0.1462653757519881,-1.38666250799896,0.010120484937166904,-0.16215779837879987,-1.6187001184390108,-0.019103216170122304,-0.17294182705814204,-1.7961168898364406,-0.04239848325396299,0.011765463567594,-0.9481437778515,0.016794632573085434,-0.015832494709727335,-1.2966050238783806,0.005333381966136367,-0.04319581214246428,-1.4966448720901666,-0.0016268623877791794,-0.06780290637329527,-1.6406136256658885,-0.0105000126527425,0.15910769789119147,-0.8492997086264,-0.006905627842598645,0.13990471882944283,-1.1162408937973438,-0.011747588357139975,0.09874092406011811,-1.2594582434896227,-0.002435238871347035,0.05221358071173742,-1.374632900612217,0.004228469998485605
Pataka,0.0,0.0,0.0,-0.2457617401192218,-0.18497062751453702,-0.100425427109448,-0.41038673374885937,-0.506250400187765,-0.1533473717375358,-0.4118814161457541,-0.8224495825846718,-0.2013411865435138,-0.31789097098849844,-1.0450657122062539,-0.2435315448833871,-0.21005132214168049,-0.9763330010353545,-0.051719054114606394,-0.2189358244983098,-1.3536698348497311,-0.13079879412255305,-0.20941274556633097,-1.5815625922942878,-0.2055248842646281,-0.1915150281331618,-1.7884263154301026,-0.2605131340965657,-0.063689048621416,-0.9962132980666291,-0.059184202629659954,-0.08016878883948217,-1.4074822601447645,-0.12270128425948652,-0.09448534794008503,-1.6629777215992136,-0.1854058482919604,-0.10734189633587242,-1.89023498967388,-0.23238778698171367,0.07090076057389433,-0.9462287106942119,-0.08363186800376324,0.06318369683549419,-1.322128509736709,-0.14353540161778727,0.04229637713119259,-1.5506094985598975,-0.1818526380741994,0.014663513498738111,-1.7400314607611191,-0.20929667753429435,0.2050410251588898,-0.8381413729786361,-0.12092373666240097,0.19941091231084726,-1.1478049414186096,-0.17158834782768964,0.17800897920424652,-1.3361391980195172,-0.18937284793757955,0.14632807678287127,-1.504843221231338,-0.20032080576994257
Pataka,0.0,0.0,0.0,-0.24713829862836448,-0.17512261199368148,-0.10151246280483003,-0.41478892711541043,-0.48500474646599,-0.15629005148136166,-0.4269958743138307,-0.7996271464660798,-0.20537672892675346,-0.360188499288703,-1.0365605772050352,-0.2490140732981875,-0.2302337126635751,-0.967415092505436,-0.05734018306323066,-0.2497111736007626,-1.3551307773065044,-0.13993958690575004,-0.24108635887504065,-1.5881641244680493,-0.21403597907727284,-0.22378943704650775,-1.7948114532971229,-0.2668961322564779,-0.08305516954666643,-0.9942162976147959,-0.06808665338157065,-0.1046796619890104,-1.4104644490515326,-0.13405126181127924,-0.12005498637895946,-1.6692953107499335,-0.19574215302631162,-0.1334306703044557,-1.8983126231808238,-0.24058017768670079,0.053815756099220374,-0.9482868104869803,-0.09621977910268488,0.03681806989433185,-1.33444009723823,-0.15922859408244072,0.017650872399661538,-1.5639529192613564,-0.1944253492744424,-0.0063706861334354515,-1.7614223458335496,-0.21834160009005824,0.19402938330420205,-0.8435287873619411,-0.13707772210777083,0.18469412255494455,-1.170151893140186,-0.1899262245023735,0.16810531394210873,-1.3640661735849033,-0.20389991576450886,0.1427199111172633,-1.5397197644536376,-0.2107656078157607
Pataka,0.0,0.0,0.0,-0.2541605598581726,-0.1597409356556194,-0.12110995497930305,-0.42753247527383886,-0.47159524396311137,-0.18289549886284287,-0.45890344356293983,-0.7860974832759564,-0.23686987909403995,-0.38220874931742577,-1.0341454517307211,-0.28289680073572676,-0.2686641442386606,-0.9577953213896002,-0.05747049159630156,-0.29137682989741737,-1.3401122546586066,-0.1446657968339521,-0.28868649712349603,-1.5770132142489102,-0.22657137618131862,-0.2763947395772461,-1.7954492933928383,-0.28844660277746675,-0.1154047350008136,-0.9913640486364516,-0.06228218212727773,-0.14394687128127745,-1.4111809871437198,-0.13101937460737353,-0.15713560455793998,-1.6754016638033584,-0.20126902479790776,-0.16844696981037918,-1.9254789729762336,-0.2555439449010038,0.026814561419967457,-0.9447151683427292,-0.08754224319536719,0.008567534920043987,-1.3240772531320266,-0.1539644898205277,-0.008318275925376657,-1.5540269975550676,-0.19549457016165964,-0.033051584181603554,-1.7608525213973134,-0.22705954140239304,0.18196441586299808,-0.833018012283263,-0.1278181029989441,0.17174499522074302,-1.125949837880322,-0.18328050791213774,0.14825045265184533,-1.312701492670313,-0.2038124126577431,0.11318220865488082,-1.4917685203941853,-0.21900446851123037
Pataka,0.0,0.0,0.0,-0.2402937477845583,-0.1714312057926366,-0.09381985393285863,-0.3882338086371152,-0.4937942076637466,-0.13697683002822045,-0.40976453164315224,-0.7974159717084888,-0.1769258700516871,-0.3662793321978822,-1.0458474048502824,-0.20756872012743643,-0.22571671965149767,-0.974251428292042,-0.008558593889542419,-0.2401329733928128,-1.3317094915689047,-0.07495528001567711,-0.23185448673558778,-1.5537668169227774,-0.14616282154987625,-0.21252989067974165,-1.7571092653326446,-0.20085335282230213,-0.09325976354043383,-0.9954516955952916,-0.019456059232057107,-0.11356825928745437,-1.392340060815483,-0.06646881341904629,-0.11748514452474122,-1.6432077613070675,-0.12438493153336201,-0.1164393462429004,-1.8707595762402847,-0.17050869335911098,0.03262775479174705,-0.9396799857782638,-0.050310149213413057,0.02322600664546637,-1.2999186273154995,-0.09565223327895932,0.013385030418323082,-1.5177852921248207,-0.12572312868099628,0.0010445387174958728,-1.707362231715306,-0.15157344888528923,0.17482987027085573,-0.819743189224947,-0.09553967096173907,0.16483936576218977,-1.097013247733332,-0.13369753176390636,0.14174165474214537,-1.2733153687856782,-0.14474334876366166,0.11184859408106194,-1.438654601655052,-0.15416381043735314
Pataka,0.0,0.0,0.0,-0.2566238588014279,-0.17972599502875172,-0.0818543570448017,-0.3947611254063525,-0.5192675699300592,-0.12492179269435962,-0.3998648120636555,-0.8290703807194924,-0.1658709004002719,-0.380850484234243,-1.081757241496498,-0.20211760310747992,-0.26540384445082066,-0.975513966606645,-0.04154937912789345,-0.285910358234596,-1.3757866884637577,-0.11781049988836566,-0.2825303517012731,-1.6112919634445335,-0.18640618553708163,-0.2678899996546616,-1.8153812938068097,-0.23573340401001402,-0.11379592618363268,-0.991554554922664,-0.062209740363763935,-0.14306275796706588,-1.4356732672959132,-0.12121985959034738,-0.15443056824862744,-1.7024985671742079,-0.183414717759368,-0.159712906527072,-1.9299271461058551,-0.23055351091406318,0.02931803155838107,-0.9370424009517025,-0.09837945517408345,0.010065364669652513,-1.3415113139898363,-0.1536230084256727,-0.004361746246538875,-1.5805574960444575,-0.19227485706713504,-0.022199255006316317,-1.7835042774181913,-0.22323516019467712,0.18123479124878397,-0.8207121315407486,-0.14538424820477291,0.16606651567599437,-1.1211639103495077,-0.19500405148788533,0.139368160303181,-1.3161306455166617,-0.21283101911752644,0.10452347353670217,-1.4925685380644478,-0.22548872604654902
Pataka,0.0,0.0,0.0,-0.2555806657525137,-0.16504303988556077,-0.08933694158532633,-0.401586142121918,-0.49601197653133444,-0.143009313021221,-0.42604431617416516,-0.7907478011396026,-0.19554217234456606,-0.40563274846992853,-1.0472895045737443,-0.2451481181279915,-0.25870776377715243,-0.9732285173405264,-0.06506506228227157,-0.287901918099023,-1.366088638694849,-0.15824649274230368,-0.28266219297895745,-1.602438750244267,-0.23875051601348585,-0.25995503182020957,-1.8189180484003191,-0.2979465214486991,-0.1168498306819943,-0.9889151583866582,-0.09161291711696518,-0.1475168899265853,-1.4246740327844523,-0.1720977420102466,-0.15629099614185982,-1.6986643318910846,-0.24729970137251533,-0.156692595776548,-1.9488677065243094,-0.3040942985174451,0.02211424901700683,-0.9246914378903649,-0.1347405850848114,0.005463840449965122,-1.3279774867343075,-0.21310548839409296,-0.0075642056443551604,-1.567222391460619,-0.2671237047349157,-0.02617866644754529,-1.7838486534232585,-0.3071640251656998,0.17188083977214247,-0.7964305209982216,-0.18873811506156749,0.16941279655250188,-1.1121868241007182,-0.26092911763520427,0.14498789521346964,-1.3205286951146749,-0.2964473697925549,0.10787174729545737,-1.519615605436566,-0.32208306673177933
Pataka,0.0,0.0,0.0,-0.3044807474253422,-0.15625428810803244,-0.08364111435139691,-0.46928721081619573,-0.49677329974628354,-0.11720643531797467,-0.4748543506729437,-0.8307586112023697,-0.14735188262536772,-0.45008255165742855,-1.0834029960143787,-0.17216097387219492,-0.31962417788601577,-0.9549362874395934,-0.02625208692821203,-0.34374522113661715,-1.352818598198279,-0.09286182278184615,-0.32858775287211733,-1.5813348518193941,-0.1545667729913976,-0.2961155971125138,-1.7686945198758073,-0.1982603579121853,-0.17036775799813944,-0.984511868950022,-0.04136673701444275,-0.20089942901309837,-1.4267898159103576,-0.0881934187958812,-0.19921102640470334,-1.681264316111027,-0.13949830670443525,-0.1841402703448218,-1.8928031577335578,-0.1783052630749417,-0.028906967818024442,-0.935251696479522,-0.07353613934386258,-0.05211154959391305,-1.3376804146544454,-0.12135462936141125,-0.05381426615965218,-1.5688903157146707,-0.14958560788682448,-0.04768163293663976,-1.7597509199941666,-0.1730178207062326,0.12578033317831305,-0.8240396120096988,-0.11751747623029431,0.11004252829596206,-1.125125650265174,-0.15613097555512045,0.09999854869669224,-1.3056725650095917,-0.1605659320140953,0.08845975010507005,-1.4687634016577449,-0.1642471849779653
Pataka,0.0,0.0,0.0,-0.26071002936786225,-0.16654251669934894,-0.0909875509621607,-0.42765129538260954,-0.48489395368322374,-0.13615766831215423,-0.4438537774334383,-0.7851035369459233,-0.17862661677997288,-0.406213940740441,-1.0254510223263043,-0.2155603070702018,-0.26554453093606156,-0.9656743979814493,-0.041309127824391875,-0.2855151940174048,-1.3394513697409705,-0.12109742895484589,-0.2786678669576013,-1.5631166814598816,-0.19603519626666535,-0.2582508526689019,-1.7583973856615382,-0.24929371214767485,-0.12171279103468322,-0.9909110322849505,-0.057282829840375186,-0.1516894862790525,-1.398706138073891,-0.11669731849940512,-0.1566156620319642,-1.6500888676660619,-0.17322512564245907,-0.1508644186166409,-1.8677499972591762,-0.21451855063508032,0.01790632452028573,-0.9400497939493058,-0.09141241454193473,0.0031924747820864436,-1.3134421347902419,-0.14499273209084657,-0.005438635399399759,-1.5321654829543994,-0.1713454590505276,-0.013064000597095327,-1.719005723028834,-0.19211966639373532,0.1661592213047866,-0.8241869797130649,-0.13886645683585241,0.15699218441183915,-1.1065014950151,-0.18030340296364517,0.14063067960771636,-1.2735683002879965,-0.18319367966259342,0.11624076753471183,-1.4227919799452609,-0.18419407062597098
Pataka,0.0,0.0,0.0,-0.24638062535641667,-0.19582808760784123,-0.08920672810392169,-0.3884794652318954,-0.5227325243084986,-0.13137092330005834,-0.3791591289702153,-0.824651674434163,-0.1709533461121611,-0.32350186948821913,-1.062709548006262,-0.20445189707597322,-0.19120623972659237,-0.9827746685787184,-0.030286662060951687,-0.19075626709881702,-1.3566343779817316,-0.10290182042282162,-0.17879705910392518,-1.5869789465673045,-0.17204339270690855,-0.1592829558411455,-1.785441261029619,-0.22307299820923293,-0.04343426108209022,-0.9980670609098947,-0.04444779961862581,-0.04282036294217474,-1.4056315103469634,-0.09932309860344007,-0.04181513376855527,-1.6625113518656782,-0.15358996685768708,-0.03620624915541204,-1.8793763855843209,-0.19373966967778472,0.08867441231031892,-0.9358354594153327,-0.07718128825087438,0.08982789053033664,-1.2962050862059473,-0.12921739301084825,0.07834129894706954,-1.5148624625077416,-0.16080769715174137,0.06287114323584525,-1.6964915428857472,-0.1856361585891239,0.22381773981176797,-0.8058032403555696,-0.1231601566390727,0.2317047439094462,-1.0750274761153826,-0.1685513269064889,0.20954209208274996,-1.239507470654873,-0.1810739199850169,0.17499793536920238,-1.382597217994528,-0.1892938554430954
Pataka,0.0,0.0,0.0,-0.22634580088187028,-0.17914730354579572,-0.12067977955300531,-0.3702132530933605,-0.48557182416025824,-0.19207649338509553,-0.36967559568514285,-0.7857413011447963,-0.25510577798399603,-0.2954917307697621,-1.0247228660265972,-0.30948516627457856,-0.19060217702400623,-0.9713263685377248,-0.08518967094199768,-0.18453003470169374,-1.3787906420083174,-0.1765577927965327,-0.16515336151904378,-1.6209159362962007,-0.25533508370752434,-0.13629787334200644,-1.8309356223888633,-0.31054748785455727,-0.0418068927504013,-0.9951594954619807,-0.08893684450447176,-0.04266870198102028,-1.4294818299581655,-0.16047603687065065,-0.040254042539735656,-1.7059538167307262,-0.22280542969602968,-0.03504189854400639,-1.9428279420409096,-0.2670378699482306,0.10316828945976438,-0.9431611969791198,-0.11124880637961274,0.09941356103201611,-1.3336764952174045,-0.17444187593039762,0.09286822948515909,-1.5742205081012606,-0.2078530440720504,0.080103166937075,-1.7757738556459304,-0.23121644512573017,0.2565567507296752,-0.8220240311341066,-0.14824674159969686,0.2573479347028995,-1.1191388751911218,-0.19935678033486642,0.23563700621815273,-1.3075112860758948,-0.2122521147920231,0.20489745348230892,-1.4713767326447047,-0.21857257733023944
Pataka,0.0,0.0,0.0,-0.26271183828866096,-0.15686672618914005,-0.0979612583275075,-0.4181558644996873,-0.4898872209022599,-0.14044293191305865,-0.41544209761921486,-0.8104027598677737,-0.17734759781214177,-0.36470286071547514,-1.057379597926705,-0.2070767228773738,-0.25091576207932736,-0.9743183813288574,-0.03621666717474072,-0.2538610987616237,-1.3677898744895198,-0.10847429659953152,-0.236980182266186,-1.6080100762655243,-0.1765283986626642,-0.21365297404107092,-1.8148389194437486,-0.2263228396312954,-0.10260182973017579,-0.9937514133213687,-0.04394306609468873,-0.11159762666930563,-1.4156117420783332,-0.0990289708422073,-0.11519516235867121,-1.6732915984052192,-0.15377723663388368,-0.11432668237727371,-1.89411661735922,-0.1942734252383478,0.033302981716890986,-0.9398280916425505,-0.0701768441523509,0.02332142830252528,-1.3194746625402989,-0.12189728118105905,0.008558946660809892,-1.5464069155068942,-0.15220139201327956,-0.006138091341259612,-1.739323857909684,-0.17657515077845112,0.17942259442218955,-0.8247310015187903,-0.1100459927273091,0.17407355573899655,-1.105304665101114,-0.15380980696380003,0.15416806168704741,-1.280145086053397,-0.1655190211913102,0.12834467269959876,-1.439822905561457,-0.1737149630767268
Pataka,0.0,0.0,0.0,-0.23965253669911082,-0.19495212471750845,-0.10680055772573084,-0.39724147303850516,-0.5127374471883861,-0.1593290262967556,-0.4144893545409818,-0.8239436056940408,-0.20672868435476818,-0.34338117376119637,-1.0552955513327011,-0.24480227524311435,-0.22676349811665994,-0.9719345027459536,-0.03367079283157177,-0.24874884741190714,-1.346626333697586,-0.11295092142982557,-0.2467200660082162,-1.574678168747548,-0.19022866290341006,-0.23686893522825822,-1.7820338013283405,-0.2463694177645283,-0.0957422843986938,-0.9947641652601021,-0.0357445169570392,-0.12039663533700026,-1.3996767401989703,-0.0946674907767324,-0.13662607667375185,-1.6536617468804236,-0.15177887682064695,-0.1503565938503883,-1.8834050429929037,-0.1936882337869433,0.03156962040553803,-0.9475802170811272,-0.057618762250732904,0.009338873599185712,-1.3099863795683726,-0.10778664014414283,-0.009018561006307562,-1.531142787524113,-0.1284112556846652,-0.031090568828578673,-1.7193128701360294,-0.1440601051376759,0.1761209028380993,-0.8372460945386012,-0.09539005433317793,0.17009975499548843,-1.1157706498573736,-0.12876366027878935,0.1481233145207764,-1.2912177219059036,-0.12917203605647468,0.11772965842588079,-1.4479068673712459,-0.12834843837623255
Pataka,0.0,0.0,0.0,-0.20410813163180713,-0.24016969795068455,-0.09386320595258221,-0.28643451014365606,-0.5885549009846812,-0.14520640278044378,-0.24534641082151376,-0.876357716588368,-0.19559680247844105,-0.14880043766968323,-1.0629529930655417,-0.24010960981149806,-0.07529017360559331,-1.010698528547689,-0.03812026514270887,-0.03464063372576858,-1.3830111068916602,-0.11687673302462755,-0.0032218074152693538,-1.610446322226055,-0.19168449124367157,0.0299063310630919,-1.8059265990731468,-0.24575723925423043,0.05394922934811591,-0.9972225595767297,-0.05134829426553966,0.08710132814722818,-1.3940253668368887,-0.11412002592036477,0.10547162049445125,-1.6511848575829549,-0.17149505967800122,0.12161574232618341,-1.8687606148597455,-0.2117767578255821,0.17610707393129085,-0.9210026399534231,-0.08246292678846859,0.20284593616367372,-1.2965211947864532,-0.13871026778254458,0.21077894164660987,-1.523632517927839,-0.16497083280850725,0.20809239068240318,-1.7127547525185027,-0.18292728816490195,0.2995835918815123,-0.7832299399093909,-0.12761824376059286,0.33101824911822203,-1.0686196089231548,-0.17281575202296814,0.3265577786926997,-1.249500134969778,-0.18022661772596701,0.3045630599690163,-1.40437323036123,-0.18233274596483817
Pataka,0.0,0.0,0.0,-0.2630458858473976,-0.13735023909451635,-0.09739011497784433,-0.40724086323244646,-0.45845141442295917,-0.1421340017158742,-0.4234881055103703,-0.7670638212619261,-0.1865610788152644,-0.4109272477241674,-1.0045254965683057,-0.22606686187522693,-0.29467436261788865,-0.9251996515419516,-0.03993504788600469,-0.33193797545331133,-1.3346663888389227,-0.12843051102233669,-0.3452585795290461,-1.5944736396252448,-0.20686240780944848,-0.35033993872366587,-1.810541879903258,-0.2623415581852158,-0.16384726865253185,-0.9850112984341634,-0.05391488210270483,-0.21558444619900466,-1.405760946893541,-0.12912577484028315,-0.2531350118843861,-1.6697812085275439,-0.1943528375789121,-0.2869238269951047,-1.883824394924772,-0.23831194864699218,-0.029359536372856588,-0.9727537774289935,-0.08705601628101445,-0.09023005332478556,-1.3694621135422373,-0.15983268474486376,-0.13973059022345616,-1.604533139248716,-0.1918399667788989,-0.19647984634172022,-1.7986398902024008,-0.209399225480148,0.11295503383717728,-0.8983496652973637,-0.13358847972323876,0.08097453660474666,-1.2207175525540093,-0.19623298144074913,0.030797109296548653,-1.4119428381440384,-0.21014374349088663,-0.03826911809106924,-1.5660706907709698,-0.21388274673267393
Pataka,0.0,0.0,0.0,-0.24926709372039824,-0.16660148485231074,-0.11521940879048292,-0.4284144409029268,-0.48218022071995514,-0.17809459696169538,-0.4648295354581848,-0.8045942034506157,-0.23374703118833245,-0.37974514073777693,-1.0393289327932391,-0.28061187395632675,-0.25348590625351514,-0.9681989829255216,-0.07109807642796086,-0.2731575163280249,-1.3794203179571844,-0.16145480087573938,-0.2722359273253568,-1.6235161877671265,-0.24017886614285938,-0.26110943534874653,-1.8337544495601512,-0.2950833159841657,-0.1015146468185603,-0.9920913319315652,-0.07382117303020852,-0.1306652929435061,-1.429943198679122,-0.14169712895195247,-0.15001557976206886,-1.7013376751759557,-0.2021655592209604,-0.15892902523728886,-1.9373388188378808,-0.24442650241228986,0.04781821734454206,-0.9478573714815972,-0.09490424920482127,0.023033945871451394,-1.3409293364678228,-0.15166680663919513,0.0024692574908443924,-1.5757099140927695,-0.17861498941405377,-0.015423901565138641,-1.776157448571496,-0.1970950016677799,0.2046597972572257,-0.8416484770006172,-0.13099712954486445,0.18303982782381437,-1.1499862664986362,-0.1769700618858018,0.1489055889942232,-1.3340640377895023,-0.18376697342032064,0.11232174193764054,-1.4970296382696648,-0.1841741177257427
Pataka,0.0,0.0,0.0,-0.2830298769253396,-0.179822664974101,-0.12799636887784038,-0.4700856041414706,-0.5181746901898601,-0.1940510049250118,-0.4753400817803658,-0.8591501693574529,-0.2500009005439719,-0.3680286314812874,-1.1042574751090275,-0.29903329725821426,-0.2601353929604091,-0.9777769319678821,-0.08559580931160246,-0.2573396374162456,-1.3808574026536569,-0.18305142491827742,-0.23672472514565365,-1.6303821896060724,-0.267041996628049,-0.2119432143274875,-1.8511016107713305,-0.32693926134963547,-0.09711357509279558,-0.9914475133258502,-0.08718246298817293,-0.10088005906403906,-1.4200657474254146,-0.16240892591915415,-0.10209590272706942,-1.6895407518026977,-0.22791473363333037,-0.10162045126204214,-1.9340049905234848,-0.27608028301911103,0.0484351310873783,-0.9323365323220858,-0.10857638211801966,0.04812333008870612,-1.3193057227342746,-0.1788878565176917,0.03999415538112806,-1.5535436096257786,-0.21232114665082022,0.0256397746075748,-1.7557777373645551,-0.23524248515263058,0.20286710178925993,-0.8103239352833008,-0.1454878191500285,0.20755817484905156,-1.115578915301277,-0.20273277030422504,0.19066108396609535,-1.3006106395029058,-0.2154405083759756,0.15934869396418053,-1.4628012283497818,-0.22196636359854618
Pataka,0.0,0.0,0.0,-0.26007574619741514,-0.16778402969691486,-0.12076595317664,-0.438558279582942,-0.48361609581663556,-0.1905068051921576,-0.4684949908415037,-0.8063614201662567,-0.2514117719126268,-0.38451353012433015,-1.0550019225486782,-0.30525559224586185,-0.27149197736398606,-0.972964937238377,-0.09486350175858253,-0.28834798650769405,-1.388511862750745,-0.19626979819248144,-0.283959953672852,-1.6379215131829958,-0.27817631460430203,-0.2681215533254072,-1.8531650022939146,-0.33436914224884756,-0.11839997173575319,-0.9877978277476457,-0.10117755773888389,-0.14389290853114248,-1.4370126967715404,-0.18273219837021848,-0.15717021871491327,-1.7142330986841727,-0.2445517166903867,-0.15975853153428346,-1.9579432756460575,-0.2864565390452337,0.028545331078533,-0.9277848351068735,-0.12607464110343042,0.005863241510189284,-1.334744093011201,-0.1989042112829562,-0.011494874394137765,-1.5743185868354912,-0.22749731704197196,-0.026893823299629364,-1.780340941461375,-0.24492149109692693,0.1888655999525796,-0.8064111123155434,-0.1655708660777272,0.17515186306637742,-1.1208794530165775,-0.22388537295389782,0.14790457734834325,-1.3155153917654625,-0.2346027812645211,0.11063589748893463,-1.4905393515606322,-0.23766441180584746
Pataka,0.0,0.0,0.0,-0.24403629863780188,-0.16516473049429617,-0.10714417951444029,-0.40263882281755115,-0.49056117225457435,-0.16053002317893492,-0.41150345870264166,-0.80648377497491,-0.20599804041627565,-0.3511585017525791,-1.0421869973431295,-0.24297855493752643,-0.2361604565443557,-0.9783709760123988,-0.059185280181742204,-0.25507860353449024,-1.365781710818633,-0.13777994769805657,-0.2550490724447398,-1.5978280552077544,-0.21011459967023915,-0.2489610226161861,-1.800880178421888,-0.26248865096265883,-0.09466041505008403,-0.9935227477243607,-0.06286458125830698,-0.12292100432127147,-1.4060913165180018,-0.12153691511969128,-0.13913987698421593,-1.6675333721787184,-0.17676891850139767,-0.14870828187335933,-1.8953859700132787,-0.2175742068603277,0.043443219312888526,-0.9386125067183727,-0.08441697300071245,0.02426028794499148,-1.3165868970143475,-0.13655157671937426,0.007962444502714362,-1.5387791481067399,-0.16185248302994712,-0.012698036782696832,-1.7284208384741966,-0.18081245881785324,0.19175465642960132,-0.822982695275488,-0.12046381048157191,0.1793257175546305,-1.1139256459769111,-0.16449585774167214,0.14922325098900763,-1.2911297704094697,-0.17359582986727395,0.11062014410521835,-1.4491818218038708,-0.17755354545414226
Pataka,0.0,0.0,0.0,-0.24947174320148074,-0.17185740245191777,-0.11559920936630472,-0.402135803779963,-0.48944064306090146,-0.18220977898323779,-0.39593275724425964,-0.7907789677750758,-0.23995664541518688,-0.3318654994517556,-1.0311471175640277,-0.29058317267081113,-0.23533312166411074,-0.9818996001441865,-0.09542058121851617,-0.2285644067079402,-1.3897086913657362,-0.18971630027980693,-0.20881813843306507,-1.6353929659417135,-0.2690569312151843,-0.18623271664576996,-1.8536730188072348,-0.3251405659759385,-0.08417879727950339,-0.9911449002531738,-0.10269234046754672,-0.08744538761203063,-1.4198956928074595,-0.17453061298188954,-0.08466608297686147,-1.6940000755200013,-0.23464776041169985,-0.07698071489428199,-1.9349443190177156,-0.27920932793630987,0.0605608858291849,-0.9235735872280829,-0.1271192494630581,0.057090037070427514,-1.3091818339638974,-0.19256128181797533,0.056009282183814776,-1.5401629769474035,-0.22021206642313737,0.04983828375657476,-1.7400605436957906,-0.24032937360435566,0.2130859425637298,-0.7894136411301803,-0.16569668943986018,0.21549997598677476,-1.087112381863929,-0.2211737268705434,0.19953384002341756,-1.2705966836176268,-0.23027575166330572,0.17471354532304118,-1.4342999661354654,-0.23370246187509064
Pataka,0.0,0.0,0.0,-0.23289643579909028,-0.1839373814573559,-0.12619920868059017,-0.3751488407866506,-0.5168794782007333,-0.18951282602672873,-0.378211158465157,-0.8321076476062957,-0.24414414763503992,-0.28356963564867604,-1.062501561814725,-0.28930040165358034,-0.15945887655838029,-0.995769697274219,-0.05650749644031284,-0.1394595581796823,-1.3799083970756865,-0.14151175545302053,-0.11519695710421472,-1.610983144363928,-0.2200720980401684,-0.08209170416632214,-1.813472716110219,-0.27778558218008187,-0.013236376452564019,-0.998444369451427,-0.05416308197608809,-0.0005078646757517613,-1.4151833198763317,-0.12089953396170787,0.008376495879850909,-1.6749736845998933,-0.18433873740973067,0.021795654546634766,-1.9096517358516811,-0.23121261266055393,0.11861052740467824,-0.9294397900414938,-0.07338356973576447,0.13585952548618915,-1.3031132880341731,-0.13559584245947717,0.13651459731433274,-1.5299721860414157,-0.17006145816033225,0.12994670486511792,-1.7300459248534545,-0.19527957677288754,0.25794986640990725,-0.7949848661343766,-0.1086539178696948,0.2741847707749412,-1.0778417738202222,-0.15973575812955296,0.25944361009792755,-1.2551401127047073,-0.1754444097031848,0.23083798911814474,-1.4206855961057325,-0.18515594155988357
Pataka,0.0,0.0,0.0,-0.26196759428491995,-0.14938702229360118,-0.10415678698111162,-0.42641623283438296,-0.46773435093296245,-0.15130691095888263,-0.44500331257978715,-0.7870149998609534,-0.19238648288586074,-0.38355001773646963,-1.0198015647851988,-0.2244681928940144,-0.26484522855243,-0.9672030377267017,-0.030046881831939442,-0.28663757558388486,-1.3495840294531327,-0.10249527855228298,-0.28351163432502186,-1.583273341093029,-0.17380971913910936,-0.2708868144668304,-1.785414856982957,-0.22487636558664298,-0.12328834619247557,-0.9918920242196803,-0.030825249107012315,-0.1513313362724816,-1.403635627540895,-0.08162704616860733,-0.16802120186764807,-1.6556387159731507,-0.133992598211221,-0.17772459288081965,-1.876703827489443,-0.17217568561032226,0.011218435501177218,-0.9451510219031247,-0.05087863056956602,-0.014970721849709297,-1.3133708717291912,-0.09539799413494664,-0.03879414570228105,-1.5321142509028745,-0.11610159660770601,-0.06095254929669554,-1.7123473228153074,-0.13259961561465938,0.16158711738122547,-0.8360136952794195,-0.086207982216184,0.1475583921043694,-1.11238763978312,-0.11781481414117113,0.11633079255789286,-1.277504352217804,-0.11862560773741616,0.07673429714312015,-1.4217589392367256,-0.11802477505492852
Pataka,0.0,0.0,0.0,-0.28256583208217184,-0.12256369982658719,-0.0844284540832711,-0.4518883468564955,-0.44251170910350257,-0.12451936146801271,-0.46496137445750724,-0.7458747568695533,-0.16124143658683904,-0.44847572065609087,-0.983168710825034,-0.19448769403889218,-0.3177452533016388,-0.9473069557098204,-0.04959470238304159,-0.3372964346812264,-1.318646034921049,-0.13025300640124862,-0.3313926965939102,-1.5520849745754615,-0.20358256530075902,-0.3183108671535253,-1.759635791190348,-0.25732389377397297,-0.16961565429431355,-0.9830202276216972,-0.0700125839038852,-0.19574563657226454,-1.3931769492228157,-0.13244093319062494,-0.2117213577230458,-1.6478466908223974,-0.19134444478397436,-0.22280899651242886,-1.8767121182008317,-0.23591538077841803,-0.03090517148217294,-0.934540270387858,-0.10678998145333626,-0.051193793925756,-1.314480468765579,-0.16696416293400484,-0.07233542941118956,-1.5352359578834047,-0.2018388443832212,-0.09628446896796246,-1.7296605531723728,-0.2293516482463726,0.1158440694982547,-0.8167862017456483,-0.15528199338022972,0.10721520540330391,-1.1010458138741326,-0.20871238731037342,0.08424737959229357,-1.2820336359827802,-0.2255733391052756,0.05008016990072909,-1.4474842981546263,-0.23739767749935914
Pataka,0.0,0.0,0.0,-0.28310074945122576,-0.13236841437311514,-0.11175745888653207,-0.47023666746616993,-0.44952290418725044,-0.17320612839606497,-0.4871117219757139,-0.7651410854084622,-0.2264569192178393,-0.43839209265511486,-1.0110292559103078,-0.27546651440907505,-0.3112703948998308,-0.956508040192747,-0.10127446813509614,-0.33496477836776034,-1.3659066398535886,-0.20018179824698415,-0.32878200262067475,-1.614980876752628,-0.2833162458295143,-0.3124189134612431,-1.8353697899696695,-0.3412464556445644,-0.15873772397329947,-0.9807391415659917,-0.11381155999360537,-0.1889902969422245,-1.4306527235828606,-0.19133327544019815,-0.20600891627194498,-1.7154019932105962,-0.2591894919467967,-0.21143838925569045,-1.969257598689653,-0.30876947883198813,-0.012845338522519748,-0.9268190003972736,-0.14262523598789462,-0.03464367626191085,-1.3334139606388056,-0.2121774537443427,-0.05524275270172381,-1.5797687168062249,-0.25175289614304,-0.07192432473809882,-1.7906720383269472,-0.2805075011956941,0.14245920604414425,-0.808401951221659,-0.18492331764739142,0.12974546860678632,-1.1224215299193532,-0.24301024207756952,0.10588771827451797,-1.3216160677439532,-0.26007395746880024,0.0772498369899923,-1.501793629948789,-0.2704603101192984
Pataka,0.0,0.0,0.0,-0.24430366153063643,-0.16100006633828007,-0.11787325381662944,-0.3737040456259469,-0.5065563331132042,-0.16495400261732016,-0.3544276907680892,-0.8335785898457432,-0.20413623031845254,-0.2683826645859854,-1.045219482943861,-0.2346526917816846,-0.170892617900989,-0.9793702702253008,-0.044712578205525766,-0.18032927291941322,-1.3658757294354547,-0.11816816189371361,-0.1711705937585219,-1.5977269601348099,-0.18908334845202007,-0.15223273199858886,-1.8044958119331207,-0.24202053972179913,-0.029148330558833403,-0.9987426457712467,-0.040786055748047965,-0.037929785587949336,-1.4149374596693365,-0.09523652158903824,-0.04562636822097537,-1.6698029934414147,-0.15165880617479158,-0.0450288613341739,-1.8942001139175806,-0.19390289104578742,0.10026133284667046,-0.9449569397523828,-0.0569897076118657,0.09753240875327066,-1.3245658542474898,-0.10696539946876432,0.08160144694427035,-1.544135312733469,-0.1360386634339951,0.06066853349275513,-1.7324718234532528,-0.15786305887527324,0.23766855129408213,-0.8261345658292855,-0.08947502184469369,0.2371339823372881,-1.1206497851612474,-0.1312758431453366,0.20886839659163609,-1.2935051788922765,-0.14272642366969024,0.16692228348301924,-1.4477035108587901,-0.14916037712073393
Pataka,0.0,0.0,0.0,-0.26855687858403604,-0.14965643480476407,-0.08731150133244546,-0.44585835632788806,-0.4556295992390527,-0.12910085084641695,-0.46582439660402225,-0.7619164710608557,-0.16591962061074272,-0.4134002305814979,-0.9738811307052287,-0.1942444288636591,-0.30137205677653084,-0.9598963126692736,-0.030002026201008135,-0.3349306324122458,-1.345981239433197,-0.09149167701140443,-0.34942648670975435,-1.5794721635403135,-0.1547629563163192,-0.3567337906510981,-1.7762128114873892,-0.20032810081138516,-0.1608410433022,-0.9863407568622025,-0.03552562655263404,-0.20502054375103487,-1.3875493485439472,-0.07528799153195877,-0.23764175775440413,-1.633248141207458,-0.11890385159205559,-0.2596800480919107,-1.8348766867204986,-0.15095776982289297,-0.02280148004492319,-0.9487756331851923,-0.05681301384923222,-0.06131920539771043,-1.3245113829234136,-0.09112401714870695,-0.0975616120584693,-1.5482340329589948,-0.10648173177573418,-0.1301927221939368,-1.7212469228967517,-0.1195326270852478,0.13021805629210828,-0.8527085349961999,-0.09149862285912087,0.1114601358225278,-1.1353949130674674,-0.11776234512468821,0.07129015225461766,-1.30097857871643,-0.11457162184340709,0.02225719277951974,-1.434558351082312,-0.10989035551565352
Pataka,0.0,0.0,0.0,-0.2680802267739514,-0.15650395659305885,-0.05503520709720999,-0.46390825986088674,-0.44879494306869866,-0.08128221811364042,-0.5100610024611077,-0.7369844898838364,-0.10970268882001624,-0.45165883369374005,-0.9344634716840308,-0.13071253494505145,-0.3397747851812998,-0.9424674118743729,0.01193673778946791,-0.38765305500808245,-1.3099865397175905,-0.0361809775398663,-0.40542431972867976,-1.5240237496838167,-0.08903202468508863,-0.4101000517987242,-1.6987935741834104,-0.1285186087532004,-0.19462455545349097,-0.9808272676911866,-0.009957578419095385,-0.23975818456228948,-1.3768504358185034,-0.04210843731735641,-0.26092977520411903,-1.6122992505252076,-0.07936357820276839,-0.269302254392938,-1.8044194632877133,-0.10587184470754192,-0.0467698135478506,-0.9539057493879636,-0.04660186372591752,-0.09437664787190297,-1.3197987249271674,-0.07745696975573338,-0.11763567974393452,-1.5344686219002805,-0.08916538228204327,-0.13424851679597574,-1.7062005076961992,-0.0987210796334896,0.11466427491697484,-0.8640022980296744,-0.09356044526280405,0.08818095270079557,-1.1481046016018168,-0.11664181488491177,0.05451272894163404,-1.308364930267179,-0.10612816102562746,0.0172310437130713,-1.4373251868990828,-0.09643740250712568
Pataka,0.0,0.0,0.0,-0.2628988316461693,-0.17952034985863577,-0.10810618317773299,-0.4524104892437657,-0.48873953935034714,-0.17081007851903868,-0.477401542351569,-0.8025077500825042,-0.2273911393825536,-0.3825855899296315,-1.026917675352972,-0.2790960071219827,-0.27125501653124884,-0.9639304898837019,-0.08373130981812026,-0.28339519449523426,-1.3667835334527052,-0.18149780158050804,-0.27788419528456004,-1.6074749758185434,-0.26443345840201715,-0.2683139526538307,-1.8207826046726396,-0.32250194224703754,-0.11384897419751933,-0.9889676843767051,-0.09476988093666913,-0.130434704841199,-1.4235811816787292,-0.17023102660623354,-0.1472868969907518,-1.6866641793731856,-0.2313960018843374,-0.16630953196100726,-1.9212435860432129,-0.27465934315069274,0.03751913830147806,-0.9381732101368212,-0.12282364963403362,0.018279978389418666,-1.3242417755371496,-0.19082201924420958,-0.007860814169513333,-1.5582882591954306,-0.22026374352952424,-0.042645426222563336,-1.758264423413107,-0.24025100310790395,0.19288097744847182,-0.8235881709849222,-0.16442311706974502,0.18088182034141775,-1.1249980808412396,-0.21776104777978733,0.15346904362251573,-1.290815238280525,-0.2234402083699645,0.11350181520411042,-1.4329778448127541,-0.22384267210808
Pataka,0.0,0.0,0.0,-0.25827694645125987,-0.1878535847203003,-0.09095324675839614,-0.44691997162677294,-0.5039205529556449,-0.13625533958216443,-0.4817004407043981,-0.8164516609526975,-0.17744785104543337,-0.399808794180457,-1.0268499608606934,-0.21120825205180063,-0.2504222813992981,-0.9617818788876267,-0.03808029554438058,-0.27543447564775664,-1.357271295088546,-0.10926393194655214,-0.2772372733571921,-1.589728265528366,-0.1765480881016299,-0.2738716433816288,-1.7914455862583605,-0.22463690740403292,-0.10442241467552084,-0.9935698489696088,-0.04375973642336575,-0.12758442950280796,-1.4205426931214336,-0.09282791707945923,-0.14815344194428984,-1.6752000971177068,-0.1407083129727155,-0.16537936893434085,-1.8843599766407344,-0.17538717645932234,0.03362038136125256,-0.9541732930482287,-0.06556000467646876,0.003338882235067225,-1.3462645998744112,-0.10872563366906862,-0.030940257763545816,-1.5792400943692764,-0.13004819205329396,-0.06852656481920931,-1.754484985275016,-0.14552198680842948,0.17744336411922781,-0.8529888834150471,-0.10027641649789253,0.16128772885959836,-1.1544380204139972,-0.13196398702536977,0.12034075926589226,-1.3237815955451457,-0.1321101920854742,0.0704443778127779,-1.4554553724592252,-0.1294803399107534
Pataka,0.0,0.0,0.0,-0.24552325795906155,-0.15911087827040737,-0.11305579620028108,-0.4102181865972397,-0.4962806498401873,-0.16648177519935284,-0.4207125204519964,-0.8053011046292287,-0.21314189657983987,-0.3286078769575087,-1.015732008431117,-0.2535901988280646,-0.21758444396112384,-0.9771590519759619,-0.06408432809989473,-0.22655075667768795,-1.3597524015214677,-0.15143048065697837,-0.21539687376612543,-1.5984740104647752,-0.23214875760249615,-0.19677507880956835,-1.8120620610691218,-0.2919246858431822,-0.07207962829910967,-0.9950912824695352,-0.06780757138696333,-0.08296613713195512,-1.4133840082682088,-0.13527989654705722,-0.08748266588263245,-1.6768493702097178,-0.1989024002927135,-0.08851701257710813,-1.9132984969537075,-0.2467314810466167,0.06327524080008469,-0.9376473241986346,-0.0905951023763536,0.05857861961233942,-1.3111049319584929,-0.15120956134341504,0.04417359428423476,-1.53811618815728,-0.1877848765039307,0.0214313949506388,-1.7309821552517202,-0.2154263997518621,0.2074064566899009,-0.8160580732880428,-0.12846580693532136,0.20655417713026802,-1.1028750262964722,-0.17816886353571293,0.18032742610314056,-1.2753984467933357,-0.19559025205678904,0.1401443010823584,-1.4309205093276984,-0.2077063928521835
Pataka,0.0,0.0,0.0,-0.2538356172037062,-0.19018848653354956,-0.11358754585766544,-0.3975440985320817,-0.5319859585440402,-0.16709855895912631,-0.38673043858286466,-0.8576922274297724,-0.21268137431941964,-0.29565889603009754,-1.0870638202613954,-0.24899540441048643,-0.1971563645464297,-0.9910077312418086,-0.052026343738953255,-0.18366730842085174,-1.3842401350384386,-0.13379428702447685,-0.15674163137303262,-1.617598004129843,-0.2078001096927603,-0.12413213839099374,-1.8202456553524389,-0.2600978082131927,-0.04999676624729057,-0.9973708032070405,-0.05245764267441507,-0.04576352418248011,-1.4279406741980336,-0.11288344814873667,-0.038854885941308724,-1.6877342914144764,-0.16701255121624844,-0.026986517894438927,-1.916192070740619,-0.2055143000724892,0.08437304539367076,-0.9317003141180472,-0.0726243569684503,0.08707005608133082,-1.3177803160182986,-0.12713617948169123,0.08202186688679701,-1.5445605691063908,-0.14845412917875853,0.07614632223197924,-1.735388685066904,-0.16343351086177169,0.23180682777132683,-0.8023254559308274,-0.10831112843792086,0.2374518176389537,-1.0924686488923652,-0.1497400425002848,0.2205856942572481,-1.2683635391575352,-0.1526059040490717,0.19289590420813144,-1.4241413234341171,-0.1519536661571836
Pataka,0.0,0.0,0.0,0.251732869071745,-0.1292021636288386,-0.13164810733402407,0.4322107591825913,-0.41781881192649656,-0.18420654954874857,0.5392962409591511,-0.6939258248232442,-0.22644698855964587,0.6153889968215898,-0.926900223125745,-0.2655583663422902,0.2623204390556328,-0.9386097698500514,-0.09469083346944009,0.28277104141214215,-1.350722208846693,-0.18150930173703825,0.29122783977935784,-1.593065711164901,-0.25469104996481295,0.29888213723927554,-1.8096392564892987,-0.3046019604424316,0.10196479845922125,-0.990625954665906,-0.09090323326171026,0.12841442557338822,-1.4356300275790284,-0.16872010085984057,0.14264378848070372,-1.7304420562128398,-0.24034700961030211,0.16005121708282188,-1.9836236145502062,-0.2899607815110271,-0.05204320179962796,-0.9608655891687633,-0.10413966774016237,-0.029830899122636825,-1.3647814612454638,-0.17933506172325933,0.0013827871230597075,-1.6189082280579883,-0.22885651755532288,0.03704067071025419,-1.8284866903265395,-0.2588820836949699,-0.21438410825724624,-0.8618228704830917,-0.13111133775998313,-0.201497151731172,-1.1750091497811985,-0.19782175852135783,-0.167405529533627,-1.3649215636041745,-0.2211886633589046,-0.1230881237116885,-1.5317510524480613,-0.23109567069707881
Pataka,0.0,0.0,0.0,0.26415849414921344,-0.11475268075255908,-0.13396765306020755,0.4577272972165361,-0.39959158976240333,-0.1819566871679751,0.5355528340397949,-0.7104396619003273,-0.21940478826895343,0.4548245245376041,-0.9350927086774468,-0.2547465546063012,0.2979618264129463,-0.9377073672167264,-0.07104149702742456,0.3129959312383222,-1.3123313673653767,-0.1503994409309589,0.32129170981774224,-1.5431018862282107,-0.22229708613571036,0.33210280663529373,-1.7438114664595903,-0.2740593816248664,0.14925412175656613,-0.9868100147347012,-0.06268334673559557,0.17500643612797157,-1.408558945152483,-0.1321827655153199,0.19647221196044315,-1.6776131983699958,-0.20076134946443835,0.21996223956526034,-1.9064365382650348,-0.25088602963237844,0.007462974206664891,-0.9515008543745145,-0.07343830333149519,0.024337374016166754,-1.333625638030175,-0.14381110217994345,0.060507604836626615,-1.5585495302761159,-0.192521489567801,0.10036569664463561,-1.7421962095227133,-0.22459220609881264,-0.1409053556240176,-0.8507070764687551,-0.09911850964121399,-0.12907795208419742,-1.1388615702781308,-0.1624632434856799,-0.08952542486215402,-1.31368159564887,-0.19037767497188676,-0.040071223561158706,-1.4672996922998853,-0.20749915310588224
Pataka,0.0,0.0,0.0,0.26838162244382885,-0.10204663015684237,-0.11781201674480854,0.4726405917819785,-0.3749713756159052,-0.16383004217621583,0.5263640125198027,-0.6784012496002072,-0.19967262170941036,0.4562346054938071,-0.8911553832571569,-0.2340329751486976,0.33694749743037566,-0.9250757827052792,-0.08138860701144023,0.37774501961032797,-1.3157891192122775,-0.15813941885445626,0.3941460504850883,-1.5495748202517923,-0.22572879246275865,0.40826422150965447,-1.7494500326700066,-0.27185291329529615,0.1875250337904362,-0.9792788874612913,-0.07646713198800718,0.23929612075258208,-1.4130034284272182,-0.13866143551891746,0.27134515788016234,-1.6900483028127493,-0.19735134501674717,0.30231887029754867,-1.9109921491058433,-0.23897788308329804,0.04161338144394459,-0.9570528672301314,-0.08688121820756174,0.08710031044302455,-1.354922018919196,-0.1462607106471371,0.12470278027207997,-1.5979985254547862,-0.18669080131119495,0.16708583652702602,-1.790144284034473,-0.2131998720732445,-0.1126300056870513,-0.8739652523508239,-0.10995095951461759,-0.0851708706773052,-1.1730553734862808,-0.163984626297573,-0.049535898188965866,-1.3490177429482197,-0.18288635699607642,-0.003380186595933043,-1.4978068056459612,-0.19154832053029186
Pataka,0.0,0.0,0.0,0.25636963351771447,-0.1380061731124481,-0.09090374688305172,0.437337383597716,-0.41547275006543066,-0.11621458955689176,0.5075738612906152,-0.7046529092586503,-0.138714717274471,0.4456067564150478,-0.918226797366713,-0.15886258288387584,0.3005983129672499,-0.9410348439067318,-0.008389337329062144,0.3296199458539132,-1.2898497673547096,-0.06565743140815324,0.3419883760233441,-1.5046822796423416,-0.12747290462070782,0.3558667514795721,-1.6913244364084214,-0.1724465013460484,0.1603989846985977,-0.9869916839980145,-0.010935329278188122,0.19412496517030942,-1.3776030234248569,-0.055994324083074205,0.2181902228394956,-1.6254833529233725,-0.10970615510402698,0.24222338407812022,-1.8320505296805358,-0.15047041346329873,0.02582268864069092,-0.9591598395499049,-0.031037888959076207,0.051347324578713945,-1.3176561768955817,-0.07801053881228658,0.08513608486114677,-1.5322652253553415,-0.11300860529195189,0.11974855259582229,-1.7056568047724043,-0.13740137524138513,-0.11509547855393513,-0.8693031570240858,-0.06378153130025961,-0.09857126715197864,-1.1444341635267685,-0.10442536496231815,-0.06375087914385379,-1.312666695925827,-0.11894788322929203,-0.024183247377760116,-1.4577920188283116,-0.12784283364606022
Pataka,0.0,0.0,0.0,0.24717119202551144,-0.1636048847111911,-0.13112406941138544,0.4462378687450699,-0.4351724446191476,-0.1793594126117302,0.5075043275711961,-0.7365994768864605,-0.21666969243764647,0.4069470048871693,-0.9533926309468248,-0.2507159847259361,0.2748443533866687,-0.9560427379454903,-0.057855191160876625,0.29623952146181487,-1.324581520622318,-0.13287219629128938,0.3067956537198997,-1.5443616911260523,-0.20605670398319773,0.3240000741653324,-1.7366920336991059,-0.2576256832207687,0.12717055034851735,-0.9908103088409508,-0.046071498983156,0.15253913327687052,-1.4011666671081653,-0.10694725045606066,0.17310577469298558,-1.6571213982090807,-0.17183242411545366,0.20060873568699925,-1.8692259685658363,-0.21990315846712666,-0.009271337691749513,-0.9497599441363034,-0.05355008334056359,0.007482269986351545,-1.3199941843165999,-0.11431697408585349,0.03719183509926226,-1.5385606952792412,-0.1556224074977674,0.07677378522609819,-1.7156018079484254,-0.1833502157235997,-0.15171115213183667,-0.8440906097839986,-0.07651112206913079,-0.14185458702383186,-1.1252845278931183,-0.13044075857842363,-0.10517477136239327,-1.293691245013748,-0.14995532169943243,-0.05848171897293818,-1.4444420743048167,-0.16077279607575226
Pataka,0.0,0.0,0.0,0.24014061704334255,-0.15134848460177738,-0.14562421953300586,0.3395225889396752,-0.4865825846683944,-0.18696726894646634,0.3328655963081808,-0.826837442797534,-0.2105945473300553,0.24210518292309852,-1.0344335992574207,-0.22855560042440135,0.09055633589603987,-0.9689420455045014,-0.07485449521685583,0.09603896675049117,-1.352105287632334,-0.1364149153431351,0.10385089237962909,-1.584545782384324,-0.19888236954179211,0.10906141991535716,-1.7908824318220469,-0.24501200249191088,-0.06337863634053836,-0.9970279275389149,-0.04380023017142925,-0.05300502363738359,-1.4178153272972613,-0.08945439457685143,-0.03981473995692872,-1.6941012053727875,-0.14459992876066632,-0.018578833055332863,-1.9264786444479665,-0.1876801846618776,-0.19504365886080813,-0.9381379416824587,-0.031301444110749074,-0.1929311932805063,-1.3189163136898803,-0.07719275760322271,-0.1661141561312239,-1.5565912328742242,-0.12312481442588108,-0.13188285578594136,-1.7484933534928875,-0.15577371097405543,-0.31407073731549257,-0.8165850717022605,-0.03439106559192064,-0.31964762536199237,-1.1111048843461033,-0.07593222768343538,-0.30297052842564387,-1.2903372318393898,-0.09940649187836136,-0.27707919479922816,-1.438842186556945,-0.11511563899245099
Pataka,0.0,0.0,0.0,0.24237877025160331,-0.16140831498184963,-0.14478292425199038,0.39924054041536317,-0.45131553391113116,-0.2145193994412477,0.468926169843394,-0.7512180688234572,-0.273169911014484,0.43014475285568077,-0.9782053871792227,-0.3284935705722083,0.18008252745114092,-0.9733448607035565,-0.11740112962221705,0.15382313382732493,-1.3664490348807399,-0.21562724233298244,0.13645952837299755,-1.6133869436610728,-0.2969664538287044,0.1240461123085499,-1.8298502254640252,-0.3525578911953542,0.015678093361084937,-0.9937501163737882,-0.11052105498792367,-0.008142533579252289,-1.4349161958947274,-0.19427783509969593,-0.019006385042236337,-1.7217712160299619,-0.2662702798006874,-0.015559798591912356,-1.9677287528743312,-0.3168985035126076,-0.1314190302375893,-0.9380811792493549,-0.12149879476683827,-0.1487778995956077,-1.3406080323104033,-0.19621232861963747,-0.1396207650207041,-1.598765322692553,-0.24362896775092988,-0.11739437268110858,-1.8170442515986927,-0.2745085578723683,-0.2720372817241008,-0.8200619647711154,-0.14818843313972518,-0.2851179491753554,-1.1249507479884011,-0.2126260103935334,-0.2719087612924429,-1.3229660735593696,-0.2384684257198713,-0.24568381200541964,-1.498621427347118,-0.251928411430056
Pataka,0.0,0.0,0.0,0.20500327648492572,-0.18922140174181903,-0.10578418287467349,0.30523223355972806,-0.5171179916178199,-0.13457673907477744,0.3099580224915657,-0.8066243619877554,-0.15716296423095158,0.1995163748087167,-0.9631707053714103,-0.1765715096015496,0.06027388381817991,-0.973925914962664,-0.03781904999786891,0.032344937167834535,-1.3532901828499402,-0.10486378727556483,0.012439521610383662,-1.5903950188683884,-0.1710399040141501,-0.007914729889775308,-1.800925594742754,-0.2181577489593204,-0.07835198440843763,-0.996273037702644,-0.03606938987571239,-0.1077630066730262,-1.4298495497135917,-0.09030907826641504,-0.121375548999499,-1.703921019564491,-0.15063176307981518,-0.12625251955753872,-1.9388850246204252,-0.19496890392755561,-0.20219452014107656,-0.9495534541090394,-0.05152473321761559,-0.23465445448031724,-1.3438544666650796,-0.10336928099994591,-0.23095174383202405,-1.5884271793404467,-0.14737466647072087,-0.21689903991844492,-1.7939583523234222,-0.17708377676959555,-0.32186122108702925,-0.8445347657096778,-0.08051529707425038,-0.3542810055517704,-1.1471884851071006,-0.12299962654529675,-0.34846658499191213,-1.3384441471568975,-0.14137305021899255,-0.32628737299250904,-1.5101468203254065,-0.15304659524989955
Pataka,0.0,0.0,0.0,0.2201405614791412,-0.15574461578725923,-0.1378592548153614,0.32595898485640373,-0.4572652891385729,-0.182988681816803,0.32482032208617123,-0.7566996927326468,-0.21616335620352767,0.28666608620554845,-1.0113780416982774,-0.244719405519732,0.12972068977035006,-0.9699827869871906,-0.06907864695589506,0.12622303253677128,-1.351338049715545,-0.1484951935339371,0.1255874998278043,-1.589272289637839,-0.21976891540794352,0.12460004830569439,-1.7972726419898872,-0.26848934660311324,-0.010879537935707707,-0.9985500812478902,-0.052719739131915556,-0.01344765433794694,-1.433828116494149,-0.1206230827778658,-0.012406251830418493,-1.7189288816778066,-0.1866329564215923,-0.003930502524849521,-1.963817849087402,-0.23217255321412586,-0.13210443239214523,-0.9504698539765947,-0.05636454350197166,-0.13882504230052034,-1.3508237829829772,-0.12317474938853606,-0.12543505117175927,-1.608372423365508,-0.17245798464203113,-0.10133009736097547,-1.8280068850043698,-0.2025174227136082,-0.24903836739592541,-0.834809335465801,-0.07503632527588813,-0.2656774205066464,-1.1348188862622268,-0.1352924686266388,-0.2511344126757524,-1.3371024140125858,-0.1628862322043559,-0.22197910217030778,-1.5203536179894261,-0.1770258759877313
Pataka,0.0,0.0,0.0,0.2630963949774683,-0.12417320980975136,-0.13820060156967282,0.4456894496339575,-0.411217305735374,-0.19746412477463002,0.49395989444253774,-0.716028111625107,-0.2449329398228687,0.43840999636935307,-0.9630426763102288,-0.2918058727227817,0.28252180744986355,-0.9467511840636639,-0.12515277638939934,0.2878440896132468,-1.3650147950562093,-0.22484338885999267,0.28095240087307183,-1.6219551529811742,-0.30403675480788644,0.27181852799006034,-1.8522931520055657,-0.35760957368005475,0.1265504387585721,-0.9842975544694904,-0.1230581598895151,0.14240499255678934,-1.451104390992849,-0.2117658773696175,0.1450146355738801,-1.7579232544324348,-0.28698759269876134,0.1458329777405782,-2.022977065157512,-0.3385781336341756,-0.020617818965814237,-0.9458127205206283,-0.13675101056123398,-0.003824312331786133,-1.3695167778817934,-0.21686915514485397,0.016030209904551854,-1.6385294564518655,-0.2670120622429306,0.038370094793053054,-1.871694589131971,-0.2980909301639735,-0.17259631396422687,-0.8436082670293091,-0.1645130392104784,-0.16444518562041607,-1.1698080172987375,-0.23701813988953035,-0.13177902135548442,-1.374226710136882,-0.26536626483159437,-0.08832468533423411,-1.5583353491648793,-0.2791136181313625
Pataka,0.0,0.0,0.0,0.23510689976902185,-0.1409468659059476,-0.10717553534376684,0.3782618760038374,-0.461366507543605,-0.13768943860519697,0.4123024166979248,-0.7687565347228139,-0.16204880137720012,0.3790322549752374,-1.0152636510174016,-0.1833639925002631,0.2482474302360032,-0.9562417158408008,-0.04502778604044909,0.25269242408423725,-1.3284776968120222,-0.11405075433895014,0.26103989791470145,-1.55510532297475,-0.17635885181804506,0.27348035809351606,-1.755878845223809,-0.22084156621294898,0.11759672569118747,-0.9920896305735127,-0.04392237488140241,0.12645097894139185,-1.4011054063826096,-0.10383239226230764,0.1437610695701459,-1.668661967861406,-0.16231374967216447,0.16488894490264785,-1.8966115364940332,-0.20448773458715422,-0.006354930388472863,-0.9574112068094319,-0.06087493976481691,0.0003049030025359967,-1.337610400292853,-0.12328792016411447,0.024028862651912182,-1.5784132315711985,-0.16678998215564692,0.05271967829008822,-1.7795995562871614,-0.1945137633470431,-0.13456780316415376,-0.8605966140810519,-0.09067730116868312,-0.13689634321776772,-1.1537884640006166,-0.15095736005268992,-0.10934786965073681,-1.3412956890951946,-0.1783005345850985,-0.07237339169328182,-1.5073708319803112,-0.19335781782192255
Pataka,0.0,0.0,0.0,0.248571521817306,-0.1394707411329291,-0.12548667325520857,0.4233163437826683,-0.4343980976496881,-0.16521425971748654,0.4712924964878734,-0.7412821165862805,-0.19429665167667262,0.4072969892766778,-0.974973033705927,-0.22248371002176415,0.29272713522473787,-0.9416902910645785,-0.06549294485946171,0.33235259638061043,-1.3114982384818568,-0.14394701999145312,0.3569982754794071,-1.5401932277256782,-0.21777085085927356,0.37999836845540297,-1.7454396149158884,-0.27036202773627105,0.15434881901888373,-0.9864091729145558,-0.05633281155328397,0.19574410120638017,-1.3864426313779241,-0.12342641364277782,0.21844581983355854,-1.6475884105092635,-0.192397857964279,0.23860135453278972,-1.8674655638898137,-0.2421303027301048,0.018810007466384473,-0.9543633046027442,-0.06530446049885108,0.05461387648627347,-1.3331323791637248,-0.1346388378921816,0.08213001368180978,-1.5843216779072828,-0.18722514539245616,0.11156000017614791,-1.7902835739452572,-0.2213223768338208,-0.12495947207946567,-0.8612555574690988,-0.08751715551803126,-0.1057348569258394,-1.153346778414776,-0.15280748264176686,-0.07193243334385462,-1.3355955994406952,-0.18215616370530954,-0.03119749128189922,-1.495404542702354,-0.19851898035647644
Pataka,0.0,0.0,0.0,0.24516909652274252,-0.15102005854201933,-0.12338981463198813,0.40302217132066476,-0.4495599127649963,-0.15368860826110198,0.4321561566370403,-0.7512234967985715,-0.17332156874156768,0.3861116029148154,-0.9923400889052588,-0.1890067960613373,0.2645910614983592,-0.9511623390240991,-0.0330511694336971,0.29032171941925544,-1.3026382981316156,-0.09319101164807989,0.29733885078858785,-1.5180299405086348,-0.15670879926671988,0.30291544226254175,-1.7100777791804578,-0.20181072304659786,0.12796311739235813,-0.9916647579903288,-0.015048200796508657,0.16120492468705377,-1.3735066338665365,-0.06181201418144131,0.1747289789152229,-1.628002603500085,-0.11803682857623259,0.18959144830843538,-1.8372461087832763,-0.15877941968838394,-0.0031992855053990655,-0.9586998498628427,-0.01718469406927388,0.02363647823725442,-1.315559567366099,-0.06882136165364454,0.043512815234626655,-1.536470407948906,-0.11107344501657733,0.0671922605840343,-1.7113427143566013,-0.13814796683050734,-0.14386281702436118,-0.8621138293689076,-0.033754989412119976,-0.12848785584416172,-1.1260281069582059,-0.08119325640191034,-0.1039721085871921,-1.2912345774814424,-0.10146236884842236,-0.07532965042820218,-1.4338295533413983,-0.11192061843379644
Pataka,0.0,0.0,0.0,0.23723378696859934,-0.16050412131157749,-0.11093047930534514,0.38781465796291537,-0.45173463823048315,-0.1426448071894452,0.41767000459115716,-0.7548890050350325,-0.16778213076435333,0.37126024147597064,-0.9920905740036733,-0.1890038110051921,0.24711407995258272,-0.9567186126102544,-0.02400646328242149,0.2737045629216602,-1.3063285707741557,-0.09025126166405571,0.28764134665949864,-1.5208659995673455,-0.15753931882456587,0.30253637665352956,-1.7073061424957074,-0.2044456033194764,0.10646485934812457,-0.9941678375257522,-0.017191409289336265,0.1299209456083648,-1.3876107567883544,-0.07335150516724193,0.14776418842368377,-1.6462079486403496,-0.13418025871931627,0.17241404196291565,-1.8586873596474092,-0.17689470761978685,-0.02558991735980417,-0.9581484325622095,-0.029935819668457698,-0.013042973481563079,-1.323543296765201,-0.0897470313569489,0.013224266187600376,-1.5488918316500873,-0.13218833833986673,0.05245451915361134,-1.725771522333328,-0.1577439908465797,-0.16085618005039828,-0.8575893558995532,-0.05606838238255521,-0.16062182865796062,-1.126949592668389,-0.10934021397942156,-0.13134385410818367,-1.2969949204891387,-0.12955963397608825,-0.08762179523376239,-1.443421051779231,-0.13862595726722485
Pataka,0.0,0.0,0.0,0.2176115044870358,-0.204225665867983,-0.14950885841251205,0.35227717589705826,-0.5210663545180547,-0.2013387948473006,0.36517943559561544,-0.8383473805605779,-0.23964971590856649,0.26447728874573645,-1.0703835106037312,-0.27432785348210903,0.16945045491500763,-0.97678859851847,-0.06695679281256892,0.17644182879150658,-1.3508746885978806,-0.14735330124830276,0.18609833318273714,-1.5771939145338414,-0.2240489592999102,0.20172667964675503,-1.7778435170354925,-0.277362490005886,0.03343582387693593,-0.9984561250073443,-0.0443555195774876,0.03551163728173015,-1.4072673626930123,-0.11354152776948151,0.05134870939129532,-1.6774449411165913,-0.18528726181318228,0.07951698895883241,-1.9048335421443146,-0.23699512070251239,-0.09065927445425244,-0.9460940454550103,-0.043356432599296946,-0.0919913445796177,-1.3231718331108206,-0.11688357937407354,-0.06835165231805543,-1.5571762778999914,-0.17065137993684826,-0.028450174719826006,-1.739194723398547,-0.20355701371690746,-0.21639953137912696,-0.8346275088554319,-0.058275760353838156,-0.23205956629117735,-1.1116760890647197,-0.1251517473895478,-0.20206243415776584,-1.289941544028762,-0.15712402984131704,-0.1556362721008491,-1.4360486156771777,-0.17482805217346237
Pataka,0.0,0.0,0.0,0.23342623272550475,-0.17288020962766001,-0.20854577393490137,0.4102822446996965,-0.451233253600668,-0.28924160438586793,0.4640284792305594,-0.76233487898667,-0.3455558085918517,0.35570000669888097,-1.0063299859206862,-0.39634644563520194,0.24098126330310538,-0.964674693586467,-0.10605344532512992,0.27148837431445366,-1.3458979319062507,-0.18211125665543793,0.2903826400914505,-1.5817057303325552,-0.2596439979301892,0.31100492917408573,-1.7800069281174498,-0.31353220403653426,0.09307853361660748,-0.9943668480536284,-0.05070461588134226,0.12017098486553612,-1.4224471780762256,-0.11118013245768188,0.14466041542214486,-1.697957418680683,-0.185980355982971,0.1793080060183163,-1.9278877407210442,-0.2425028540537686,-0.04245387904725508,-0.9529106041646358,-0.020708650808258372,-0.021613289292723516,-1.3403593817254043,-0.08141695821226617,0.014021875269806866,-1.5799547566324126,-0.14247434818671104,0.06335929550853811,-1.7564089191634948,-0.1852723335932725,-0.18268747880148412,-0.8624980144783612,-0.011933422839908114,-0.17875964386716278,-1.1467465905979175,-0.06415013781238557,-0.14661848652103726,-1.3251170566852872,-0.09862871398078281,-0.09289422345789883,-1.4682437657675846,-0.12374878412476709
Pataka,0.0,0.0,0.0,0.2547120779445481,-0.13149899863235723,-0.12793355351278526,0.43466990235989184,-0.4314530399588765,-0.17011773611244554,0.4854639756420572,-0.741652156128972,-0.20145277345732726,0.396451271070431,-0.94829187101016,-0.23072299061650714,0.2554265408571539,-0.9604911193531361,-0.06772108457769939,0.26691549491985905,-1.3316079849414661,-0.1426418991162455,0.26800981174473115,-1.5592142936834896,-0.2129572327988388,0.2694167759947153,-1.7589916263498753,-0.2628266449666126,0.1115943892773091,-0.9920421757339783,-0.0583010621414287,0.12903188000785465,-1.4036195834162317,-0.1220290162508692,0.13895017474596408,-1.673579400028028,-0.18794287152239536,0.14907446092578966,-1.9001138618902036,-0.23586931974479158,-0.022899619176683074,-0.9504640334784836,-0.06702404603988339,-0.006331440798888265,-1.324119291136846,-0.12962233255969777,0.014242996600595173,-1.5646682882128762,-0.17827305523178053,0.03769429868090697,-1.7655477665990067,-0.210278174805996,-0.16112841718080312,-0.8453933504572618,-0.09016020968307811,-0.15571173699451116,-1.1388431052539365,-0.14837412443549206,-0.13072231125660716,-1.3243769329499302,-0.1755284556628685,-0.096785170396893,-1.4888026366336229,-0.19106325804519825
Pataka,0.0,0.0,0.0,0.2651874789509487,-0.10352028431697065,-0.10940026377756873,0.4392128027506924,-0.42269462230208343,-0.14196068403090045,0.49255571529663994,-0.7188176941814367,-0.16740104346376203,0.48101943077834275,-0.9355776315748446,-0.1919014694697304,0.30844999412012414,-0.9344063441145597,-0.07596468315348952,0.30680761289988745,-1.3156654578682727,-0.15779258075210637,0.2879115395137984,-1.557131749599052,-0.22821823645150002,0.26291965115611504,-1.7691517848817186,-0.27859443557698127,0.1663583242451764,-0.9828071635746498,-0.08009361510562596,0.17779949304597437,-1.4129116553187684,-0.15382352005475722,0.17484268361966812,-1.7005223376514789,-0.22074364067027283,0.16608418916153922,-1.9495881696558486,-0.2671535470779048,0.029427195931049845,-0.9504037239646024,-0.09968413016713788,0.036403718911629836,-1.3518339102016481,-0.16990388089360536,0.04681113496349736,-1.5987023635771904,-0.21790292287362548,0.05588319361408925,-1.8180225768948746,-0.24866893326051626,-0.11027368712722835,-0.8469593079802539,-0.13184112616778573,-0.11287769012006015,-1.1474061273478124,-0.19852496411130643,-0.09342007895187854,-1.3338925444790235,-0.22837649013176944,-0.06400652437127553,-1.5058668071485684,-0.2448331910694605
Pataka,0.0,0.0,0.0,0.2619769968978424,-0.14318009248701388,-0.12342513710788894,0.4378284061434536,-0.4147135984977035,-0.17247149103356701,0.4845264372776354,-0.7129454310043483,-0.21262314283319678,0.43721919024058714,-0.9669766636119319,-0.25033029861586364,0.2997039403984647,-0.9470347735235576,-0.07290009372333181,0.31336193953264363,-1.3326692266305338,-0.15501175507881115,0.3125338542624788,-1.5681453317536858,-0.22661138791859464,0.3120487233288534,-1.7771453227663698,-0.2751886623141565,0.1488439518912616,-0.9864959568716232,-0.06834621468181155,0.1790866642598006,-1.4068956360121232,-0.13534565170050022,0.196366331981162,-1.6762665042268883,-0.19729447035919295,0.2131526095474905,-1.9008897957724753,-0.24125744557567622,0.0037129133189223356,-0.9529397235336524,-0.0819401925595744,0.026905200327399768,-1.3395292966019658,-0.14404933475048431,0.04688425691210775,-1.5737863799749985,-0.18353915498229906,0.07057956983392681,-1.7649394717389426,-0.20874108754253365,-0.14788489896734952,-0.8564960085659266,-0.10958473454378667,-0.1389759521424749,-1.1565279580431458,-0.1627477572682343,-0.10550113112980648,-1.3403418466699593,-0.18194876324103618,-0.06416353133721164,-1.5040372551887815,-0.19143366785400245
Pataka,0.0,0.0,0.0,0.25208734367003116,-0.14768694792022322,-0.10305956472403512,0.41202617915875595,-0.45603325536786227,-0.13577648771983641,0.46927134857795205,-0.7595984110548849,-0.1626661376436137,0.39549117647136883,-0.9727836006390317,-0.18663918957517991,0.2589870595227057,-0.9638658589322558,-0.03911727447438072,0.2818462897414252,-1.360523837509691,-0.099005302096573,0.2939760419690014,-1.5896951654747493,-0.15807505435276445,0.30534877850114667,-1.7819235317206275,-0.19836164557532937,0.11272291385149455,-0.9929899246491445,-0.035560571397474,0.14411970229197515,-1.426955967695081,-0.08211997484993473,0.1652566566399166,-1.7026696111030581,-0.13579400045688794,0.1892236692953833,-1.9208051918150488,-0.17404308654174744,-0.024558047167307702,-0.9506899504841616,-0.04759888502853801,0.005578568933152196,-1.3425081299955055,-0.09280888263660624,0.029343667294055492,-1.5756918645646543,-0.1281336034521903,0.061241285105099116,-1.7564970389774865,-0.15135138514384566,-0.16261929662180868,-0.8521051332543932,-0.07232766683663534,-0.14720604001532944,-1.149132324563464,-0.11218360763691482,-0.11882856380623183,-1.3234581819038191,-0.12376416973965153,-0.07757455967984495,-1.456913756059323,-0.1278340367394632
Pataka,0.0,0.0,0.0,0.24349462740978178,-0.16118007464253403,-0.11321909463212206,0.3940877433604548,-0.48497591134503654,-0.1536326707393158,0.41527521700172865,-0.7625241766958798,-0.18699110192820437,0.3540551578974872,-0.9653940494157517,-0.21852203995290015,0.2030831046768937,-0.9837677224454063,-0.07801225277428148,0.1811428600280337,-1.3692212461430013,-0.16152771552348724,0.16179999432611186,-1.6112502028833515,-0.23399126486639396,0.1410625884355601,-1.8238065798228744,-0.2857644664745595,0.06128975421659635,-0.9945875297963935,-0.08390000954456026,0.04989723485538841,-1.4285498086052995,-0.15751678772383723,0.03705339850921565,-1.7140171611617958,-0.22539263037960766,0.02227021990621077,-1.9547916058797579,-0.2741675267237385,-0.06992971535324298,-0.9327119857681735,-0.10610284687646909,-0.07895610957280937,-1.3339494588468672,-0.17563319089509943,-0.07627420337290075,-1.584328432297637,-0.22257982655163203,-0.07348623939332162,-1.8001265091312693,-0.2533215312230617,-0.20338325616763037,-0.8029109791944086,-0.14152211828049838,-0.21657540859019467,-1.1143559488694774,-0.2087411403222079,-0.20498895500330352,-1.3136712113738662,-0.23784172046727373,-0.18665914045396373,-1.4970861001675932,-0.25399089137535813
Pataka,0.0,0.0,0.0,0.27018785073520213,-0.12383857419363767,-0.10958325579017218,0.44891621906666374,-0.4457090333102212,-0.14587159496710791,0.498859901321728,-0.7404857435082597,-0.17454642883675575,0.4620146490958768,-0.9683712614176737,-0.20246964486455893,0.30644899878531523,-0.9530712581872296,-0.07530769768870287,0.3058054720494964,-1.34417161177847,-0.1538535221875059,0.29405547703749874,-1.5825821057689877,-0.22239822067233145,0.27887562491754747,-1.7932933610735449,-0.2713130682316032,0.16015881830624856,-0.9839154848400977,-0.07911682255134726,0.1704356562243779,-1.4137015575317762,-0.1479867483393754,0.16803100152660744,-1.6901689362781418,-0.21430430478101217,0.16008241787185912,-1.9240460113306361,-0.26139317379593663,0.02197165483862346,-0.9374878550548623,-0.09792043563279841,0.037544610048339234,-1.330357499047626,-0.1640470113945605,0.050477505803041875,-1.5802747473509098,-0.21069577187083793,0.05975624061036545,-1.7992654916104447,-0.24159721722510238,-0.12159520930180051,-0.8232052121163971,-0.12874146055118446,-0.11164029800037203,-1.122463754634367,-0.19370034831699298,-0.0849344282102657,-1.312881389427414,-0.221257580960508,-0.05395470506051033,-1.4890229174098688,-0.23600598693080754
Pataka,0.0,0.0,0.0,0.25501859004185373,-0.15564524175205247,-0.09079886595671226,0.41437875830593296,-0.47278451953290224,-0.10677907541627588,0.43429557051523654,-0.7651520348367515,-0.11754816631848745,0.39760017568143285,-0.9759188067523312,-0.12544888079619984,0.2494282843414532,-0.9646554790070999,-0.007196174504370654,0.24864818364484448,-1.3156833222186217,-0.05507948833358791,0.23700728431016685,-1.527023760505702,-0.10731562862192295,0.22351845905660306,-1.7044135961037878,-0.1448756677435983,0.10884133917133364,-0.9940536521967123,-0.0033014302610109435,0.11507162693316592,-1.3765261850505586,-0.03764473468638759,0.11259494983582019,-1.6080476286987646,-0.08178229974774255,0.1082860344021526,-1.7951839989028917,-0.1154872770095907,-0.022333234728163516,-0.9597153166432012,-0.017038592216699667,-0.024774614764739473,-1.3183493199146417,-0.053726267211178576,-0.023530482506596822,-1.5193850665387607,-0.08235236176344807,-0.02356684917526871,-1.681503753582393,-0.10274885969160295,-0.16516831744054372,-0.8647041859141895,-0.04295840190135484,-0.1732153342241172,-1.1444243008474717,-0.07312333354317192,-0.1630460370947652,-1.307036255401962,-0.08232899751583625,-0.1496057007327639,-1.453454078916466,-0.08802359555756743
Pataka,0.0,0.0,0.0,0.2681674974774393,-0.12826082531677543,-0.07129922346725134,0.40824568281262075,-0.45873125064380055,-0.07584454103258029,0.43266431694131374,-0.7437471044287526,-0.08044330728599201,0.4245912634226658,-0.96027498568703,-0.08361649281608081,0.2711268669439178,-0.9556700444904875,0.003479937226178121,0.27163867862374086,-1.3105345533526365,-0.048197461226988855,0.2524721666165099,-1.5174038219242598,-0.10444189077501839,0.2223932567482682,-1.691568972018076,-0.14566608816271126,0.1316191419287523,-0.9912830673257699,-0.005855075674331563,0.14008500494450624,-1.3871081956752098,-0.04573677036456344,0.1293649200664537,-1.6349138741210212,-0.09798977314774876,0.10598525341838753,-1.8431055501858316,-0.13814314269250072,0.0017192235107713664,-0.9558217807979633,-0.031103095504815135,0.013361660549997375,-1.3286784649416201,-0.07308786314200104,0.0178632846652698,-1.545875349874656,-0.11118369261963625,0.01120564106197529,-1.7318837745023126,-0.1388028333382753,-0.138298608281886,-0.8556481984461342,-0.06651557653948148,-0.1279212087724025,-1.1417993466934253,-0.10600162067270699,-0.1129368221835791,-1.3183953465310514,-0.12467046103382422,-0.10071233148848503,-1.4763091971137374,-0.13715177395383282
Pataka,0.0,0.0,0.0,0.27941541984318213,-0.09208908236299015,-0.09563474001180156,0.4573367915398346,-0.40062296912233414,-0.12152320145838179,0.5249776682467557,-0.6930235360464914,-0.1438529626953111,0.5198020899692534,-0.9253755974018225,-0.1658057819870675,0.35529207741279456,-0.9279761729023502,-0.046593379305974035,0.3629199093942166,-1.2995423906146975,-0.11675985548455561,0.351796456587908,-1.5259002055691793,-0.1828790698976548,0.33367051013346277,-1.7278047003228814,-0.23274639228069263,0.2188390932602198,-0.9741451680051371,-0.0561305880361876,0.23762788470916163,-1.390464674844371,-0.11718378730925731,0.24033347886108078,-1.6545235037090862,-0.1819326447095571,0.22880188538686452,-1.8846991558052237,-0.23106432507838376,0.08388569361679947,-0.938555779121096,-0.08146242186107919,0.10007322762591883,-1.3234597065298037,-0.14292842349645427,0.11335229054293103,-1.5600530893288302,-0.1896413717398188,0.1155689342205147,-1.7798196200299095,-0.2233337333694842,-0.06303096707441364,-0.8351587793725674,-0.1181497330096672,-0.053663166982437956,-1.13359825972138,-0.17899723701530731,-0.02971652767765729,-1.3210732599678274,-0.20842261923531244,-0.006984763226473094,-1.5002623568134195,-0.22801586463542628
Pataka,0.0,0.0,0.0,0.2568956949513963,-0.10982161427747904,-0.07933696644169391,0.41689662615482126,-0.4246548398244764,-0.100370414740106,0.47858723774754525,-0.6963546269212587,-0.11999560865534609,0.49553043882665476,-0.8995009155692852,-0.14077230012385533,0.3549045341158497,-0.9347811389534113,-0.050540533589384644,0.3621081639878729,-1.312627633911379,-0.12137648112080747,0.3477780271486806,-1.5495141417570604,-0.1850011467419912,0.329981566294959,-1.7597010505009414,-0.2321568075993368,0.21119406376954267,-0.9751371011529067,-0.06711707222169534,0.22256899111819253,-1.3901424633455126,-0.13195222236790766,0.22033663358132732,-1.6504950172276607,-0.19279855725164174,0.2176769450398392,-1.8765990418574343,-0.236122370963299,0.0711774300070843,-0.9390460355918382,-0.09631257776427085,0.07740475401538732,-1.3232337861220977,-0.1578307144970486,0.08659499980471812,-1.5486805132673203,-0.19551280148434763,0.09796957659470956,-1.752763845209323,-0.221155225221912,-0.07631697049828734,-0.8321302020340633,-0.13577559037604528,-0.07473524983146324,-1.127040477905319,-0.19288731432197231,-0.05786180992538075,-1.3034349342114393,-0.21329633548753976,-0.03239933232917034,-1.4663483067490783,-0.22406089639203536
Pataka,0.0,0.0,0.0,-0.3185782942401814,-0.16865436105783113,-0.10572634567637693,-0.5302144844874075,-0.5035588660465753,-0.17577759814809865,-0.5733939733964809,-0.8504743326354876,-0.23355091280833962,-0.5183476698535415,-1.1181624805116268,-0.2867625665537941,-0.31903676837045997,-0.9771660173024609,-0.14254018222146747,-0.30283011764745876,-1.4559788506390487,-0.23770640710403076,-0.27048093508613263,-1.7360308550295138,-0.3079044128782973,-0.2324984505139707,-1.964527901462189,-0.3522400303611607,-0.12489876638042662,-0.9805300893120127,-0.15152901408781105,-0.10478761304846017,-1.486782912708742,-0.22038190931239993,-0.09583796661892173,-1.7979619840766676,-0.26936191252108294,-0.08292451966451447,-2.0444966851721946,-0.30361296726321757,0.056020139235013755,-0.9094960070283501,-0.1716369283313834,0.0782968717396524,-1.3689261354145181,-0.2304601445316146,0.07803702152280682,-1.6534929770605653,-0.2588208642996943,0.07529630077555807,-1.8833345916839312,-0.27948438012878657,0.23060380978632114,-0.7799276502947394,-0.20174423988921023,0.26580941634543953,-1.1276062762403614,-0.25790174660318954,0.26208087909667577,-1.3568679283203782,-0.2694058134679688,0.24810248014039119,-1.5551982447551036,-0.2708854591774581
Pataka,0.0,0.0,0.0,-0.2956284130085467,-0.12548968965449622,-0.1164341326387792,-0.48708123185030805,-0.4303078730680267,-0.17330785713985453,-0.5054278658672284,-0.7433926085260499,-0.21987492268720832,-0.4874168811393896,-1.0118133194121306,-0.25895827508549873,-0.3280591544496724,-0.9475620747253881,-0.07398121032722815,-0.3579802044743976,-1.3339960518856393,-0.16109002192021826,-0.35691841195207435,-1.5770960824149944,-0.23922352284853696,-0.3476511277679127,-1.7914750639727461,-0.2943572549633619,-0.17468753904627626,-0.9816169492189104,-0.0768923189149253,-0.21137897892494775,-1.3967580813714786,-0.14097483059252736,-0.2315720496628504,-1.6601312558351515,-0.20019167872214125,-0.24377498541785692,-1.8939314610183318,-0.24435451455442297,-0.03333275320165305,-0.9348282427092199,-0.09905586098906159,-0.0640190689802428,-1.3104048063190616,-0.15944579058692923,-0.09176753940178455,-1.541791481047746,-0.1917978642259264,-0.11688383201058346,-1.742128402750186,-0.216368658184149,0.12125860733069292,-0.8268464294799741,-0.13587603726956046,0.10611343864623207,-1.1166850750673813,-0.18801690798271156,0.07665527751037092,-1.299251231631227,-0.20226254434209337,0.03839857117575388,-1.4688751464896057,-0.2107045764308982
Pataka,0.0,0.0,0.0,-0.280894096921038,-0.10780704559828484,-0.11823540977070149,-0.4661188307003922,-0.42928230805918377,-0.16783645294222055,-0.4675316286823809,-0.7647974325276913,-0.20596614771824748,-0.4297498422367285,-1.012762412772655,-0.23819114117327245,-0.2984171613759929,-0.9468757778115906,-0.07792169840422694,-0.3254817099340489,-1.3266573586384405,-0.15967023937471156,-0.3257733726102275,-1.5685920947133747,-0.23571640066174862,-0.320500504677965,-1.7797030744039508,-0.2899376664606418,-0.1536239385049024,-0.9851600542611462,-0.0765464108003602,-0.18370706831828998,-1.4019682300350287,-0.13182572756218217,-0.20301433641029248,-1.6651324405284906,-0.1857800114099526,-0.2146378769208708,-1.893861520826934,-0.2277136784071038,-0.02041820794845806,-0.9447176196571455,-0.09406123127868857,-0.04303135049367591,-1.3186601209893636,-0.14096245460167728,-0.07214117901689444,-1.5469995894731863,-0.1693500561539325,-0.10005012925542257,-1.7369280666369038,-0.1938180877506963,0.1269104047031962,-0.8401370696563869,-0.1276238938603859,0.11313817324114485,-1.1267176784549295,-0.16601552975710693,0.08077162689552758,-1.3025822614804172,-0.17605282447932202,0.038199071622806766,-1.454658312299383,-0.18378583385890984
Pataka,0.0,0.0,0.0,-0.2807600474485055,-0.13876212259401788,-0.10665202341740754,-0.44885120646994414,-0.46275043118082104,-0.1507843418460207,-0.4509156675508293,-0.7813948193639854,-0.18656565159519176,-0.4343511421900068,-1.0295171430290924,-0.21413744501879547,-0.28477760710394134,-0.9638487819017397,-0.05331798480435945,-0.3063305067933614,-1.3526619083785445,-0.13046986444724762,-0.3033026305413965,-1.592902652400982,-0.20309297133460807,-0.2921996776673171,-1.8036489811244654,-0.2550361347906754,-0.14230981386724503,-0.9882545596188848,-0.05568520691848047,-0.1726751505612535,-1.415300913353516,-0.11192184474472815,-0.18801357842708435,-1.6802659836577296,-0.16566028927000295,-0.18994743829622174,-1.9115995770489287,-0.204751245998078,-0.009300804142002078,-0.9346928938230384,-0.07665771972506366,-0.03115634346657699,-1.3224845190374197,-0.126105927162319,-0.05512962028702763,-1.55429094061166,-0.15150245196135925,-0.07215439467735213,-1.7492234234605426,-0.17102435019337134,0.14205416107031105,-0.8124435000752689,-0.11254474407937066,0.13511342811737104,-1.1061445367150289,-0.15359896213563717,0.10593460158221539,-1.2896921456605068,-0.16164356205855138,0.07271675683558607,-1.4504337492389734,-0.16517350608850367
Pataka,0.0,0.0,0.0,-0.2797413145842775,-0.15416632474925165,-0.10823513943705741,-0.44344822349104424,-0.47778262739720645,-0.15823787623862984,-0.43485058364143314,-0.803840134084648,-0.19788782158025248,-0.38716443150780305,-1.0546835983593266,-0.23009384946057418,-0.23061695789831077,-0.9760600596339063,-0.06963325324680221,-0.23938579400564305,-1.3754363608695894,-0.14453065935786827,-0.22940493518988825,-1.614131910282598,-0.21189120749941084,-0.2089889040270684,-1.823765822533518,-0.25940713829706075,-0.0737926065143719,-0.9948978874823806,-0.06879567360605776,-0.08876662451887893,-1.4332562395479647,-0.12233454296118342,-0.09621151690192085,-1.7046551487944273,-0.17366483069748792,-0.09260079674191954,-1.935571602651576,-0.21193788187776164,0.06603963886117109,-0.9347089489733533,-0.08445856521950094,0.05419394973921408,-1.3311581451738308,-0.13492370740283396,0.03588764922393793,-1.5679233495396414,-0.1643155627451241,0.018924010930379518,-1.7601209814369616,-0.18604363140047225,0.21064237129981983,-0.81320757214096,-0.11346493650539607,0.2102941292539314,-1.1171074474674432,-0.15600401368041214,0.1845862228809141,-1.302445140026327,-0.16682368297560943,0.15266455529940123,-1.4631116579915828,-0.17182397127959279
Pataka,0.0,0.0,0.0,-0.25742909787567414,-0.1421679711808449,-0.09453454381140702,-0.418956084798842,-0.4599078488691406,-0.13586896145032787,-0.4278992694652763,-0.7736261824708791,-0.17171520346272803,-0.4066939115622081,-1.0246508630507107,-0.20016226490961278,-0.2530464271218304,-0.9674557152849961,-0.03282812081619485,-0.27655286538902185,-1.3323191524862197,-0.1030846983799805,-0.2683822103931777,-1.5536428999657155,-0.17296399823803194,-0.24918527955502912,-1.7507563404737811,-0.22465589216637763,-0.10696478085894254,-0.9934433282542822,-0.04035949953669912,-0.1332461727170447,-1.3938716452395008,-0.08804546693435866,-0.14439363704094257,-1.6373167929682262,-0.1392446867719236,-0.14970792079725131,-1.8507216423285004,-0.18011934795377815,0.025685954953183928,-0.9453543880505196,-0.06669067528536295,0.01110919427707892,-1.3115092517336138,-0.11144507384995979,-0.01004476170035992,-1.5237594337499147,-0.13683878587515286,-0.03422580334186957,-1.702125991666492,-0.159363463777672,0.17107949076640572,-0.8374382963708965,-0.10716752847595021,0.16227062646037516,-1.1165226127980301,-0.14551622586905305,0.13279105931712926,-1.2846500572078532,-0.1556350888855575,0.09080243961561352,-1.4349892461793483,-0.163580180413049
Pataka,0.0,0.0,0.0,-0.33056534824254064,-0.14235185786882074,-0.06715857501350021,-0.5273956501907906,-0.4718576671500603,-0.10935429197218284,-0.5652321917869791,-0.827974308879394,-0.14585952238101074,-0.5559827447452096,-1.0915495825648756,-0.1802325995002733,-0.36235962284411827,-0.9310334828090359,-0.08765830179608018,-0.3905074622663111,-1.3898858399435778,-0.16198716730418644,-0.38178411781261196,-1.6555535583318695,-0.22012909037620995,-0.36436020223807947,-1.878178519637623,-0.25777263762607777,-0.19042945145817508,-0.9760885919406606,-0.10482215748894542,-0.21904472318715687,-1.4700610952469262,-0.15410738907610874,-0.23577192917147136,-1.7725971025959149,-0.19781293699249877,-0.23934541248794688,-2.0119266895474635,-0.23199742244896596,-0.028847636921952004,-0.9451724416148424,-0.1300879279025036,-0.05650179680625631,-1.3855284135923474,-0.17370940265677762,-0.08559994038973269,-1.6463525528710263,-0.20105408404460992,-0.10621212256548444,-1.841890950665005,-0.22319545692343437,0.12988249315303524,-0.8625440351754108,-0.1630633279035644,0.11466488894564189,-1.2022488236823181,-0.19772483507340333,0.08922746212317803,-1.4046263621268662,-0.20321441450873812,0.06678144766868624,-1.572326676424497,-0.2051473493843139
Pataka,0.0,0.0,0.0,-0.263538112957239,-0.14800344049115757,-0.11637420592035946,-0.43731534472661204,-0.4618282405905577,-0.18008472575545714,-0.4611211964330233,-0.7805218930437382,-0.23462358255623875,-0.41933976288934116,-1.0403890652428358,-0.2813946551639467,-0.26873854464006997,-0.9753190599999499,-0.08492518528380492,-0.28247470596265295,-1.3717188971022511,-0.17792337760672394,-0.2763303296947918,-1.6135722908256822,-0.25726905899117913,-0.2596774080487707,-1.8242273610979058,-0.31297052597312497,-0.12877712192004126,-0.9874672163985994,-0.09124116071155905,-0.14629922026316936,-1.4138046847114467,-0.1648087751459045,-0.15122739931062784,-1.6818906357210566,-0.22308428666882257,-0.14319391483105542,-1.9200401745617712,-0.26480136497201645,0.004517768358314933,-0.9254598501300453,-0.1161710958036252,-0.00823503269919144,-1.321709745109283,-0.18238876526910083,-0.01859729307924083,-1.5539501827207645,-0.20979994535646285,-0.024148402410320187,-1.7585086225231212,-0.22898942601269037,0.15322540857648811,-0.7986722041843078,-0.15576686385730834,0.14988320271687847,-1.101819824810504,-0.2132507602081593,0.13374999916136687,-1.2931455674921084,-0.22606006892552608,0.11216117787076478,-1.4645448553477505,-0.23124302767802715
Pataka,0.0,0.0,0.0,-0.2711645704042933,-0.13275000509781582,-0.14689007606209611,-0.44911379787703953,-0.4398369380374785,-0.22098295829789982,-0.46665989015973686,-0.7669203704150376,-0.27974273877408307,-0.41783989695013185,-1.0385744872269744,-0.32878975467170446,-0.2549560366124251,-0.9451433515255736,-0.11212730010732043,-0.2765045497525137,-1.3474136217896233,-0.21401143624888672,-0.27455661873703613,-1.5950862065666531,-0.29927142712981203,-0.2631343150781851,-1.8176684233198788,-0.3587327849002371,-0.10627972256430608,-0.9891735477795193,-0.1011944313929053,-0.1343845015736091,-1.4313275829759442,-0.1777211197324308,-0.14945209797279996,-1.709603506023146,-0.2395263676303217,-0.15563295575892167,-1.9601005684799768,-0.2837519310213341,0.03178172730059248,-0.9492099751905245,-0.11094301049334922,0.009134186933872565,-1.3457207185930637,-0.1773650783816532,-0.010319709609577506,-1.5876110380142392,-0.2078832448283414,-0.029619341073751946,-1.7998450105767496,-0.2290713695525572,0.1818205675980362,-0.8396367377689667,-0.1382439168496639,0.17022081451273513,-1.1451190463724648,-0.19411685598141126,0.14022963217853268,-1.3319835470394177,-0.20900845197585052,0.10069452415943364,-1.500401332706515,-0.21552941187406743
Pataka,0.0,0.0,0.0,-0.2652522367876091,-0.13496011448027123,-0.10792432981625663,-0.46329672586052445,-0.4217687246689859,-0.1552434252878134,-0.49961610863653694,-0.7443734601071859,-0.19498187475840625,-0.46624860903001347,-0.9968027930684539,-0.2250021532645344,-0.3274158697883634,-0.9231650268820367,-0.03266377404266985,-0.38353279391332407,-1.2937876741078627,-0.10214769698876718,-0.4010987547084681,-1.5142479885665077,-0.17250574548995767,-0.4096792997256897,-1.7159125572764,-0.22346781685853495,-0.19387240368971626,-0.9805568546942932,-0.03036026679076225,-0.25308095927434876,-1.3815743557540408,-0.07730308375223897,-0.2923418439182938,-1.6234351244500302,-0.1294350479500605,-0.32372851133168395,-1.8392703694248693,-0.16899047707061757,-0.06292066945271574,-0.9636848439801139,-0.04769103558066279,-0.11106834750979719,-1.33664208621365,-0.08873348320959024,-0.14965644395671954,-1.5545354242220524,-0.11266165960066725,-0.18641263995976043,-1.7362962428824578,-0.13184379689424905,0.07909114375017764,-0.8866156583484662,-0.08043403189605057,0.035694508278481,-1.182380337174165,-0.11195776493155296,-0.006310633503824426,-1.3498666665540595,-0.11563129828952504,-0.05099694605349341,-1.4969435567144198,-0.11696427238240222
Pataka,0.0,0.0,0.0,-0.2831490139738707,-0.192954886387104,-0.05842759923369334,-0.4371245744857731,-0.4937636594017629,-0.08721143313318444,-0.4556192010080876,-0.783491987453142,-0.11865449879919876,-0.4475271803339579,-1.0128029536162315,-0.15034485142809936,-0.30590661169286937,-0.9383287613169385,-0.004792194348842327,-0.33529202780700734,-1.355886380013634,-0.07353723396075891,-0.3320537539392687,-1.6234347130205375,-0.14161061744950865,-0.32199835525685977,-1.8421473985432726,-0.18762048495600753,-0.15212332369186396,-0.9877879858918017,-0.03366584792869475,-0.15524417523670447,-1.4323063282489734,-0.08230916565204079,-0.14430645161091438,-1.7103375260469043,-0.14118245343703933,-0.11817344191749381,-1.929285143453417,-0.18266531309154851,-0.003451657970122441,-0.9657049122446069,-0.07777276335993437,-0.003281892858413947,-1.3776395196153606,-0.12482262755635816,0.0024875038002343244,-1.6460568301544984,-0.15732207974804363,0.020514011314620936,-1.8663285456419523,-0.1804620742535455,0.1434092962107036,-0.8738700127045959,-0.13105136490106095,0.16035562304000564,-1.2023609674855014,-0.1677256124997803,0.1683658144876284,-1.4155953694933556,-0.1688392380459652,0.17231769504281588,-1.593604383201511,-0.1667314266548122
Pataka,0.0,0.0,0.0,-0.2677650764127047,-0.145676805975933,-0.05865341556955211,-0.4007779461588311,-0.48443072203667187,-0.07839460546474589,-0.4162309869450615,-0.7783901912110925,-0.10159730765055514,-0.4195788282405878,-1.017284204524341,-0.11932935938562661,-0.2553858645097757,-0.9573161261065141,0.02875874406339829,-0.26821824764175567,-1.3262226918190216,-0.023128155550414694,-0.2448629211147296,-1.5364243102275952,-0.08133146391645903,-0.20799578169351043,-1.7187358643160207,-0.12304292875194575,-0.12819725083214734,-0.9917267209475906,0.006601199710595008,-0.13397334416987836,-1.3989731099202218,-0.024134572129114674,-0.12379784295315015,-1.6419399403710693,-0.06827208120760292,-0.09992204820654453,-1.8446195051238503,-0.10263115051264449,-0.007906864879883886,-0.9550667875701129,-0.0336676318862536,-0.013180315932343053,-1.3273812140083385,-0.05816637097679948,-0.009096378028387142,-1.542316844530712,-0.07570135107974992,0.002366351894173076,-1.7254101230777676,-0.09388813279099505,0.11557109249981848,-0.8577453632843078,-0.08685334859639247,0.10810120832149515,-1.1496707134594732,-0.10222499722958849,0.10252749657739482,-1.3279974352970663,-0.09883771196588947,0.09838157675506637,-1.4873920336558208,-0.0988595037617289
Pataka,0.0,0.0,0.0,-0.2862777195261997,-0.1044211574796695,-0.09040618252290829,-0.4412386592849132,-0.4285914012279881,-0.13468009582356835,-0.46132982175468906,-0.7283523403579145,-0.17492436544935908,-0.4934368450638115,-0.9752535993005185,-0.21111012143446264,-0.31873327474321567,-0.9476494859212461,-0.061183480042634096,-0.30654640713770104,-1.3531349357472453,-0.14411250715030702,-0.2695013522118247,-1.587457178391847,-0.2158759391784638,-0.2259038813227961,-1.7846649172450648,-0.26515590455192645,-0.18541551462713285,-0.9793680623314072,-0.08036967973545958,-0.170923395339901,-1.4163834580452626,-0.14332578549294028,-0.14129930980176586,-1.6885747265704671,-0.20011633785883767,-0.10087693159940038,-1.914036163093079,-0.24141734882577442,-0.05691145414957819,-0.9280386713984147,-0.1164896433820854,-0.04234610372954029,-1.3337887189877835,-0.1725087641073558,-0.013343517134988948,-1.5798450033210867,-0.20577929733504238,0.019970693232621267,-1.7922349240591322,-0.2315673188576104,0.07476415816865778,-0.8072298349246485,-0.16525468726417306,0.08463024265439852,-1.1277485007804307,-0.21035354726404917,0.09071711784471222,-1.3317369596888566,-0.22150475765676414,0.0957101935217291,-1.509586249769221,-0.22925550856344956
Pataka,0.0,0.0,0.0,-0.23636846993179603,-0.1512371732575499,-0.09086594750806207,-0.3700870116269594,-0.47941842100400683,-0.1423968587221405,-0.3884260487886548,-0.7455268758093936,-0.19207663214503345,-0.41973854484631246,-0.9538213013168532,-0.24230805101269046,-0.25938396398599783,-0.968879843675893,-0.07849271626798031,-0.2652244206547865,-1.3616716165078362,-0.18422909739535168,-0.24780872236904605,-1.6283048860476719,-0.2778865796714077,-0.2170347332657354,-1.8561015430684094,-0.34156726207648747,-0.1283176858275751,-0.9860511761076866,-0.10600778084887935,-0.1364603684585319,-1.4189492329556361,-0.19308121823758986,-0.1297613290596595,-1.7109991286649882,-0.27117292181423225,-0.1123113196817037,-1.965085492229924,-0.3241388582161062,0.004563858519461674,-0.9247905734339864,-0.14854588366126614,0.00803958826937077,-1.3382195822662937,-0.22575381485033577,0.008254636664241635,-1.6180685824518188,-0.27295079616115386,0.009484359096035028,-1.8672611855402172,-0.305101699060163,0.14008655154238062,-0.7895272271644322,-0.20273048804092755,0.15654894915333023,-1.0995706328392265,-0.26893496874311545,0.15437365812386494,-1.3071163355456676,-0.2872491384172017,0.1464954769643523,-1.4919091126500712,-0.29659089707012104
Pataka,0.0,0.0,0.0,-0.2337851937205598,-0.19086739125657612,-0.09205724018864507,-0.36246058727087266,-0.5140325657062236,-0.13562099527124377,-0.35171983260843526,-0.7900582743758104,-0.17522161734638808,-0.32505024360270046,-1.0054274251121105,-0.2096023770608008,-0.1889571666198929,-0.986503496097594,-0.05556693246231263,-0.16799596185516827,-1.353508946885616,-0.13585381285451015,-0.13901875525616067,-1.5767466692166952,-0.20993582652933332,-0.10834434957171857,-1.7721633819242286,-0.2631748403405568,-0.04690637952667646,-0.9965666448212313,-0.06822546437696936,-0.028168091612874563,-1.404660553092783,-0.1289837089745036,-0.01771869476716751,-1.658156819568796,-0.18302853412448464,-0.004265605806469152,-1.8818113587109133,-0.22196456583542865,0.08140983192825738,-0.9304398836818134,-0.0980606242190947,0.09410379844623981,-1.3086774171226716,-0.1498108075474224,0.0911392724639893,-1.5393277281047506,-0.17727825724657437,0.08623681897067793,-1.7428702988725473,-0.19890988351213193,0.21470460017508022,-0.7943684595203585,-0.14148983527710288,0.2301510223955947,-1.0859533124510308,-0.18739026412868653,0.21716283224629115,-1.272023648506468,-0.1977205704569541,0.19586982983672171,-1.4411340938136101,-0.20317990744942854
Pataka,0.0,0.0,0.0,-0.27057934034796993,-0.16817679710952552,-0.11758135747029418,-0.4256129335839426,-0.49321510380913014,-0.175823974187812,-0.41847475845864773,-0.8152891125274072,-0.22424411859199836,-0.4089336012589944,-1.0937705514504301,-0.26663550065477803,-0.21553641133807647,-0.976178104190616,-0.08030406554204209,-0.2090618669068278,-1.3601703529666103,-0.17319032888547264,-0.18269862196784586,-1.595145765036808,-0.25535966802234433,-0.14764670825276288,-1.8041287727203945,-0.313239102631287,-0.059874370753811496,-0.9945692882693102,-0.08512925794527218,-0.055306601899910574,-1.4203763368643083,-0.153952115867912,-0.048547355452447094,-1.6871902504040737,-0.21698206877019527,-0.038224076520749106,-1.9265158607532809,-0.26491677399439034,0.07678583227948026,-0.9313893006397319,-0.1091490569959036,0.07990137820692185,-1.3226349803288353,-0.17269646036222788,0.07218571092373675,-1.5613398270489378,-0.20856763799799433,0.06198375387394848,-1.7703899661738478,-0.2364962637937085,0.2221363217139652,-0.8006722521949243,-0.1478527467187731,0.22734467010434942,-1.1062626612244009,-0.20566106901214223,0.20801526347221996,-1.296526106935591,-0.22409721801331933,0.17629970150965424,-1.470741094107763,-0.23553253836968022
Pataka,0.0,0.0,0.0,-0.2522971515913265,-0.16825084588694011,-0.0880644414241924,-0.41637169276821834,-0.5209091546426705,-0.1281318758816713,-0.4985596827408817,-0.8171266028033211,-0.1646751553053847,-0.63251122233525,-0.9805059977898469,-0.20030743834028222,-0.22020269036261203,-0.9709868787866378,-0.04860331261284613,-0.21914389712611473,-1.351223494812411,-0.12049594026481801,-0.206303106597049,-1.5800046649188362,-0.1891983942262589,-0.18897037741203912,-1.7812006389190977,-0.24029079116067756,-0.06828130861836991,-0.9957411807523953,-0.06194484520271699,-0.07309096874630713,-1.4118920132595305,-0.11442482725746018,-0.0786408656283097,-1.6727304866301398,-0.1683892947845521,-0.08686738847213565,-1.8970785863165616,-0.20978624199573923,0.07249727632426488,-0.9430323993138805,-0.09056731345601958,0.05682204286042781,-1.3290527151445422,-0.14016085360561412,0.03212285158363629,-1.5683846596514102,-0.17285723993741664,0.000946066827248763,-1.7732594808927582,-0.1993525386682347,0.21941652803440842,-0.826218613967044,-0.1311699439401859,0.20884654839387137,-1.1195352358630324,-0.17799422415739402,0.1724722411606878,-1.3037260135229338,-0.19254064093121104,0.12442198296067328,-1.4656069822768931,-0.20207816930518976
Pataka,0.0,0.0,0.0,-0.26170279388323425,-0.16075149467414906,-0.12699540509713228,-0.4311398155748389,-0.4880342919127048,-0.18132676670382433,-0.4793906537558649,-0.8187212002323144,-0.2236311231416711,-0.5492984603125514,-1.0938023558340202,-0.25707407544862915,-0.25824055132214224,-0.9690684422917054,-0.06862360508590411,-0.27097134545048357,-1.3677426811399784,-0.15094573516183205,-0.26083894299237415,-1.6040561236792246,-0.2255111128378937,-0.24354781974251546,-1.8161317311040603,-0.2768276652903954,-0.10696064095802256,-0.992350527484313,-0.061642938666606056,-0.12919892413406384,-1.4243392336426492,-0.11794917438322718,-0.13836788279801257,-1.6913024990319772,-0.1722703042082765,-0.14238408416887932,-1.9209004733147643,-0.21335050678133224,0.032572008627517884,-0.9401766692754223,-0.07556428607655004,0.014014815937417904,-1.3261248158062395,-0.12625636591341274,-0.007322429298033003,-1.5602386657258092,-0.15381247734538314,-0.030618619923296835,-1.7600489582999617,-0.17541326442392952,0.1849794987294352,-0.8291690514571011,-0.10564812844129795,0.173603253573452,-1.1250155411156477,-0.149617887666633,0.14388139721721332,-1.3093333668222964,-0.16091555113670994,0.10599206791562324,-1.4764404275014922,-0.1670203850618404
Pataka,0.0,0.0,0.0,-0.2563054099576444,-0.1526297891558474,-0.12701354546943247,-0.43062794658776,-0.4603265562513368,-0.19599127153694898,-0.4661544334363428,-0.761638326350055,-0.25517746700790905,-0.3871473541486957,-0.9932116562047454,-0.3070627209577324,-0.23150263791482897,-0.9751528110676405,-0.08882649856056211,-0.23981903969710036,-1.366474355951012,-0.18560179179952208,-0.2345865737912845,-1.6057926610740938,-0.2689602387559396,-0.21962849594488787,-1.8147559313777426,-0.32783076631240676,-0.08262751649340819,-0.9926099331452105,-0.08887189735564612,-0.09743537396759924,-1.4210434840997714,-0.16545451004175604,-0.11070778567658547,-1.6875011823493034,-0.23000650777831524,-0.11851251246557401,-1.9224155479331595,-0.27548990701802994,0.057416582654964174,-0.936292021055593,-0.10847336133332681,0.04531900366081815,-1.3235500417530004,-0.17674018369088626,0.026317599325560673,-1.5571204189087766,-0.21141848560701318,0.0047414093949926074,-1.757607388994753,-0.23457284416599475,0.20235399471195997,-0.8140378852016382,-0.14349990258043413,0.2005664985183206,-1.1133513456432016,-0.2001707746867483,0.17847021788734332,-1.3023895877544747,-0.21719043778825603,0.1470038889418741,-1.474210555441279,-0.22558400108524224
Pataka,0.0,0.0,0.0,-0.26380310011464386,-0.1699423842558606,-0.10508149854620638,-0.42384939236730684,-0.49326881414503343,-0.1555315633748911,-0.4184298066854199,-0.8154825739533804,-0.1991201313193886,-0.3397074299920693,-1.046181048955331,-0.23587012295293056,-0.216902657299611,-0.9808494522289013,-0.05505504734004882,-0.22677507547130174,-1.3719501878227192,-0.13007778256361302,-0.2218707184496657,-1.6048851942521245,-0.20058933468312504,-0.2083994474556212,-1.8114251698512012,-0.2519817256141107,-0.06908497510352869,-0.9958621048706972,-0.05904180127205993,-0.08002314612633148,-1.4234289344345425,-0.11281455560794569,-0.09083003499259583,-1.6861273274844129,-0.16717777027431996,-0.09328393523661435,-1.9135708658708104,-0.20881001886974462,0.06803170481812028,-0.9392269825400139,-0.0809112093062213,0.06469498587554326,-1.3243976385579952,-0.12917184152621336,0.04789259157182337,-1.5548042797824604,-0.15722821038462226,0.031740151551293797,-1.7476532481877782,-0.1799840890748729,0.21705718285435624,-0.8228369573193339,-0.1171829693667623,0.21863213829951741,-1.1201669376140948,-0.1572992453301837,0.19360201146388836,-1.304650004398163,-0.1670956113181584,0.15939805970267315,-1.4705693438143956,-0.1734581149481339
Pataka,0.0,0.0,0.0,-0.256991680414028,-0.16610711385104068,-0.09030439825136465,-0.4268706308200792,-0.47072969671491227,-0.13367212699707398,-0.4459646361043935,-0.7822763331380002,-0.17291304076381456,-0.3902566648838432,-1.0184756728149895,-0.20263075805220923,-0.27956582866762975,-0.963848481366069,-0.018371854560876213,-0.31472683032781107,-1.3336400435213853,-0.08536350849732323,-0.328376347316341,-1.556769354960727,-0.15129926554964615,-0.33378322731962645,-1.747707114615303,-0.1978506208167149,-0.14398151328114517,-0.9892875100964307,-0.02407376581418192,-0.17944705038302486,-1.3889526690329839,-0.07139842009711628,-0.21071192466786393,-1.6303245248417109,-0.11748593497922254,-0.23624887255003674,-1.8339057796604712,-0.1497374751436585,-0.012799202667884289,-0.9473941654412347,-0.04793606258179911,-0.049477377883996455,-1.3060215683769416,-0.08633821396530035,-0.08445446582110397,-1.521876197725172,-0.10109536969655099,-0.11688473853569523,-1.6960179563584297,-0.11319702023342358,0.1347115278178823,-0.8446659678862343,-0.08619140689972637,0.11598076360258167,-1.1122659386112295,-0.11112736738820124,0.07861830091807508,-1.2759381448418239,-0.10692386675030897,0.03487205990073867,-1.4124505136413754,-0.10230399473079121
Pataka,0.0,0.0,0.0,-0.25338750705592955,-0.19258696800275266,-0.10728697941510422,-0.3933709795254249,-0.5312122052543756,-0.1591949461844828,-0.37501393446751785,-0.8503986734592666,-0.20333873042534237,-0.3108073705837418,-1.097140053579169,-0.24079847899643786,-0.2057275869398585,-0.9916468458117341,-0.0587634833653683,-0.2015578566770127,-1.3748227956683021,-0.14305618137980952,-0.1875249421956525,-1.6105611946270553,-0.21976230043553097,-0.1709368177466547,-1.816137377080195,-0.27392273301267406,-0.054095417370422325,-0.99639315754455,-0.06537860061152606,-0.05199326862179409,-1.4129573686701657,-0.12957323159792325,-0.05674649380149218,-1.6757093699761783,-0.18854720917881107,-0.06205602100697284,-1.905495752065871,-0.22982103437970947,0.08280880585776952,-0.9285975929360276,-0.09017549263411438,0.08401865906214337,-1.31016962311594,-0.15009016708893871,0.07482607919119617,-1.533224612424726,-0.17778897844030372,0.059068951057431165,-1.724801756286228,-0.19659811971525948,0.22596693313554184,-0.7980242434660374,-0.12897799822438566,0.23619837362464474,-1.0848000117910148,-0.17749920419484186,0.22121370795584375,-1.2606725697150558,-0.18513143350750524,0.19322623139112086,-1.4195182297613131,-0.1870051072396932
Pataka,0.0,0.0,0.0,-0.27586205927591406,-0.1327646953887741,-0.08492254138520221,-0.4219849746417159,-0.4624623939356781,-0.12675991284995808,-0.4310159595963285,-0.7744138826074664,-0.16446276907915103,-0.4395187491012136,-1.0249045818128446,-0.19814539355862107,-0.29374589754286023,-0.9589566108145948,-0.04444837035893382,-0.3012228802353638,-1.3621267923767582,-0.12413598416337182,-0.2853693707217715,-1.6234188405499785,-0.19774267294247397,-0.2618659131043211,-1.8420638590901568,-0.2485455538426622,-0.15619313933319978,-0.9857255396748439,-0.06283998454787809,-0.1702250358227907,-1.4133497653445772,-0.12547982415146952,-0.16682854896374508,-1.696403631365959,-0.18785417114784755,-0.15028958393108152,-1.9346276318640514,-0.23133446216671283,-0.018257046788936682,-0.9321959479238251,-0.09729632314397686,-0.03360013268718205,-1.3345612307079413,-0.15925620280664307,-0.03584145031149508,-1.5782895402823016,-0.19677062076286253,-0.02999100376328135,-1.7851014102143836,-0.22122303750769148,0.13034565942065607,-0.8118388860219589,-0.14272471589324284,0.12560305943190594,-1.1292888975913795,-0.19461888558278145,0.11252960210344022,-1.3266957474499104,-0.20859635582958208,0.09529670893298918,-1.5013897796716864,-0.21503812916942147
Pataka,0.0,0.0,0.0,-0.25290030614569653,-0.16286648878648557,-0.08946077694889683,-0.4010233882244321,-0.47959722036254865,-0.1332907023078218,-0.3994768902683629,-0.7826468397877112,-0.17464162291260302,-0.35980287648569853,-1.021035808563986,-0.21028189396190258,-0.2543169512746099,-0.9713574483952543,-0.030622971490178324,-0.25718242080447223,-1.3394003007102855,-0.10396621675688131,-0.2456539126629253,-1.5709057446184505,-0.17498906440567094,-0.22625586890012733,-1.7676732857843938,-0.22723450233982195,-0.116262952705684,-0.9921819803584118,-0.04536346195140012,-0.13435224654580602,-1.3828989156193119,-0.104164284908507,-0.1456698858106013,-1.6297733691415683,-0.16073277142836148,-0.14977861098005515,-1.8367010422281986,-0.20072763148220543,0.018601512134996348,-0.9401178111029854,-0.07847974824939423,0.002122317635672932,-1.3008290895092687,-0.13711255873156908,-0.02334814405009931,-1.5223831881853074,-0.17152287175222133,-0.04683144104274861,-1.7150715333961355,-0.1963382604703872,0.16440730804748965,-0.8249489536465157,-0.12416658914869319,0.1615149593609857,-1.0980805574108996,-0.178957407500869,0.13892889618862622,-1.2711003636839941,-0.1960914738473486,0.10766957275346496,-1.429068599397138,-0.20546323726439028
Pataka,0.0,0.0,0.0,-0.2648383112462669,-0.185530666817817,-0.10161908343424368,-0.41104227262339516,-0.5131411131480126,-0.13874743441543694,-0.3956782759850149,-0.8349372742835213,-0.16770257327983681,-0.3413236835804729,-1.0734872750608673,-0.1850477832892082,-0.23158593572057906,-0.9844613022951487,-0.0035211302575463696,-0.23296184957215413,-1.3388593524513523,-0.05824378099325174,-0.21567412153018284,-1.5468057617489757,-0.12090684202414889,-0.19298728055592804,-1.7285633445448876,-0.16646643580733184,-0.0844826842443821,-0.9964239214859058,0.0014299487801125567,-0.0880569876839721,-1.3850624421641486,-0.027576074110697717,-0.09369703542196443,-1.618161246124307,-0.06797568064855199,-0.09633944949639453,-1.8177596203731174,-0.0999111933639356,0.043727606363005996,-0.9365570554782807,-0.01454663544771273,0.04297032915874859,-1.2783725383316817,-0.040319737876527,0.029295124385577725,-1.4874820294907674,-0.05338175970503179,0.018286314756145457,-1.6601037616406615,-0.06744612992667331,0.18459990156528092,-0.8187002168406285,-0.04659678569540292,0.1892529784195454,-1.0756791073252432,-0.06371408772504485,0.17107495317949611,-1.235136356537396,-0.058577665861543976,0.1476802959564327,-1.3816723058427638,-0.055829954049928
Pataka,0.0,0.0,0.0,-0.2697311968506382,-0.17204246666409548,-0.10355730918783095,-0.4292796499193054,-0.4925570566188361,-0.1424875231171195,-0.4297689686837056,-0.8092319465890022,-0.17251715812704416,-0.38625646513433287,-1.0606982220117078,-0.18957668057633073,-0.275525192783137,-0.972935512879266,-0.0037148063497128704,-0.28572603670491475,-1.3440629419091172,-0.057274972597959904,-0.27386508391578823,-1.5618613679035058,-0.11882636344711814,-0.25867460367422435,-1.752963619696152,-0.16380664873248402,-0.12416482266091776,-0.992251687634369,0.004436800686237833,-0.142392877606601,-1.3937697592537972,-0.024507160497138858,-0.15600778121789283,-1.629925086687387,-0.06266822009320486,-0.1686492607423184,-1.8324805256321595,-0.09295326139074543,0.008599200081834499,-0.9395207015791148,-0.0081799477184765,-0.00637864620655392,-1.2917784499166607,-0.030896221950414103,-0.027660288570868823,-1.5005440291768979,-0.03461612332339908,-0.04644431985996876,-1.6703164142673375,-0.04206046746605395,0.16132996065534208,-0.8290512184907601,-0.03741783632858235,0.15413094212156309,-1.0995182554315466,-0.04890842236244128,0.12775129832297163,-1.262044701010799,-0.03549432063493506,0.09461503377759319,-1.4083651623374376,-0.02666340167855866
Pataka,0.0,0.0,0.0,-0.2312638807971311,-0.17419364037468263,-0.10612073160841198,-0.37409715781993125,-0.5188742434811349,-0.15051149500581534,-0.37135204508856895,-0.8381575016119288,-0.1897627650344081,-0.279586512373689,-1.0569045895012747,-0.22018606082127684,-0.17065239325418696,-0.9881461187023529,-0.026432108018065024,-0.17127745744400238,-1.367409220563225,-0.0964789696139231,-0.16078201873200385,-1.596084489662985,-0.16633700116855693,-0.14219364366765821,-1.796955211696685,-0.21932752281977214,-0.03378918420373667,-0.9990400945819933,-0.027877956317633644,-0.03578046012272009,-1.4068719197289554,-0.07956966882347159,-0.03704515766767747,-1.654563239391356,-0.13381687644738044,-0.031554462231877765,-1.868404513336801,-0.17489885315653433,0.09240422612387184,-0.9374068855738922,-0.04972202763523908,0.09931189038094485,-1.308013083392358,-0.09808282616582145,0.09046511721621886,-1.5217939657976591,-0.1240450347177131,0.07533574398423529,-1.7036429975918181,-0.1448204735467759,0.22946341394661762,-0.8098195351056877,-0.08704583160478029,0.23926235256139328,-1.086075348296503,-0.1279535657963597,0.2183184724449011,-1.2519180371006366,-0.1387212217254219,0.18383466803624174,-1.4051489984358252,-0.14558661777905768
Pataka,0.0,0.0,0.0,-0.24426878426561863,-0.19083501216170343,-0.11343074062870656,-0.3916496809823297,-0.526357438861806,-0.17760737239891708,-0.40433338402915414,-0.8377578623987605,-0.2338680976439677,-0.3279150219945651,-1.0845413198137126,-0.28185738913904923,-0.18843537151678952,-0.9908457798959565,-0.07669851925627251,-0.19856331837698785,-1.390147078757291,-0.1720396549052998,-0.1933774652695871,-1.632268980874101,-0.2535477039495792,-0.179927270126988,-1.8453199389020836,-0.31109875447007496,-0.03951757793831065,-0.9955492007654347,-0.08555787450137917,-0.05544136319295047,-1.4219046578515486,-0.15954951899043385,-0.062085468490730183,-1.6988825826085274,-0.22299713470930477,-0.061762281930694496,-1.9452160829483693,-0.26819811068165705,0.10364859041919408,-0.923421472892288,-0.11274152376974425,0.09464631878081498,-1.3151928379184086,-0.18054926022771653,0.0877384995103185,-1.5475655396521566,-0.20850934833317702,0.07815793521366729,-1.7512751931673398,-0.22661219744917127,0.2563546313030792,-0.7856313134147959,-0.15424332681962996,0.2543936009896423,-1.0875341212637282,-0.21080016783764308,0.2334158196139601,-1.2756048319161675,-0.22075458777365758,0.2049683595244264,-1.4488598255198037,-0.22324253249456188
Pataka,0.0,0.0,0.0,-0.25740130331583316,-0.16297728067291264,-0.0991326679310049,-0.4084879454921959,-0.5069111284807637,-0.14004620995464592,-0.4033696921461555,-0.8213082458503334,-0.17527836375098166,-0.34324763231646827,-1.0587407334404004,-0.20212095145158854,-0.22260395460011284,-0.9852994291874801,-0.031603673262623914,-0.22887104062273803,-1.3692554462301119,-0.1026082430342115,-0.20906414091179254,-1.6023076650314843,-0.1729138529682242,-0.18002582541709172,-1.8084391434299432,-0.2237330563915455,-0.07557127087645399,-0.9965030260905308,-0.03564690744696737,-0.0861288559244548,-1.4151275199187194,-0.08503607002143984,-0.0867685343299453,-1.6747204721494466,-0.1371852720365255,-0.08057194235458896,-1.9008053457008318,-0.1768059126165682,0.057387111089553064,-0.9381923328348067,-0.05860873631802612,0.05548404718066591,-1.3081651947199662,-0.10107619363313648,0.04492315772419937,-1.5298004069048765,-0.12265803397784875,0.03595389167872513,-1.7136017943614346,-0.14129331436216458,0.20304047964614264,-0.81929007837989,-0.09666411130772892,0.20381371122712297,-1.1029691392846805,-0.1281246614705729,0.18324542073219932,-1.2807771558865244,-0.13068783260187147,0.15464906986978963,-1.4412766809448854,-0.13282948512826065
Pataka,0.0,0.0,0.0,0.266883957528414,-0.08561469414640184,-0.1502384396729336,0.46116617973903573,-0.3747497752769436,-0.21240684847046032,0.5221815305457134,-0.6830799534519592,-0.25670558540528,0.41503121316963304,-0.8805610071995644,-0.30066562160037974,0.2558769080515244,-0.9396900675855472,-0.15592522641022105,0.27568959710992563,-1.3641954162657604,-0.25963811990793056,0.2886383727411834,-1.6340380189489496,-0.34235495323300985,0.29699884019524986,-1.8750650007993808,-0.3974522759922365,0.08293027670839097,-0.9859951354366016,-0.1446933381342338,0.11859105134739156,-1.458052961366648,-0.23563718739671818,0.15014578761393316,-1.7727677341156771,-0.3128689394308676,0.18354571176099352,-2.037409284599666,-0.3644511255282303,-0.08064550243024574,-0.9470354076883938,-0.14712612107868608,-0.04884478326941977,-1.378714098149486,-0.22853754036255217,0.00015134166075079895,-1.6546571609238307,-0.28379550554963356,0.05565779278142213,-1.8739824231258206,-0.3168340698643128,-0.2452817271054246,-0.8350619707004753,-0.1637224836727469,-0.22826738329511193,-1.1700982608770596,-0.23315846709406274,-0.1889034805685063,-1.3771247999293452,-0.2607679128071287,-0.13809810613268883,-1.5549082517310422,-0.27398090399792846
Pataka,0.0,0.0,0.0,0.25797158030926337,-0.13150419017444287,-0.13679303874288035,0.43202239211215054,-0.43627812796982146,-0.1898371380865537,0.46894539067399277,-0.7436941359072973,-0.2318030250257275,0.3687546316361548,-0.9551011333301996,-0.27349705975548394,0.24015527401043413,-0.9579064050859213,-0.10801643125322274,0.24589173264243686,-1.3428521594881022,-0.20317341611867662,0.24924673614931447,-1.589746527881227,-0.2827697322984874,0.25493009569171693,-1.8137071652152938,-0.33921640715049783,0.08572652798726867,-0.9907481920037053,-0.10520923172724451,0.10260637718016914,-1.4298429143292366,-0.1881852341938643,0.12164689079842292,-1.7235355406464121,-0.26106272198083413,0.1446307926884635,-1.9802959931914097,-0.31350524719474127,-0.05651343914849318,-0.9409756041930735,-0.11997292602578019,-0.047279663640794375,-1.3465827609670054,-0.2002376904415381,-0.02027789810145776,-1.6070131024289003,-0.2547560093851966,0.014512644926381333,-1.834160856442432,-0.2906033121438401,-0.19716267859451966,-0.8257697110500631,-0.14936529749842212,-0.20116160617142148,-1.1317149522925072,-0.22250368092714817,-0.17087492011478997,-1.3276572303038052,-0.2565054974963196,-0.12660160198813009,-1.5105016027355358,-0.27768483561106994
Pataka,0.0,0.0,0.0,0.29733334660628524,0.13381415800978255,-0.15023663424704659,0.6215346678004886,0.07383184165077873,-0.21368851480009923,0.8363708995249706,-0.13931778070313985,-0.26375625777828793,0.9068323718380362,-0.41777050539038063,-0.3132724779488756,0.7819546552841387,-0.5450039662164672,-0.1328635248215068,1.0379873241120818,-0.8721548948443096,-0.24278858142457066,1.1890956986903904,-1.0804909250315295,-0.33034283826172095,1.3195504100755453,-1.267784585909925,-0.38940450050527825,0.6682333028956006,-0.7319424014693011,-0.13313366904201543,0.9669861273024246,-1.0801475719201916,-0.2281307456831873,1.15754472959223,-1.3147721980012321,-0.30917836014410954,1.316841577230355,-1.5137308415543136,-0.36608305368486155,0.515534723762222,-0.8451363767760399,-0.15190769062397738,0.7897340015038199,-1.1662484697693383,-0.2403828983894298,0.9720659012380098,-1.3641884516020595,-0.3015053916518692,1.1319483012776284,-1.5227681993810966,-0.3415568434836345,0.32401990917687123,-0.9076014733094222,-0.18597394090420247,0.5269810147249147,-1.1617383390661875,-0.2672304225715983,0.6772967802536749,-1.2965982281287591,-0.30311405796655644,0.8249825464316878,-1.404677999208665,-0.32366054203755906
Pataka,0.0,0.0,0.0,0.2702893539623276,-0.16491839605540967,-0.12937447993894258,0.43214866072329794,-0.5043659738885625,-0.18166528868852985,0.45668854857467184,-0.8265196937477157,-0.22386822958412197,0.3375051442445658,-1.007557655553221,-0.2685016744570014,0.18887652826054863,-0.993385706531825,-0.11621626241861348,0.14896945927781982,-1.3990941329128759,-0.21050412478067126,0.11752625077331488,-1.6472898338313586,-0.2887596925142788,0.08867896616278997,-1.8648900806421485,-0.34458234476797306,0.021622609270414504,-0.9926426515652869,-0.11913449988049374,-0.005666208771062568,-1.451319038035932,-0.202492298909515,-0.02494831929224453,-1.7471403328671795,-0.27748185343753906,-0.044377216341414505,-2.0009802660426477,-0.3322294446847844,-0.12715797638170323,-0.9137453074229408,-0.13709243472356636,-0.15537208859607649,-1.3331538097495392,-0.21529820543854236,-0.15826448810449556,-1.596463547236279,-0.26948237639770095,-0.15720132240460502,-1.8281642157349112,-0.30691545485759797,-0.2737169645187708,-0.7702038397966098,-0.1682735836639797,-0.2990729896122702,-1.0853064158466215,-0.23830581453628724,-0.28921973659547057,-1.2870732062415295,-0.2699510618423802,-0.2703133000696477,-1.4750267209108314,-0.2908191095752066
Pataka,0.0,0.0,0.0,0.23997460084400374,-0.15686666743011968,-0.12224171364935153,0.41271439820068173,-0.45161535114600937,-0.16696747898191588,0.473576665578766,-0.7504061613260133,-0.2034921192659834,0.3840357523325337,-0.9626255937506558,-0.23597620120139454,0.24521134617518095,-0.9568028484247046,-0.05285159486337474,0.2553387109891787,-1.3234164578701186,-0.12838366550829777,0.2623214816048172,-1.5515759264808588,-0.1987552582556807,0.2744448198035448,-1.7484369509983555,-0.24812401150499633,0.1027553746917975,-0.9935651769972784,-0.047640025507078444,0.11766045467564282,-1.400862354033167,-0.10829507296120794,0.13739941687392074,-1.658397091924591,-0.167629259344162,0.16507427877437442,-1.8747249868490843,-0.2107139324516601,-0.03021254789793279,-0.9555711650104537,-0.061903600742752404,-0.018755041026384384,-1.3312076157636599,-0.12244724369130713,0.013048146169721117,-1.5577944071260186,-0.16100646626342544,0.05538479256478536,-1.7423078054156491,-0.1862863525527368,-0.166439869745005,-0.8518972548094945,-0.0912246274841856,-0.1688500156852368,-1.1329738724779965,-0.14717352582564638,-0.1348779822548241,-1.30827625560488,-0.168002744055395,-0.0846758587972415,-1.4640777449711937,-0.17925580193428078
Pataka,0.0,0.0,0.0,0.26635263327740893,-0.12869120094043698,-0.09935312837427843,0.4640764747100235,-0.4261093780508669,-0.12226343457061693,0.543248111963832,-0.7281064078572855,-0.13939902834040363,0.4684347697643152,-0.93821418059939,-0.15359469332111336,0.33303272230345127,-0.935891100197447,-0.00954640826208648,0.3638889265127581,-1.2875721612422768,-0.06359893430591211,0.37027292942449785,-1.4961481991899752,-0.12344041142980848,0.37362084231673975,-1.675607586259303,-0.16755349650687135,0.19334786373980745,-0.9811061772889219,-0.006875498001712992,0.23139709910690637,-1.3709756531781974,-0.051231752780687916,0.2507865875787459,-1.6133426429210587,-0.10602115866717118,0.2658388860809734,-1.815569662962252,-0.14641582728772337,0.053709493403228205,-0.9547001037726479,-0.022422094134902166,0.0886338452864564,-1.3157780611691574,-0.07224120504535907,0.12368064468800603,-1.5284195848882052,-0.10980916486235522,0.15603607045315834,-1.7026992898238178,-0.1349496106569884,-0.09730299648848519,-0.8685103603872207,-0.05056071566261973,-0.07022840515479165,-1.141838699490991,-0.09822808832397895,-0.02789559814132078,-1.3052559405730269,-0.11595546225109579,0.02109234557445873,-1.450930079924132,-0.12571793051718966
Pataka,0.0,0.0,0.0,0.25809872371551296,-0.11610461637376278,-0.12191384571438912,0.4571256729388666,-0.40288905938215913,-0.16535067553701963,0.5328221586377818,-0.707595909651496,-0.19917458772284158,0.43787151646949407,-0.9175382491979195,-0.23136426291601936,0.3153720659989878,-0.9358035098073043,-0.06542758960885099,0.3467621087970657,-1.3030079592796093,-0.14101530716292346,0.3643054812331743,-1.5336170807451746,-0.211464112306061,0.3800533237180627,-1.7358932039416792,-0.26233996009011684,0.1698006361067947,-0.9835224270346148,-0.06205948354336266,0.2107307861575466,-1.393323502793648,-0.1260613046509459,0.24107437165592893,-1.6561178856024974,-0.1896599477794164,0.27041213145911536,-1.8768988023911035,-0.23560656520796014,0.029247402854132538,-0.9500768120165193,-0.07615765870008863,0.06907701687443826,-1.3302187513291572,-0.14017876772706972,0.11514126037946047,-1.564309420848845,-0.18563347670090083,0.16376345687156316,-1.7559164586390796,-0.2158585170746077,-0.11682437622489847,-0.8493088849868752,-0.10431589874521303,-0.09436428941859239,-1.1378633180808062,-0.16519766610495612,-0.04939661552548188,-1.3174588796456368,-0.19126596031822063,0.008014487245629708,-1.473370472431484,-0.20617619920618507
Pataka,0.0,0.0,0.0,0.26302948781218954,-0.10601623887637032,-0.10365729358390804,0.44956752743841877,-0.4142199609427025,-0.13832926508828028,0.5179917840433563,-0.7162329296826306,-0.16466075168970357,0.42817911716344065,-0.9040670244391281,-0.19105706421354465,0.3027939171164045,-0.945955509775869,-0.07208945674158743,0.32405918773966663,-1.3523254208812518,-0.13853477240000697,0.33580461013804225,-1.5978321156623405,-0.19954470408908148,0.34850034941379127,-1.8012670570631644,-0.24250873088630578,0.15098959899966186,-0.9858708778170535,-0.07253105035881978,0.18611291954099898,-1.4219059135135896,-0.12544836588681657,0.21053740176397143,-1.7050921062048723,-0.1807054055821251,0.23887002353530154,-1.9334782710144371,-0.2213324173358552,0.0037540090645626035,-0.9468850288190898,-0.08593596231731405,0.04669865372179063,-1.348931461450511,-0.1383523151631364,0.08051346102428279,-1.6003958090801733,-0.18075294716588752,0.11905987855608954,-1.7980901364165516,-0.21045578070138934,-0.14784078631702785,-0.8490174225475778,-0.11071765635082198,-0.12205692882515382,-1.1489617275063373,-0.16013818800750676,-0.08537634471173942,-1.332902302974129,-0.18021834244257745,-0.035540924577591365,-1.479834676960814,-0.1917494673555096
Pataka,0.0,0.0,0.0,0.25488387823607755,-0.15833644530126725,-0.10787828094345533,0.43904285638182283,-0.43909561351228815,-0.1433751773789004,0.5088704885840903,-0.7392852725407106,-0.1737192169520315,0.4086870778513255,-0.9318482037339851,-0.2013263812147344,0.2923792236986283,-0.9577761516718554,-0.01282922922809447,0.31548030178491,-1.3265409568916857,-0.0731686631999709,0.3315903659117644,-1.5382955834697294,-0.1360381678777558,0.35520681769546786,-1.710843133703714,-0.1798187147406253,0.1459426846785271,-0.989264820161819,-0.007473177304711734,0.17912572973076682,-1.3877330798440997,-0.05445768865590009,0.21042429404948598,-1.6304993790520725,-0.11010950097523167,0.25224542670757955,-1.8275783999472113,-0.15077561691683805,0.008225649813362561,-0.9491077187992301,-0.021870229894268248,0.03888547601680488,-1.3140658788874013,-0.07283768534236049,0.07822176766348843,-1.5258996411611427,-0.11087275633099826,0.12981129953090198,-1.687191675778931,-0.13605627834946865,-0.13533721227699289,-0.8488419990095362,-0.050015943618031626,-0.11817855059837058,-1.1206403884445262,-0.0948521103339869,-0.07335313736236802,-1.2785571567229939,-0.11053897079245495,-0.012994319235706535,-1.407993801293561,-0.11898140084491007
Pataka,0.0,0.0,0.0,0.28294620429585204,-0.09376532016665536,-0.10504722609093657,0.47601834376623553,-0.39214922842925604,-0.14354571628365004,0.53518337708096,-0.6807045340204101,-0.17625372952945115,0.49998180658833413,-0.888625487545856,-0.2107201500243051,0.3629601187760337,-0.9266118913899827,-0.08459940411836327,0.397845085827619,-1.3362524271259748,-0.16850148724396533,0.40569632537085903,-1.5840308620083157,-0.2406331661218994,0.40531775328477504,-1.8041780414170734,-0.29105937641799356,0.21022055360787875,-0.9730654655523272,-0.09460929441777663,0.25855797457954605,-1.4311358118762334,-0.1693637668559628,0.2844056597785132,-1.7364172058997225,-0.2392516409049748,0.30090847330491877,-1.9988253111741991,-0.2890499961565145,0.05874064198806283,-0.9412301069719741,-0.1189085322304761,0.10544133959549001,-1.3595755472826239,-0.1915933164748809,0.13603995424779297,-1.6222125609762157,-0.24435358517572758,0.16180463901915632,-1.8449813896378597,-0.27831822395653033,-0.10287114309636718,-0.8473926778365408,-0.15420840752819365,-0.07346138751003534,-1.1721271562418254,-0.222671953396555,-0.040361868570794567,-1.3736612080847868,-0.25266210167885117,-0.0026158279559276086,-1.55399296970177,-0.26945729453959844
Pataka,0.0,0.0,0.0,0.2502850993871773,-0.1346905626455551,-0.09408073986407764,0.43836269707404385,-0.4115093579087035,-0.11789126918691528,0.5052277794942501,-0.6671988509823278,-0.1373658164172302,0.46837852308914185,-0.8538490633947954,-0.15543485980957406,0.31414403025185234,-0.9457105446310791,-0.019199541435772537,0.33434467877461566,-1.3006006536395514,-0.07638752849159466,0.34140894226337815,-1.5194091461696857,-0.13867944803967544,0.34969893317635775,-1.7046639009382654,-0.1842721617507364,0.17367089664121085,-0.9845848201759567,-0.020764188857668883,0.207050683864119,-1.3687712825602523,-0.06651199929108308,0.23324216691880797,-1.6040540654498265,-0.12163825874653518,0.2634400171262448,-1.7913169580822732,-0.16253641807363178,0.03696265454106128,-0.953901082809938,-0.03946510746696311,0.07335079522505314,-1.317925980495027,-0.08837806825307544,0.11356437982223029,-1.5277730844108028,-0.12580858758513663,0.1587902354253826,-1.692988480238339,-0.15177181789914268,-0.11406604730393831,-0.8602969768209913,-0.07047832502072415,-0.090792089106293,-1.1309819971834318,-0.1155468361229384,-0.044498125818055734,-1.2812088384230678,-0.1302626296605243,0.010125829667364602,-1.4083296167634356,-0.13802709911497726
Pataka,0.0,0.0,0.0,0.2444046994224449,-0.1407699414890311,-0.11404308783741163,0.4238441663496975,-0.42948168325680514,-0.15153098925439343,0.499332866061724,-0.7280076193849333,-0.18180717898417634,0.4143108501799234,-0.9256674174855206,-0.20879604293587253,0.2641628685335792,-0.9597878929573616,-0.03473013008976683,0.27521048822081284,-1.3223097163255166,-0.09820678918104156,0.2817036859544145,-1.5475532193788586,-0.16203296852222152,0.29131826409007283,-1.7408052593047445,-0.20841919376669563,0.12412155610906139,-0.9918322232609438,-0.029371418255143243,0.14260272710783153,-1.3885410324192922,-0.08009511284509208,0.16462327027861093,-1.6410510373686318,-0.13585812051970536,0.19155722058284702,-1.8539377759685056,-0.17766844652024613,-0.009012489215292241,-0.9490452827685204,-0.043104408033908324,0.003583541844966334,-1.3122008300930785,-0.09750989108090881,0.038890373803006716,-1.5270414371990095,-0.1371495398597507,0.07956177455399353,-1.6996780070641277,-0.16407924799945087,-0.1483627764860574,-0.843960003007554,-0.07121459438407532,-0.1393028773515294,-1.1175544610316839,-0.1233800600048832,-0.09968319232689807,-1.2870210468005647,-0.14609124461604012,-0.046991501117594627,-1.4367026887916927,-0.1597094561314756
Pataka,0.0,0.0,0.0,0.25078066974177143,-0.1472507700639789,-0.12144271270862886,0.438469567590308,-0.43786264228892435,-0.16047137047576018,0.521348519419455,-0.7342594874901667,-0.19148133234027023,0.4438642844531245,-0.9442458932277863,-0.2187296053853158,0.2957640548190096,-0.9491456357774536,-0.037613084034848934,0.3104871821171854,-1.3120756451184032,-0.10297596873524445,0.3188250936053773,-1.537332354332648,-0.16877865071129,0.3321241477287782,-1.7296155666484847,-0.2167466813679391,0.14862020423817596,-0.9884335143282621,-0.03018646459730313,0.17349282070845337,-1.3896561076195646,-0.08339119878043012,0.19820104847339493,-1.645782358432266,-0.14273101074099415,0.22915172309141454,-1.8623792184498777,-0.18733279743128234,0.006428691158645176,-0.9493560155839954,-0.04306841726732639,0.026892294059985333,-1.3124825680924914,-0.10087204291676774,0.06579526247147068,-1.527789161523794,-0.14605633441987187,0.10978067996117463,-1.701534579511178,-0.17712562283950584,-0.1422213090237308,-0.8466362668428296,-0.07095117096584559,-0.12297344353956634,-1.1139179933764025,-0.12689512481827864,-0.08272957902181172,-1.2813120795958879,-0.1544986594658229,-0.031007279050273034,-1.4345072584536773,-0.172333900414722
Pataka,0.0,0.0,0.0,0.2734902182098973,-0.13838218887856057,-0.11203189869856273,0.4742069124794644,-0.4335251803445877,-0.14459732195346275,0.5439194743613397,-0.7413356301491146,-0.16986986908208782,0.4528577677223978,-0.9464260445992013,-0.19362413833963255,0.3169864511553267,-0.9425962255592968,-0.034777021175704276,0.34074946181934124,-1.3009672798157395,-0.10069897464072292,0.3532089056268904,-1.5194597401781105,-0.16775690481953,0.3705936291559327,-1.7129165029805207,-0.21749498546930168,0.1702993846273553,-0.9849052517339939,-0.030980069437338473,0.20512344613648156,-1.3800124921466572,-0.08693716763583813,0.23478017605823723,-1.6353884274963872,-0.148668786731953,0.26812608894058604,-1.8508627045417003,-0.19544206079443815,0.02656188524353274,-0.9496388595859775,-0.04594352490605591,0.06019541360601338,-1.313780789264107,-0.10549142172872457,0.10179994430530429,-1.5369156326801816,-0.15128688631815945,0.14897205470767366,-1.7219787886896332,-0.1831069112775565,-0.12692785209988514,-0.8505165705333042,-0.0745265993139105,-0.10377913797372065,-1.1252807907179971,-0.13179509704198702,-0.057899750080356784,-1.2969295236024636,-0.15901861199225248,-0.0011197509615136557,-1.455722045654745,-0.17667781955232692
Pataka,0.0,0.0,0.0,0.26251212379401967,-0.1395636095013717,-0.1089214928437963,0.4619903676553139,-0.4336085083713447,-0.14423383562664802,0.5388139565926465,-0.735422135236456,-0.1730493117043516,0.4470952208780153,-0.9413219225615573,-0.20034700801445582,0.3110807666240039,-0.9469575180432391,-0.0368256496157017,0.3343666630851515,-1.3056886460075698,-0.10413187550908129,0.3475622263885915,-1.525968416373509,-0.17016693459236856,0.3624431254389236,-1.716976696286352,-0.21866075749745348,0.1668897431904351,-0.9852811159846502,-0.03699913650171914,0.20322818365226553,-1.3826647785434036,-0.09379018418452877,0.23295916330003452,-1.6354541450487943,-0.15394220000087522,0.26284369317918815,-1.847216097687666,-0.19864084271020496,0.026090840274399063,-0.9475004803339447,-0.055709571934537315,0.05702915991599029,-1.3173553662608544,-0.1172906579956238,0.09729416552319861,-1.5392751738939274,-0.16228719628433613,0.14104126914106577,-1.7211698642792626,-0.1927203701224898,-0.1227637584418745,-0.8456679491720903,-0.08759375867845905,-0.10167634819831292,-1.125167467475135,-0.14791615678950193,-0.05604653135508699,-1.2985777913184546,-0.1753585468974484,0.0011491101531761235,-1.4562899076433309,-0.19243498970001469
Pataka,0.7345161437988281,0.797764241695404,2.617549625938409e-07,0.6923789381980896,0.7813531756401062,-0.019012127071619034,0.6634734272956848,0.7378419041633606,-0.028156045824289322,0.6601844429969788,0.6877945065498352,-0.03565792739391327,0.6727453470230103,0.6524407863616943,-0.041908156126737595,0.6892977952957153,0.6576292514801025,-0.011450376361608505,0.6843690872192383,0.5955450534820557,-0.02326183021068573,0.6829376220703125,0.5585219264030457,-0.03411635011434555,0.6826123595237732,0.5255857706069946,-0.041926294565200806,0.7123744487762451,0.6520465612411499,-0.010573294013738632,0.7051897644996643,0.5838589668273926,-0.01911027729511261,0.7001943588256836,0.5422617197036743,-0.027489397674798965,0.696539044380188,0.5055457949638367,-0.033731766045093536,0.7340049147605896,0.6572281122207642,-0.01248540636152029,0.7278095483779907,0.5974465012550354,-0.01989133097231388,0.721973180770874,0.5618583559989929,-0.02433905191719532,0.7166725993156433,0.5322604775428772,-0.027762195095419884,0.7582235932350159,0.6712477207183838,-0.016821429133415222,0.7534791827201843,0.6252681016921997,-0.022606918588280678,0.7469911575317383,0.598325252532959,-0.023822182789444923,0.7394911050796509,0.574452817440033,-0.0245317742228508
Pataka,0.7171425819396973,0.7508378028869629,2.531593565890944e-07,0.6783688068389893,0.7321606874465942,-0.017558004707098007,0.6512510180473328,0.6904115676879883,-0.02600107528269291,0.6470068097114563,0.6442017555236816,-0.03250706195831299,0.6607660055160522,0.612055778503418,-0.037389080971479416,0.6771622896194458,0.6175726652145386,-0.010309272445738316,0.6734952330589294,0.5585584044456482,-0.020252007991075516,0.67365562915802,0.5243609547615051,-0.029370266944169998,0.6754083633422852,0.49436575174331665,-0.03575405105948448,0.6990779042243958,0.6141906380653381,-0.00849634688347578,0.6938828229904175,0.5500919222831726,-0.015618045814335346,0.6909151673316956,0.5104223489761353,-0.022709710523486137,0.6897705793380737,0.47628748416900635,-0.027856549248099327,0.7191514372825623,0.6211912631988525,-0.00913208443671465,0.7151944637298584,0.5649692416191101,-0.01577412337064743,0.7112445831298828,0.5311596393585205,-0.019823860377073288,0.7080415487289429,0.5044665336608887,-0.022574929520487785,0.7413628101348877,0.6361914277076721,-0.011817255057394505,0.7399176955223083,0.5925902128219604,-0.016764851287007332,0.735508918762207,0.5666376352310181,-0.01768018677830696,0.7305434942245483,0.5444409251213074,-0.01793200522661209
Pataka,0.7004165649414062,0.7487280368804932,2.098752531765058e-07,0.662350594997406,0.7268708348274231,-0.01560034230351448,0.6407557129859924,0.6804028749465942,-0.0219217911362648,0.6405181884765625,0.6345347166061401,-0.02672955021262169,0.6386329531669617,0.5964150428771973,-0.030265914276242256,0.665847659111023,0.6097163558006287,-0.008207235485315323,0.663425624370575,0.5531433820724487,-0.01808796636760235,0.6645668745040894,0.5194395184516907,-0.027591608464717865,0.6668851375579834,0.48938125371932983,-0.03427252545952797,0.6874327063560486,0.6066926717758179,-0.007712970487773418,0.683487057685852,0.5448213815689087,-0.014254110865294933,0.6816739439964294,0.5066191554069519,-0.021451864391565323,0.6812083125114441,0.47314757108688354,-0.027041511610150337,0.7068116664886475,0.6145073771476746,-0.009707024320960045,0.704470694065094,0.5586597919464111,-0.015475667081773281,0.7013735771179199,0.5255396962165833,-0.019003594294190407,0.6984255313873291,0.4983883500099182,-0.0219767764210701,0.7284905314445496,0.6307747960090637,-0.013814607635140419,0.7279363870620728,0.5878229737281799,-0.018365753814578056,0.723642885684967,0.5612173080444336,-0.019143659621477127,0.7180865406990051,0.5379282832145691,-0.019609853625297546
Pataka,0.7074410319328308,0.7513546943664551,2.2079021277932043e-07,0.6676191687583923,0.7315335273742676,-0.015327103435993195,0.6442081928253174,0.6840495467185974,-0.02119646780192852,0.6392297148704529,0.6364127397537231,-0.025568107143044472,0.6292362809181213,0.599662721157074,-0.02889961749315262,0.6677097678184509,0.6150925755500793,-0.00847109965980053,0.6641585826873779,0.5575733184814453,-0.01847292110323906,0.664707601070404,0.5232625007629395,-0.027915382757782936,0.6666668653488159,0.4925563335418701,-0.03436420485377312,0.6898303031921387,0.6108697056770325,-0.008092508651316166,0.6840752363204956,0.5485955476760864,-0.014769285917282104,0.6815330982208252,0.5092210173606873,-0.022027000784873962,0.6805011034011841,0.4747859239578247,-0.02751961350440979,0.7100270390510559,0.6175769567489624,-0.010084288194775581,0.7052697539329529,0.5615149736404419,-0.0161636620759964,0.7014126181602478,0.5276589393615723,-0.01979054883122444,0.6978714466094971,0.49959683418273926,-0.02265540137887001,0.7320960760116577,0.6324108839035034,-0.01406955812126398,0.7296438217163086,0.589166522026062,-0.018825087696313858,0.7250674366950989,0.5629035234451294,-0.01929781213402748,0.7196800112724304,0.5402677059173584,-0.01937108300626278
Pataka,0.7280043363571167,0.8510857820510864,2.1033054053987144e-07,0.6894089579582214,0.8296250104904175,-0.016628026962280273,0.6677007079124451,0.7803714275360107,-0.02312687784433365,0.6683355569839478,0.7335430979728699,-0.028443917632102966,0.6702272891998291,0.6958236694335938,-0.03239808604121208,0.6926888227462769,0.7073131203651428,-0.0066548679023981094,0.690258800983429,0.649594247341156,-0.017785102128982544,0.6914300918579102,0.6141708493232727,-0.028522159904241562,0.6933529376983643,0.5827111601829529,-0.036205753684043884,0.7136551737785339,0.7021535038948059,-0.00655676145106554,0.7100630402565002,0.6405933499336243,-0.01445961557328701,0.7080892324447632,0.6014824509620667,-0.02287258207798004,0.707214891910553,0.5667014718055725,-0.02912028320133686,0.7330572605133057,0.7083311080932617,-0.009367984719574451,0.7303714752197266,0.6523630619049072,-0.016309203580021858,0.7274726629257202,0.6189848780632019,-0.020374339073896408,0.7240580320358276,0.5896868705749512,-0.02354932203888893,0.7542214393615723,0.7244251370429993,-0.014544771052896976,0.7527980804443359,0.6812922954559326,-0.020396443083882332,0.7482679486274719,0.6545937061309814,-0.02176382578909397,0.7421244382858276,0.6302922964096069,-0.022446155548095703
Pataka,0.7251213788986206,0.6795297265052795,2.0245944654107006e-07,0.6856875419616699,0.6557034254074097,-0.013729970902204514,0.6633733510971069,0.607446014881134,-0.019489353522658348,0.6642447710037231,0.5612388849258423,-0.024697858840227127,0.6665409207344055,0.523888349533081,-0.028837010264396667,0.6886636018753052,0.5342421531677246,-0.0035239362623542547,0.6865170001983643,0.47852715849876404,-0.014017480425536633,0.687752366065979,0.44433677196502686,-0.02460811659693718,0.6898696422576904,0.4137447476387024,-0.03234606608748436,0.7102019190788269,0.5306326150894165,-0.005044810939580202,0.7070005536079407,0.4696953594684601,-0.012303292751312256,0.7052167057991028,0.4320348799228668,-0.020472334697842598,0.7040389180183411,0.39826130867004395,-0.0268144179135561,0.7297455668449402,0.5381516218185425,-0.009335609152913094,0.7277703285217285,0.4830997586250305,-0.015808606520295143,0.7243302464485168,0.450356662273407,-0.019521037116646767,0.7205718755722046,0.42198729515075684,-0.022819044068455696,0.7511797547340393,0.5551225543022156,-0.015776511281728745,0.7500803470611572,0.5136580467224121,-0.021154116839170456,0.7458556294441223,0.4878230094909668,-0.022104963660240173,0.7400232553482056,0.4641791880130768,-0.022808916866779327
Pataka,0.5974582433700562,0.7075884938240051,2.57026272265648e-07,0.5508958101272583,0.6862015724182129,-0.018208971247076988,0.5221259593963623,0.6329839825630188,-0.026197636500000954,0.520867109298706,0.5789044499397278,-0.03285839781165123,0.5245952606201172,0.5358830094337463,-0.038400862365961075,0.5478219985961914,0.5499159097671509,-0.00934081245213747,0.5422714948654175,0.48579686880111694,-0.022797098383307457,0.542465329170227,0.44574254751205444,-0.035232484340667725,0.5442646741867065,0.410198450088501,-0.044033877551555634,0.5716875195503235,0.5434337258338928,-0.009791201911866665,0.5654582381248474,0.4735287129878998,-0.019497275352478027,0.5613731145858765,0.43015986680984497,-0.028958993032574654,0.5586265325546265,0.39161065220832825,-0.03595495596528053,0.5936627984046936,0.5500505566596985,-0.013374829664826393,0.5887778401374817,0.4874820113182068,-0.02195708267390728,0.5835404396057129,0.45006319880485535,-0.026864079758524895,0.578633189201355,0.4182015359401703,-0.030795570462942123,0.6177690625190735,0.567162275314331,-0.019488990306854248,0.6150257587432861,0.5205919742584229,-0.026468200609087944,0.6096315383911133,0.49205148220062256,-0.02823096513748169,0.6027250289916992,0.4665929675102234,-0.02940431609749794
Pataka,0.7642500400543213,0.757132887840271,1.8490293030026805e-07,0.7302196621894836,0.7314885854721069,-0.015564660541713238,0.711856484413147,0.6849759221076965,-0.02234414406120777,0.7130829095840454,0.6425774693489075,-0.02800038456916809,0.7147380709648132,0.6063381433486938,-0.032481275498867035,0.7403113842010498,0.6202594637870789,-0.00706099346280098,0.7400166392326355,0.5674484372138977,-0.017861993983387947,0.7420717477798462,0.5354428291320801,-0.028289174661040306,0.745097815990448,0.5066908597946167,-0.03576246276497841,0.7601269483566284,0.6184031367301941,-0.007172024343162775,0.7599166631698608,0.5609999895095825,-0.014780041761696339,0.7596641182899475,0.5247703194618225,-0.0230272114276886,0.7600667476654053,0.4928182065486908,-0.02930442802608013,0.7777627110481262,0.6269503235816956,-0.009937459602952003,0.7787613272666931,0.5751224756240845,-0.016552520915865898,0.7771295309066772,0.5436590313911438,-0.02068427763879299,0.7746989727020264,0.51679927110672,-0.024031873792409897,0.7967129945755005,0.6442728638648987,-0.01485520601272583,0.7978856563568115,0.6049144864082336,-0.020341787487268448,0.7947177290916443,0.5800203680992126,-0.021717997267842293,0.7899530529975891,0.5575202703475952,-0.022547833621501923
Pataka,0.7323250770568848,0.7929427027702332,3.2449008813273394e-07,0.6707049608230591,0.7566248178482056,-0.021663684397935867,0.6360233426094055,0.6824546456336975,-0.029402080923318863,0.6369549036026001,0.6088434457778931,-0.03554830700159073,0.6384031772613525,0.5499266982078552,-0.03972639888525009,0.6787810325622559,0.5766136050224304,-0.004305406007915735,0.6769345998764038,0.49358829855918884,-0.018596675246953964,0.6807194352149963,0.4434487819671631,-0.03340821713209152,0.6862713694572449,0.3989804983139038,-0.04406281188130379,0.7123484015464783,0.5714002847671509,-0.004605722147971392,0.708878219127655,0.47999894618988037,-0.013634073548018932,0.7078697681427002,0.42387014627456665,-0.024167168885469437,0.7079160809516907,0.37432289123535156,-0.03232523798942566,0.7414804100990295,0.5833938121795654,-0.00926328357309103,0.7391942739486694,0.5022902488708496,-0.017218660563230515,0.7350454330444336,0.4526779055595398,-0.021589040756225586,0.7308905720710754,0.41111820936203003,-0.025689367204904556,0.7736725807189941,0.6095099449157715,-0.017273500561714172,0.772526204586029,0.5486750602722168,-0.023210318759083748,0.7666720151901245,0.511407196521759,-0.023348167538642883,0.7590771317481995,0.4778022766113281,-0.02357848547399044
Pataka,0.5811771154403687,0.8692159056663513,4.087905267624592e-07,0.5061885714530945,0.8322045207023621,-0.02759595774114132,0.46375465393066406,0.7368506193161011,-0.03667124733328819,0.4639262855052948,0.6453462243080139,-0.04342934861779213,0.46431756019592285,0.5720589756965637,-0.04774349555373192,0.5064082741737366,0.599541187286377,-0.006623225752264261,0.5030950307846069,0.49672383069992065,-0.023489827290177345,0.5076566338539124,0.43408405780792236,-0.041225116699934006,0.5143681764602661,0.3781738579273224,-0.05415312573313713,0.5477118492126465,0.5922715663909912,-0.006643763277679682,0.5416335463523865,0.47954535484313965,-0.01639259234070778,0.5396091341972351,0.40946030616760254,-0.028123432770371437,0.5395298600196838,0.348341166973114,-0.0376102477312088,0.5838832259178162,0.6067883372306824,-0.012146730907261372,0.5797294974327087,0.506237268447876,-0.02043614350259304,0.5751191973686218,0.4451026916503906,-0.02478913590312004,0.5718967318534851,0.392871230840683,-0.02958586812019348,0.6235280632972717,0.6387352347373962,-0.022023247554898262,0.6208218336105347,0.5625792145729065,-0.028380045667290688,0.6150414943695068,0.5138819813728333,-0.02844022586941719,0.6081236600875854,0.4689227342605591,-0.029045505449175835
Pataka,0.7990381717681885,0.8259527087211609,2.85882094885892e-07,0.7539459466934204,0.8057182431221008,-0.021810613572597504,0.7244365811347961,0.7555783987045288,-0.031857069581747055,0.7205872535705566,0.7012808322906494,-0.03964713588356972,0.7196982502937317,0.6545459628105164,-0.045893725007772446,0.7508214116096497,0.6683470010757446,-0.013704154640436172,0.7452608346939087,0.6017909049987793,-0.027763400226831436,0.7453723549842834,0.5613448023796082,-0.04030511528253555,0.7472448348999023,0.525535523891449,-0.0489218570291996,0.775631308555603,0.6619877815246582,-0.012471742928028107,0.7693151831626892,0.5897586345672607,-0.022058358415961266,0.7660409212112427,0.545093297958374,-0.03125135973095894,0.7643093466758728,0.5051403045654297,-0.03817886486649513,0.7983965277671814,0.6689361333847046,-0.014529664069414139,0.793477475643158,0.6044818758964539,-0.022445354610681534,0.7883390188217163,0.5654677152633667,-0.02651280350983143,0.7840237617492676,0.531795084476471,-0.029964249581098557,0.823875367641449,0.6861904263496399,-0.019422991201281548,0.8203645348548889,0.6363511681556702,-0.025329934433102608,0.8150546550750732,0.6058165431022644,-0.026094330474734306,0.8090091347694397,0.5778773427009583,-0.026548735797405243
Pataka,0.8064805269241333,0.8294583559036255,2.663385600953916e-07,0.7620855569839478,0.8100810647010803,-0.021161364391446114,0.733888566493988,0.7593353986740112,-0.029782971367239952,0.7297617197036743,0.7060054540634155,-0.036401279270648956,0.7212298512458801,0.6609001755714417,-0.04163645580410957,0.756844162940979,0.6727073788642883,-0.011550605297088623,0.7501659393310547,0.6091637015342712,-0.025181151926517487,0.7500270009040833,0.5697287917137146,-0.0379076711833477,0.7517858147621155,0.5339932441711426,-0.04675862565636635,0.7807625532150269,0.6644354462623596,-0.010497679002583027,0.7731772661209106,0.5947279334068298,-0.019724475219845772,0.7692429423332214,0.550988495349884,-0.02932833693921566,0.7672786712646484,0.5114637613296509,-0.03669442608952522,0.8030916452407837,0.6695935726165771,-0.012863841839134693,0.7974021434783936,0.6069967746734619,-0.02091851271688938,0.791828989982605,0.568617582321167,-0.02593410760164261,0.7870573997497559,0.5348503589630127,-0.030094385147094727,0.8283248543739319,0.6853928565979004,-0.018057571724057198,0.8245444893836975,0.6367833614349365,-0.024631069973111153,0.8187330365180969,0.6066781282424927,-0.02641807682812214,0.8119281530380249,0.5788084268569946,-0.027653595432639122
Pataka,0.7198549509048462,0.8846039772033691,3.679072904105851e-07,0.6586014628410339,0.8507391810417175,-0.028525568544864655,0.62267005443573,0.7776815891265869,-0.041070640087127686,0.6192165017127991,0.702815055847168,-0.051084790378808975,0.6121156811714172,0.6363506317138672,-0.0590679906308651,0.660210907459259,0.6615718007087708,-0.015118760988116264,0.6554811000823975,0.5710457563400269,-0.03374616801738739,0.6571779251098633,0.515980064868927,-0.05117993429303169,0.6607920527458191,0.46572595834732056,-0.0635555312037468,0.6948652267456055,0.6553187966346741,-0.01431975793093443,0.6874451637268066,0.5565629005432129,-0.027328072115778923,0.6836840510368347,0.49411922693252563,-0.04081558436155319,0.6817492842674255,0.4386894702911377,-0.051232270896434784,0.7262213230133057,0.6677245497703552,-0.018124690279364586,0.7206670045852661,0.5780556201934814,-0.03021896444261074,0.715265154838562,0.5263057947158813,-0.0369369275867939,0.7099012136459351,0.4821579158306122,-0.042293205857276917,0.7614258527755737,0.6942324042320251,-0.025632042437791824,0.7586679458618164,0.6250500082969666,-0.036192070692777634,0.7520945072174072,0.5824495553970337,-0.03894512355327606,0.7436754703521729,0.5433312654495239,-0.04052513465285301
Pataka,0.5523959398269653,0.8344964385032654,4.314780710501509e-07,0.48668113350868225,0.8017233610153198,-0.028951119631528854,0.44543182849884033,0.7231945395469666,-0.041662827134132385,0.43765532970428467,0.6425995230674744,-0.05187109485268593,0.43699121475219727,0.5733375549316406,-0.059908926486968994,0.4788128435611725,0.609016478061676,-0.01301858201622963,0.47423237562179565,0.5150617361068726,-0.03147837147116661,0.4761645197868347,0.45858243107795715,-0.048617277294397354,0.4805698096752167,0.40781641006469727,-0.06068316474556923,0.5149869322776794,0.6018826961517334,-0.01199716329574585,0.5085355639457703,0.5017764568328857,-0.024360455572605133,0.5059258341789246,0.43880319595336914,-0.03699313849210739,0.5051770210266113,0.38274848461151123,-0.04668892174959183,0.5479316711425781,0.612877607345581,-0.01590520143508911,0.5427418947219849,0.5244032740592957,-0.026737408712506294,0.5376738905906677,0.4705769419670105,-0.032058235257864,0.5338354110717773,0.424176961183548,-0.03675681725144386,0.5841391086578369,0.6379695534706116,-0.023732544854283333,0.5799681544303894,0.5700988173484802,-0.03251020982861519,0.5739267468452454,0.52665776014328,-0.03363972157239914,0.5670319199562073,0.4867250323295593,-0.0344121977686882
Pataka,0.7204995155334473,0.7570604085922241,1.9701971609720204e-07,0.6829765439033508,0.7349856495857239,-0.017039740458130836,0.6623836755752563,0.6876755952835083,-0.024046698585152626,0.662096381187439,0.6411147117614746,-0.02929285168647766,0.6585893630981445,0.6015486717224121,-0.03308522701263428,0.6886354684829712,0.6155345439910889,-0.009045743383467197,0.6837551593780518,0.5587955713272095,-0.019981341436505318,0.6837050318717957,0.5247937440872192,-0.030157068744301796,0.6850946545600891,0.4946202337741852,-0.03710472956299782,0.7091820240020752,0.6124863624572754,-0.007919743657112122,0.7035784125328064,0.551770806312561,-0.01521740760654211,0.7010225057601929,0.5140171051025391,-0.022375930100679398,0.7001397609710693,0.48102957010269165,-0.027625057846307755,0.7281801104545593,0.6201196312904358,-0.009486611001193523,0.7231822609901428,0.5655233263969421,-0.015757057815790176,0.7197543978691101,0.5333192348480225,-0.018304841592907906,0.7171163558959961,0.5065869688987732,-0.020232055336236954,0.7497949600219727,0.636371374130249,-0.013386305421590805,0.7474036812782288,0.5942766070365906,-0.017912430688738823,0.743239164352417,0.5689080953598022,-0.01790265552699566,0.7387343645095825,0.5466136336326599,-0.017468800768256187
Pataka,0.735270082950592,0.8339710831642151,1.814277510447937e-07,0.6998447179794312,0.8100839853286743,-0.015093985013663769,0.678699791431427,0.7630252838134766,-0.02143932320177555,0.6767390370368958,0.7188965082168579,-0.026924116536974907,0.6814947128295898,0.6825022101402283,-0.030918166041374207,0.7021493315696716,0.6936895847320557,-0.003431671531870961,0.6992497444152832,0.6386156678199768,-0.013507173396646976,0.6996042728424072,0.6053699851036072,-0.023568470031023026,0.7010733485221863,0.5756545066833496,-0.030982770025730133,0.722287654876709,0.6891771554946899,-0.003766384907066822,0.7187888622283936,0.6301211714744568,-0.010910875163972378,0.7173725962638855,0.5932865738868713,-0.018803708255290985,0.717129111289978,0.5603193044662476,-0.024713564664125443,0.7410775423049927,0.6956906914710999,-0.007021965458989143,0.7380608320236206,0.641894519329071,-0.013527898117899895,0.7356162071228027,0.6101707816123962,-0.01712178997695446,0.7328343391418457,0.5823603868484497,-0.019949739798903465,0.7618770599365234,0.7112991809844971,-0.012486139312386513,0.7601600885391235,0.6695239543914795,-0.017727427184581757,0.7562420964241028,0.6441536545753479,-0.01859879307448864,0.7513437867164612,0.6207306385040283,-0.018982697278261185
Pataka,0.7269064784049988,0.8276521563529968,1.764793893244132e-07,0.6979997754096985,0.7923306226730347,-0.01570955105125904,0.6887507438659668,0.7376837134361267,-0.022489186376333237,0.6974036693572998,0.6934729218482971,-0.028249647468328476,0.7075456976890564,0.6579203605651855,-0.03266559913754463,0.7287253737449646,0.6795408129692078,-0.006011656019836664,0.7372448444366455,0.624554455280304,-0.01675019972026348,0.7442468404769897,0.5920527577400208,-0.027208806946873665,0.7516629099845886,0.5634889602661133,-0.03489992395043373,0.7494411468505859,0.6825568675994873,-0.006467888597398996,0.7591227293014526,0.6223928332328796,-0.014156014658510685,0.7648534178733826,0.585031270980835,-0.022450750693678856,0.7704507112503052,0.5519834756851196,-0.028717482462525368,0.7660923600196838,0.6960709095001221,-0.009683840908110142,0.7757545709609985,0.6411359906196594,-0.016249043866991997,0.7798157930374146,0.6082184314727783,-0.019963566213846207,0.7823882102966309,0.5791013836860657,-0.023101160302758217,0.7823246121406555,0.7196738123893738,-0.015163514763116837,0.7907090187072754,0.6784048080444336,-0.02046041190624237,0.7928023338317871,0.6514201760292053,-0.02153637260198593,0.7932500243186951,0.6260174512863159,-0.022195395082235336
Pataka,0.7211960554122925,0.8245981931686401,1.8921411992778303e-07,0.6989583969116211,0.7850063443183899,-0.019217543303966522,0.6964228749275208,0.7316951751708984,-0.02866656519472599,0.7083632946014404,0.6892983913421631,-0.03667411953210831,0.7226061224937439,0.6534719467163086,-0.04304943606257439,0.7427302598953247,0.679564356803894,-0.008333338424563408,0.7576152682304382,0.6272541284561157,-0.02073744684457779,0.7684351205825806,0.596869945526123,-0.032571785151958466,0.7798936367034912,0.5702114701271057,-0.04126496985554695,0.7628798484802246,0.6864629983901978,-0.0076844035647809505,0.7796328663825989,0.6300602555274963,-0.016661006957292557,0.7901520729064941,0.5950461626052856,-0.025765450671315193,0.799991250038147,0.5635942220687866,-0.032818038016557693,0.7774125337600708,0.7030131816864014,-0.010276183485984802,0.7938218712806702,0.652048647403717,-0.01800895668566227,0.8020606637001038,0.6212155818939209,-0.02222554385662079,0.8079773187637329,0.5926382541656494,-0.025820009410381317,0.79020756483078,0.7294437885284424,-0.015466026961803436,0.8041988611221313,0.6907549500465393,-0.021947316825389862,0.8093370795249939,0.6654639840126038,-0.023793885484337807,0.8117552399635315,0.6408469676971436,-0.02506583370268345
Pataka,0.7435726523399353,0.8272926807403564,1.8632260889717145e-07,0.705747663974762,0.8098995089530945,-0.014265229925513268,0.6805250644683838,0.7632102966308594,-0.019123772159218788,0.6754564046859741,0.7177333235740662,-0.023154910653829575,0.6707667112350464,0.6798746585845947,-0.025716613978147507,0.6977163553237915,0.6888787746429443,-0.0026044058613479137,0.6884413957595825,0.6327353715896606,-0.011724679730832577,0.6852669715881348,0.5985753536224365,-0.0211795661598444,0.6833095550537109,0.5681330561637878,-0.02790004387497902,0.716844379901886,0.6810017228126526,-0.0026856809854507446,0.7065849900245667,0.6209285259246826,-0.00836488138884306,0.7006752490997314,0.5836883187294006,-0.015306822024285793,0.6963997483253479,0.5517932772636414,-0.020428700372576714,0.7359961867332458,0.6843342781066895,-0.005523066036403179,0.7270106077194214,0.6293590068817139,-0.010123958811163902,0.7207309603691101,0.5976703763008118,-0.012569828890264034,0.7145912647247314,0.5716214179992676,-0.014650984667241573,0.7583938241004944,0.696364164352417,-0.010642282664775848,0.7527493238449097,0.6530810594558716,-0.014030760154128075,0.7456492781639099,0.6276437044143677,-0.013732347637414932,0.7374515533447266,0.606088399887085,-0.013229354284703732
Pataka,0.7483628392219543,0.8250634670257568,1.7835040466707142e-07,0.7095856666564941,0.8140413165092468,-0.015316274017095566,0.6791552305221558,0.7726274132728577,-0.020868727937340736,0.6660820245742798,0.7287953495979309,-0.025614719837903976,0.6574461460113525,0.6904361248016357,-0.02882523275911808,0.6858171820640564,0.6972683668136597,-0.0018289645668119192,0.6698186993598938,0.6446253061294556,-0.011449940502643585,0.6627119183540344,0.6122768521308899,-0.021551765501499176,0.6575820446014404,0.5820745229721069,-0.029086675494909286,0.7038468718528748,0.6850916147232056,-0.0019556167535483837,0.6870546936988831,0.6281321048736572,-0.008395938202738762,0.6771175861358643,0.5923753380775452,-0.01632656529545784,0.6689084768295288,0.5596877336502075,-0.02255786955356598,0.7230631113052368,0.6841042637825012,-0.00520178722217679,0.707929253578186,0.6318845748901367,-0.010780944488942623,0.6978846788406372,0.6010685563087463,-0.014531116932630539,0.6880684494972229,0.5740993022918701,-0.017897367477416992,0.7461725473403931,0.6907743811607361,-0.010832371190190315,0.7355114817619324,0.6503394842147827,-0.015370302833616734,0.7257471680641174,0.6260833740234375,-0.01653020642697811,0.7152053117752075,0.6041799783706665,-0.0174839086830616
Pataka,0.731293261051178,0.7785097360610962,1.6148655390679778e-07,0.6979978084564209,0.750147819519043,-0.013605342246592045,0.6808643341064453,0.698966383934021,-0.019060639664530754,0.6819280982017517,0.6537826061248779,-0.023955857381224632,0.682847797870636,0.6158206462860107,-0.02748986706137657,0.7091787457466125,0.6299755573272705,-0.0025012269616127014,0.7082313895225525,0.5737647414207458,-0.012284116819500923,0.710090696811676,0.5406319499015808,-0.022429678589105606,0.71311354637146,0.5105190277099609,-0.030039414763450623,0.72971111536026,0.6275259256362915,-0.0037294563371688128,0.7284197211265564,0.5667877197265625,-0.010464131832122803,0.7286277413368225,0.5290209054946899,-0.018439829349517822,0.7296347618103027,0.4953005313873291,-0.024713609367609024,0.7482654452323914,0.6364043354988098,-0.007749590091407299,0.7479010820388794,0.5809646844863892,-0.013584937900304794,0.7468258142471313,0.5481078624725342,-0.017075026407837868,0.7447906732559204,0.5195515751838684,-0.020221762359142303,0.7687362432479858,0.6549971103668213,-0.013968017883598804,0.7695938348770142,0.6124975681304932,-0.018848303705453873,0.766511857509613,0.585655152797699,-0.019874708727002144,0.7619342803955078,0.561102032661438,-0.020609065890312195
Pataka,0.7011247277259827,0.8133634924888611,3.067304987780517e-07,0.6449124217033386,0.7854408621788025,-0.023637041449546814,0.6117833852767944,0.7191892862319946,-0.032383669167757034,0.609796941280365,0.6512688994407654,-0.03881286829710007,0.6065382361412048,0.5944138765335083,-0.042988672852516174,0.6456478834152222,0.6179392337799072,-0.007556380238384008,0.6395757794380188,0.5393185019493103,-0.020780516788363457,0.6401880979537964,0.49139875173568726,-0.03433271870017052,0.6425700783729553,0.448201984167099,-0.0439634844660759,0.6757466793060303,0.6114656925201416,-0.005602381657809019,0.6681285500526428,0.526689350605011,-0.013349495828151703,0.6637347936630249,0.473593145608902,-0.022432049736380577,0.6612659096717834,0.4274955987930298,-0.02959936298429966,0.7028337717056274,0.6206576228141785,-0.0077598607167601585,0.6967031359672546,0.5451708436012268,-0.013994285836815834,0.6907055377960205,0.4991515278816223,-0.01654714159667492,0.6859586834907532,0.46065768599510193,-0.01931394264101982,0.7344509363174438,0.6418963670730591,-0.013404302299022675,0.7304667234420776,0.5833865404129028,-0.017794009298086166,0.723426878452301,0.5467316508293152,-0.016923118382692337,0.7153778672218323,0.5137137174606323,-0.016292501240968704
Pataka,0.831179141998291,0.8317482471466064,2.37303083849838e-07,0.7884768843650818,0.8025714755058289,-0.018494069576263428,0.7649103999137878,0.7464562654495239,-0.026729697361588478,0.766791582107544,0.6940733194351196,-0.03318213298916817,0.768704891204834,0.6499482989311218,-0.038161203265190125,0.7985163927078247,0.6691103577613831,-0.01105217169970274,0.7985263466835022,0.6055232286453247,-0.023693596944212914,0.8014494180679321,0.5679099559783936,-0.035198211669921875,0.8053821325302124,0.5346360802650452,-0.04320860654115677,0.8231792449951172,0.6679685115814209,-0.010843778029084206,0.8225531578063965,0.5986279249191284,-0.01932469941675663,0.8222405910491943,0.5564427971839905,-0.027596427127718925,0.8232693076133728,0.5195980072021484,-0.033761754631996155,0.845317006111145,0.679017961025238,-0.0135521674528718,0.845463216304779,0.6164474487304688,-0.02058890461921692,0.8437404036521912,0.578809916973114,-0.023689065128564835,0.8424143195152283,0.5468565225601196,-0.02633744478225708,0.8693476915359497,0.7006709575653076,-0.018797816708683968,0.869837760925293,0.6517969369888306,-0.024325672537088394,0.8667643666267395,0.6215313076972961,-0.024496864527463913,0.8627801537513733,0.5943081974983215,-0.024270914494991302
Pataka,0.6135878562927246,0.8424673676490784,2.8989262546019745e-07,0.570785641670227,0.822562038898468,-0.02124165929853916,0.5424895882606506,0.7741667032241821,-0.032074443995952606,0.537930965423584,0.7229787111282349,-0.040547143667936325,0.5362319350242615,0.6785665154457092,-0.04795367270708084,0.5674653649330139,0.6995370388031006,-0.019602766260504723,0.5624487996101379,0.6356061100959778,-0.03559311106801033,0.5628593564033508,0.5965104699134827,-0.048596203327178955,0.5650073885917664,0.5613195300102234,-0.057519812136888504,0.5910429954528809,0.6951091885566711,-0.019222546368837357,0.5850260257720947,0.6253393888473511,-0.03138349950313568,0.5825498104095459,0.5811825394630432,-0.041706446558237076,0.5817060470581055,0.540836751461029,-0.04948205500841141,0.6130391955375671,0.7026337385177612,-0.02162889763712883,0.6091001629829407,0.6397008895874023,-0.032365582883358,0.6057095527648926,0.6016851663589478,-0.038182489573955536,0.6026305556297302,0.5679063200950623,-0.0426320806145668,0.6372020244598389,0.7195834517478943,-0.02640552446246147,0.6348452568054199,0.671605110168457,-0.035679396241903305,0.630668044090271,0.6412909626960754,-0.03856668248772621,0.6253722310066223,0.6133634448051453,-0.040408290922641754
Pataka,0.6246722936630249,0.6808205246925354,2.423735452339315e-07,0.5795085430145264,0.6572622656822205,-0.015390228480100632,0.5530678033828735,0.6053257584571838,-0.022173473611474037,0.5528016686439514,0.553591251373291,-0.02809085324406624,0.5535011291503906,0.5115389227867126,-0.033081620931625366,0.5795608162879944,0.5281022191047668,-0.007505711633712053,0.5761079788208008,0.4667896032333374,-0.02035428211092949,0.5771805644035339,0.4287593960762024,-0.032258640974760056,0.5796210765838623,0.39464330673217773,-0.04066066816449165,0.6030786633491516,0.5232476592063904,-0.009267902933061123,0.5990651845932007,0.4568181335926056,-0.01859409362077713,0.5966367721557617,0.41489630937576294,-0.027863672003149986,0.5954614877700806,0.3771322965621948,-0.03481096401810646,0.6247239112854004,0.5302879214286804,-0.013905154541134834,0.6221245527267456,0.47030898928642273,-0.02231220155954361,0.6184896230697632,0.43344926834106445,-0.026847874745726585,0.6151466369628906,0.4012247323989868,-0.03046244941651821,0.6483995318412781,0.5471024513244629,-0.020764784887433052,0.6472867727279663,0.5011813640594482,-0.027602864429354668,0.6432912945747375,0.4717864394187927,-0.02900460734963417,0.6378735899925232,0.4451674818992615,-0.0298499446362257
Pataka,0.7004175186157227,0.5870717167854309,2.200974051902449e-07,0.6586041450500488,0.5580371022224426,-0.013924201019108295,0.6344058513641357,0.5067323446273804,-0.018809758126735687,0.6331185698509216,0.4581640064716339,-0.022973576560616493,0.6332198977470398,0.41901737451553345,-0.0256815142929554,0.6620165109634399,0.4358343482017517,-0.0012289220467209816,0.6593189239501953,0.37981265783309937,-0.01114248763769865,0.6613828539848328,0.3453267812728882,-0.021600788459181786,0.6646897196769714,0.314456582069397,-0.028881775215268135,0.6841557621955872,0.43167075514793396,-0.0017893146723508835,0.6806784868240356,0.37015682458877563,-0.007474737241864204,0.6791489720344543,0.33154213428497314,-0.014224567450582981,0.6784489154815674,0.2979275584220886,-0.01933947205543518,0.7045493125915527,0.43875017762184143,-0.005353018641471863,0.7019951939582825,0.3836241066455841,-0.009940926916897297,0.6984891295433044,0.3502260148525238,-0.011867557652294636,0.6952407956123352,0.32274216413497925,-0.013772917911410332,0.7275363206863403,0.4553161859512329,-0.011310428380966187,0.7262522578239441,0.4128774106502533,-0.014382611028850079,0.7217140793800354,0.3863496780395508,-0.013465957716107368,0.7160083055496216,0.363223135471344,-0.01271494198590517
Pataka,0.7768638134002686,0.6347913146018982,2.0547312828966824e-07,0.738700270652771,0.6033415198326111,-0.01390932872891426,0.7147998213768005,0.5538744330406189,-0.019594335928559303,0.7135658860206604,0.5062921047210693,-0.02486884780228138,0.7153029441833496,0.46691668033599854,-0.0286607313901186,0.7424830794334412,0.48081058263778687,0.00013948972627986223,0.7392144203186035,0.4237126111984253,-0.01033139880746603,0.7404777407646179,0.389462411403656,-0.021742843091487885,0.742780327796936,0.3579726815223694,-0.030070383101701736,0.7639034390449524,0.4766102731227875,-0.0010701300343498588,0.7605215907096863,0.41524121165275574,-0.007792752701789141,0.7591195702552795,0.37664973735809326,-0.016255464404821396,0.7582828402519226,0.34181082248687744,-0.022886408492922783,0.7837581038475037,0.48390161991119385,-0.005428622476756573,0.782169759273529,0.4277231693267822,-0.011284886859357357,0.779344379901886,0.39466744661331177,-0.014634495601058006,0.7757396101951599,0.36687514185905457,-0.017619850113987923,0.8061420917510986,0.5011759400367737,-0.01212895754724741,0.8054344654083252,0.4581480026245117,-0.01648285798728466,0.8010163903236389,0.43281036615371704,-0.016587093472480774,0.7950966954231262,0.41027477383613586,-0.016637396067380905
Pataka,0.8268308639526367,0.7972105741500854,2.465338866386446e-07,0.7874329686164856,0.7687351703643799,-0.018963024020195007,0.7649452686309814,0.7141687273979187,-0.026911385357379913,0.7663995027542114,0.6628380417823792,-0.0332641527056694,0.7718234062194824,0.6204125285148621,-0.03791792318224907,0.7962743043899536,0.6388235688209534,-0.007827927358448505,0.7973594665527344,0.5769320130348206,-0.019987741485238075,0.801179826259613,0.5397699475288391,-0.031538184732198715,0.8060076832771301,0.506827712059021,-0.039590831845998764,0.8191105723381042,0.6370293498039246,-0.006813503801822662,0.8191012144088745,0.5704727172851562,-0.014584019780158997,0.8193315267562866,0.5300250053405762,-0.022342830896377563,0.8205130100250244,0.4949832558631897,-0.028058920055627823,0.8397612571716309,0.6464366912841797,-0.009086646139621735,0.8401986956596375,0.5868911743164062,-0.01537390798330307,0.8388477563858032,0.5506489872932434,-0.018022822216153145,0.8375049829483032,0.5197550654411316,-0.020369848236441612,0.8622577786445618,0.6657378673553467,-0.01410833839327097,0.8628596663475037,0.6213154792785645,-0.018837517127394676,0.860077440738678,0.5934922695159912,-0.018841877579689026,0.856160044670105,0.5683333873748779,-0.018600517883896828
Pataka,0.6788614392280579,0.795182466506958,1.8291891024091456e-07,0.6495715379714966,0.772222101688385,-0.013620550744235516,0.6325252056121826,0.7304756045341492,-0.020483436062932014,0.6318035125732422,0.6913588643074036,-0.0264988224953413,0.633969783782959,0.6568815112113953,-0.0314800888299942,0.6548997163772583,0.6708502769470215,-0.007232363801449537,0.6552248597145081,0.62102210521698,-0.01800737902522087,0.6576049327850342,0.5907436013221741,-0.02792111039161682,0.6608550548553467,0.5633609294891357,-0.03495187312364578,0.6725261211395264,0.6679385304450989,-0.008010974153876305,0.6720802187919617,0.6139348745346069,-0.015655646100640297,0.6723355054855347,0.5802846550941467,-0.02341657504439354,0.6732074022293091,0.5494431257247925,-0.029280902817845345,0.6889890432357788,0.6745110750198364,-0.011091109365224838,0.6893017888069153,0.6250916719436646,-0.017452454194426537,0.6886727809906006,0.5953297019004822,-0.021227609366178513,0.6872283816337585,0.5689429640769958,-0.024320440366864204,0.7067713141441345,0.6896043419837952,-0.01607825793325901,0.707394540309906,0.6515282988548279,-0.02117415890097618,0.7050444483757019,0.6272901892662048,-0.022418541833758354,0.7012081742286682,0.6051899194717407,-0.023206371814012527
Pataka,0.6737825274467468,0.7752885818481445,1.8083515840316977e-07,0.6418928503990173,0.7504905462265015,-0.012224257923662663,0.6223638653755188,0.7055516839027405,-0.017636550590395927,0.6196828484535217,0.6631019115447998,-0.022543247789144516,0.6194061636924744,0.6276728510856628,-0.02643001079559326,0.6394342184066772,0.6462674140930176,-0.0041387020610272884,0.6334486603736877,0.593995213508606,-0.01446103397756815,0.6325798630714417,0.5623472929000854,-0.024240216240286827,0.6331592798233032,0.5334901809692383,-0.031357068568468094,0.6566006541252136,0.6429373621940613,-0.00575983664020896,0.6499481797218323,0.5861843228340149,-0.01332866121083498,0.6474167704582214,0.5507262945175171,-0.02124660648405552,0.6459083557128906,0.5188958644866943,-0.027305081486701965,0.6737678647041321,0.6492363214492798,-0.009786433540284634,0.6696790456771851,0.5968541502952576,-0.016469163820147514,0.6681323051452637,0.5662057995796204,-0.019964883103966713,0.6662500500679016,0.5393714308738708,-0.022948261350393295,0.6933683156967163,0.6634308695793152,-0.01568922959268093,0.6905606985092163,0.6247246861457825,-0.02108062244951725,0.6875561475753784,0.5998939275741577,-0.02217663824558258,0.6839936971664429,0.576474666595459,-0.023042019456624985
Pataka,0.6666372418403625,0.7713019251823425,2.1164476038393332e-07,0.6310463547706604,0.7465324401855469,-0.011625928804278374,0.6125848889350891,0.6967596411705017,-0.01673104055225849,0.6107960343360901,0.6530497670173645,-0.021661292761564255,0.609891951084137,0.6161858439445496,-0.025890478864312172,0.6293337345123291,0.6359585523605347,-0.0036308811977505684,0.6259213089942932,0.5808114409446716,-0.014479074627161026,0.6266294717788696,0.546613872051239,-0.02475925162434578,0.6286181211471558,0.5166487693786621,-0.0320928581058979,0.6463476419448853,0.6325740218162537,-0.006098609883338213,0.6422954797744751,0.5723422169685364,-0.014072975143790245,0.6410049200057983,0.5346004962921143,-0.022530822083353996,0.640651285648346,0.5011361837387085,-0.028965892270207405,0.6630006432533264,0.6391146779060364,-0.011007609777152538,0.660650372505188,0.5832779407501221,-0.017939144745469093,0.6597750782966614,0.5500168204307556,-0.022265199571847916,0.6587916016578674,0.5208713412284851,-0.025997549295425415,0.6814578771591187,0.6540533304214478,-0.017779940739274025,0.6800758838653564,0.6125951409339905,-0.023475486785173416,0.6779925227165222,0.5851443409919739,-0.025082247331738472,0.6750213503837585,0.5597859621047974,-0.026480840519070625
Pataka,0.6869192123413086,0.7746478915214539,2.0483307139329554e-07,0.6494725942611694,0.7496880888938904,-0.016171900555491447,0.6273384094238281,0.7043518424034119,-0.023160897195339203,0.6281202435493469,0.6589291095733643,-0.028650814667344093,0.6320980191230774,0.6218826174736023,-0.03277742117643356,0.6558557748794556,0.6360915899276733,-0.007653527893126011,0.653779923915863,0.5803459882736206,-0.0181644968688488,0.6553266644477844,0.5468876957893372,-0.028272880241274834,0.657987654209137,0.5171246528625488,-0.0353899821639061,0.6765468120574951,0.633526623249054,-0.006906697526574135,0.6740038394927979,0.5735439658164978,-0.014020945876836777,0.6726388335227966,0.5363326072692871,-0.021686220541596413,0.6726360321044922,0.5035862922668457,-0.027523482218384743,0.6950110793113708,0.641234815120697,-0.008813554421067238,0.6936814188957214,0.5869605541229248,-0.015125642530620098,0.6911686062812805,0.5540822744369507,-0.018995122984051704,0.6889570951461792,0.5267446041107178,-0.022090569138526917,0.7151421904563904,0.65729820728302,-0.012888222001492977,0.7144168615341187,0.6154272556304932,-0.018058082088828087,0.7104647755622864,0.5891447067260742,-0.019291982054710388,0.7056496143341064,0.5655597448348999,-0.01997203752398491
Pataka,0.6948387026786804,0.7576250433921814,1.9684382834839198e-07,0.6661606431007385,0.7365496158599854,-0.019031228497624397,0.6485563516616821,0.6965295076370239,-0.0283220037817955,0.6497863531112671,0.6551292538642883,-0.03602174296975136,0.6554678678512573,0.619776725769043,-0.04240494221448898,0.6689246296882629,0.624011754989624,-0.010851834900677204,0.6668171882629395,0.5715618133544922,-0.022881343960762024,0.6660681962966919,0.537901759147644,-0.0342743918299675,0.6661478877067566,0.507996678352356,-0.04252660274505615,0.684790313243866,0.6176067590713501,-0.009512430056929588,0.6819767951965332,0.560612678527832,-0.018664076924324036,0.678727924823761,0.5234907269477844,-0.027912085875868797,0.675729513168335,0.49055349826812744,-0.034803904592990875,0.6994690895080566,0.622588574886322,-0.010995986871421337,0.697391152381897,0.5694658756256104,-0.018835337832570076,0.6939483880996704,0.5368537902832031,-0.024673908948898315,0.6892905831336975,0.5097218751907349,-0.029077280312776566,0.7150697112083435,0.636833906173706,-0.01491755060851574,0.7150362133979797,0.5963567495346069,-0.02148825116455555,0.7109848260879517,0.5707446932792664,-0.02472609467804432,0.7047805786132812,0.5492013096809387,-0.026872655376791954
Pataka,0.6985735893249512,0.7477941513061523,1.6909882560867118e-07,0.6724530458450317,0.7258335947990417,-0.016288580372929573,0.6591044664382935,0.6863629221916199,-0.02453160099685192,0.6618946194648743,0.6484959721565247,-0.03167666867375374,0.6646484136581421,0.6171708106994629,-0.037965238094329834,0.6748036742210388,0.6220111846923828,-0.012242638505995274,0.6709056496620178,0.5696679949760437,-0.024882977828383446,0.6687952876091003,0.5350707769393921,-0.03593623265624046,0.6673255562782288,0.5050429105758667,-0.04383862763643265,0.688707709312439,0.6149600148200989,-0.01242370530962944,0.6836062669754028,0.5581191182136536,-0.023113280534744263,0.6794803738594055,0.5197466611862183,-0.03274400159716606,0.675351083278656,0.48629337549209595,-0.03950333222746849,0.7022328972816467,0.6188594698905945,-0.014891811646521091,0.6971429586410522,0.565505862236023,-0.024349674582481384,0.6920400857925415,0.5316489934921265,-0.031020667403936386,0.6862910985946655,0.5040232539176941,-0.03553413972258568,0.7168864607810974,0.6317862868309021,-0.019393883645534515,0.7146623134613037,0.5916761159896851,-0.02759043127298355,0.7090831995010376,0.5659745931625366,-0.03161723539233208,0.7021263241767883,0.5445598363876343,-0.03404419124126434
Pataka,0.7207652926445007,0.7478009462356567,1.8658387546111044e-07,0.6816330552101135,0.7535658478736877,-0.016459818929433823,0.6457325220108032,0.7281420826911926,-0.023212770000100136,0.6289492845535278,0.6889746785163879,-0.028542814776301384,0.6165110468864441,0.655259907245636,-0.0327363945543766,0.6411792039871216,0.6556877493858337,-0.008249997161328793,0.6181060671806335,0.6116096377372742,-0.019632861018180847,0.6057524085044861,0.582429051399231,-0.03019316866993904,0.5957944989204407,0.5551119446754456,-0.037861380726099014,0.6564311385154724,0.6380250453948975,-0.007962292991578579,0.6307970285415649,0.5916364192962646,-0.016367539763450623,0.6148690581321716,0.561257004737854,-0.024895336478948593,0.6013685464859009,0.5323452353477478,-0.031375136226415634,0.6745818853378296,0.6304828524589539,-0.010425680316984653,0.6516522169113159,0.5870723724365234,-0.01824137382209301,0.6368736028671265,0.5607555508613586,-0.023069890215992928,0.6234213709831238,0.5373036861419678,-0.026763057336211205,0.6976086497306824,0.6292765140533447,-0.015045089647173882,0.6800007820129395,0.5957732200622559,-0.021842122077941895,0.6666943430900574,0.5762317776679993,-0.024151688441634178,0.6533480882644653,0.5587473511695862,-0.025607582181692123
Pataka,0.7214962840080261,0.9512000679969788,2.408219472727069e-07,0.6808143854141235,0.9288606643676758,-0.020180534571409225,0.6565351486206055,0.8777157664299011,-0.02848452515900135,0.6558545827865601,0.8252655267715454,-0.03508840501308441,0.6637142300605774,0.7841103076934814,-0.039924826472997665,0.6833594441413879,0.8023154735565186,-0.00527086341753602,0.6815617680549622,0.7429443597793579,-0.016193170100450516,0.6831527352333069,0.7072043418884277,-0.02753407135605812,0.6860352754592896,0.6751195192337036,-0.03590548411011696,0.7052978277206421,0.7981426119804382,-0.003479702165350318,0.7022032141685486,0.7349061369895935,-0.011019043624401093,0.7004112601280212,0.6958868503570557,-0.02006515860557556,0.6997438669204712,0.6606115102767944,-0.027049731463193893,0.7246745228767395,0.8050457239151001,-0.0051902541890740395,0.7227872014045715,0.748009204864502,-0.011885212734341621,0.7196106314659119,0.713455855846405,-0.016403524205088615,0.7167044878005981,0.6836187243461609,-0.020168662071228027,0.7464006543159485,0.8214284777641296,-0.00964922085404396,0.7443941831588745,0.7769227027893066,-0.01518396008759737,0.7395066618919373,0.7493445873260498,-0.016769494861364365,0.7334326505661011,0.724170446395874,-0.017893925309181213
Pataka,0.6368961930274963,0.9231923222541809,2.453291756410181e-07,0.5949758291244507,0.8969897627830505,-0.016832733526825905,0.5718579888343811,0.844166100025177,-0.02344408817589283,0.5732045769691467,0.7927037477493286,-0.028772803023457527,0.5756558775901794,0.7512723803520203,-0.032543957233428955,0.5993236303329468,0.7722926139831543,-0.004082349594682455,0.598232090473175,0.7126860618591309,-0.014843911863863468,0.6016521453857422,0.6764969229698181,-0.025751525536179543,0.6063443422317505,0.6448929309844971,-0.03329603746533394,0.6218222975730896,0.7686164975166321,-0.003477793885394931,0.6193628907203674,0.7048232555389404,-0.010135031305253506,0.6193162202835083,0.665539026260376,-0.01767578348517418,0.6210410594940186,0.631710410118103,-0.02331712655723095,0.6419190168380737,0.7759044170379639,-0.006020232569426298,0.6399726867675781,0.7183658480644226,-0.01134141068905592,0.6378257274627686,0.6830253005027771,-0.013569909147918224,0.6370013356208801,0.6535871028900146,-0.015623115934431553,0.6643044948577881,0.7927639484405518,-0.01111725252121687,0.6625534892082214,0.7473857998847961,-0.015005617402493954,0.6583382487297058,0.7186902165412903,-0.014353797771036625,0.6536055207252502,0.6935958862304688,-0.013660450465977192
Pataka,0.6608335971832275,0.707218587398529,2.0653993715313845e-07,0.6179590821266174,0.6960070133209229,-0.015573980286717415,0.5875545740127563,0.6557270884513855,-0.021786697208881378,0.5799737572669983,0.6093453168869019,-0.026990730315446854,0.5757812261581421,0.5708600282669067,-0.030825955793261528,0.5995221138000488,0.57742840051651,-0.003886791644617915,0.5863950252532959,0.5248451232910156,-0.014507844112813473,0.5814521312713623,0.4912120997905731,-0.02539103664457798,0.5783212184906006,0.46015727519989014,-0.03324519842863083,0.6189476251602173,0.5669121146202087,-0.0039981394074857235,0.6043533086776733,0.5099769234657288,-0.011035369709134102,0.5959430932998657,0.4739273190498352,-0.018931303173303604,0.5893964171409607,0.4407607316970825,-0.0250497255474329,0.6389198303222656,0.5674903392791748,-0.0071332212537527084,0.6266370415687561,0.515656590461731,-0.013253307901322842,0.6176957488059998,0.48493772745132446,-0.016429850831627846,0.609865665435791,0.45821934938430786,-0.019236305728554726,0.6627031564712524,0.5760922431945801,-0.012653101235628128,0.6536364555358887,0.5360382795333862,-0.01740538328886032,0.645020604133606,0.511623740196228,-0.01793774403631687,0.6357412338256836,0.4896255433559418,-0.01827779971063137
Pataka,0.7326664924621582,0.8732584118843079,2.4015838562263525e-07,0.6905450820922852,0.8480859994888306,-0.01894872449338436,0.6669102311134338,0.789594292640686,-0.02541946992278099,0.6651914715766907,0.7337852120399475,-0.030432771891355515,0.6692060828208923,0.6886317729949951,-0.03359895944595337,0.6930728554725647,0.7093963027000427,-0.0026945178396999836,0.6899757385253906,0.6454083919525146,-0.01346088107675314,0.6915355324745178,0.606034517288208,-0.02488376758992672,0.6946136355400085,0.5709619522094727,-0.03311815857887268,0.7166717648506165,0.7043548822402954,-0.0012073355028405786,0.7119860053062439,0.6346884965896606,-0.007375569548457861,0.7098200917243958,0.5923160314559937,-0.015011739917099476,0.7091639637947083,0.555200457572937,-0.020879440009593964,0.7382754683494568,0.7117326259613037,-0.0032901507802307606,0.7344916462898254,0.6488344669342041,-0.008302267640829086,0.730855405330658,0.6121530532836914,-0.00995082687586546,0.7281023263931274,0.5813576579093933,-0.011781102977693081,0.7628734707832336,0.7294432520866394,-0.008329241536557674,0.7596769332885742,0.6816681623458862,-0.011561275459825993,0.7548316717147827,0.6522996425628662,-0.010332946665585041,0.7493014335632324,0.6256946325302124,-0.009421044029295444
Pataka,0.7069203853607178,0.7398260235786438,2.4027170297813427e-07,0.6664214134216309,0.7145649790763855,-0.01739789918065071,0.6409037709236145,0.6670205593109131,-0.024339934810996056,0.6397321224212646,0.6168496608734131,-0.03014773689210415,0.6510199904441833,0.5795807838439941,-0.034256745129823685,0.6648507714271545,0.5953916907310486,-0.0010996605269610882,0.6618754267692566,0.5398104190826416,-0.010828223079442978,0.6629700064659119,0.5056903958320618,-0.02189849317073822,0.6652215719223022,0.47430503368377686,-0.03021951951086521,0.6859795451164246,0.5912043452262878,-1.5055822586873546e-05,0.6812654733657837,0.5317347049713135,-0.006490939296782017,0.6789734959602356,0.49404385685920715,-0.014768654480576515,0.6774991750717163,0.4596986770629883,-0.021202554926276207,0.7053903341293335,0.5977126955986023,-0.0023386506363749504,0.7020687460899353,0.5441840291023254,-0.008260147646069527,0.6984419822692871,0.5115321278572083,-0.011744962073862553,0.6950612664222717,0.48428869247436523,-0.01468562800437212,0.7278969287872314,0.6125935912132263,-0.00725028570741415,0.725135862827301,0.5715160965919495,-0.011540367268025875,0.7200393080711365,0.5462623238563538,-0.011895331554114819,0.7139033079147339,0.5233765840530396,-0.012170708738267422
Pataka,0.7199472784996033,0.7673268914222717,2.3617127453690046e-07,0.6800656318664551,0.7421319484710693,-0.01904551312327385,0.6549910306930542,0.6936730146408081,-0.027315575629472733,0.6538659334182739,0.6447425484657288,-0.034169938415288925,0.6626010537147522,0.6063908934593201,-0.039529215544462204,0.6800933480262756,0.622948944568634,-0.007257457356899977,0.6755171418190002,0.5660489201545715,-0.01976374164223671,0.6758660674095154,0.5303931832313538,-0.031807977706193924,0.6779775619506836,0.49797460436820984,-0.040468573570251465,0.700843334197998,0.6176422834396362,-0.0061234538443386555,0.695615828037262,0.5558683276176453,-0.015242739580571651,0.6932471990585327,0.5170041918754578,-0.024293556809425354,0.6924173831939697,0.48178818821907043,-0.030930569395422935,0.7204282283782959,0.6236339211463928,-0.008277279324829578,0.7168028354644775,0.5676239132881165,-0.01637302339076996,0.7132698893547058,0.5336134433746338,-0.020665179938077927,0.710282027721405,0.5050543546676636,-0.02381080947816372,0.7424524426460266,0.6389054656028748,-0.013047909364104271,0.739736020565033,0.5960206389427185,-0.01923263631761074,0.734500527381897,0.5694414973258972,-0.020636215806007385,0.7281716465950012,0.5455782413482666,-0.02139187604188919
Pataka,0.5843291282653809,0.7894022464752197,2.660801783349598e-07,0.5417386293411255,0.7601865530014038,-0.017774811014533043,0.5159753561019897,0.7075357437133789,-0.02734822779893875,0.5153688192367554,0.6553226113319397,-0.035940349102020264,0.5220233798027039,0.6103061437606812,-0.04334038123488426,0.5437977910041809,0.624826967716217,-0.009206624701619148,0.5402147769927979,0.5600026845932007,-0.02404423989355564,0.5415086150169373,0.5200780630111694,-0.03788403049111366,0.5446674227714539,0.48336535692214966,-0.04786918684840202,0.5680388808250427,0.6205883026123047,-0.010946891270577908,0.563826858997345,0.5492751002311707,-0.021777478978037834,0.5619645118713379,0.5046296119689941,-0.0325637124478817,0.5612021684646606,0.4634403586387634,-0.040795713663101196,0.5908737182617188,0.6290496587753296,-0.015849187970161438,0.5881410837173462,0.5644474029541016,-0.025374725461006165,0.5851191878318787,0.5247704982757568,-0.030362024903297424,0.5820278525352478,0.4895828664302826,-0.034511733800172806,0.6162617802619934,0.6483353972434998,-0.02324814908206463,0.6151288151741028,0.598413348197937,-0.030831731855869293,0.6116425395011902,0.5668620467185974,-0.032313961535692215,0.6063663959503174,0.5375444889068604,-0.033372700214385986
Pataka,0.6615455150604248,0.8510288000106812,3.0614938850703766e-07,0.6128923296928406,0.8122055530548096,-0.021182211115956306,0.5879209041595459,0.7453185319900513,-0.029253987595438957,0.5904886722564697,0.6822730898857117,-0.035391367971897125,0.5893152356147766,0.6290247440338135,-0.039682503789663315,0.6270179152488708,0.6609065532684326,-0.008073441684246063,0.6292814612388611,0.5862833261489868,-0.021473608911037445,0.6338717341423035,0.5414606332778931,-0.03456424921751022,0.6389670372009277,0.5013332366943359,-0.04353148117661476,0.655298113822937,0.6599160432815552,-0.007099754177033901,0.6565824747085571,0.5782629251480103,-0.01535759586840868,0.6576617956161499,0.527167022228241,-0.024509159848093987,0.6592347025871277,0.48263999819755554,-0.03140484541654587,0.6799330711364746,0.6725434064865112,-0.00979416910558939,0.6820854544639587,0.6006666421890259,-0.016515076160430908,0.6811090111732483,0.5562956929206848,-0.019765863195061684,0.6801749467849731,0.5198439359664917,-0.022657405585050583,0.707114577293396,0.6968295574188232,-0.015561668202280998,0.7089548110961914,0.6411852836608887,-0.02016962692141533,0.7063149213790894,0.6057081818580627,-0.019575968384742737,0.7024940252304077,0.5742635130882263,-0.018973248079419136
Pataka,0.6859475374221802,0.8593922257423401,2.138839647614077e-07,0.6463863849639893,0.8270350098609924,-0.01723763905465603,0.6240801811218262,0.7698202133178711,-0.022935841232538223,0.6243863701820374,0.7166938185691833,-0.027486251667141914,0.6249415874481201,0.6731651425361633,-0.030447708442807198,0.6526475548744202,0.6997667551040649,-0.0018960768356919289,0.6492906212806702,0.6393044590950012,-0.012661665678024292,0.6499627828598022,0.6024642586708069,-0.02419440448284149,0.6514765620231628,0.5690412521362305,-0.03270672261714935,0.675000011920929,0.6967474818229675,-0.0014147909823805094,0.6708588600158691,0.6318538188934326,-0.008588801138103008,0.6688239574432373,0.5910942554473877,-0.01769312471151352,0.6672490835189819,0.5546990633010864,-0.02476283721625805,0.6952229738235474,0.7053732872009277,-0.004349845927208662,0.6926791667938232,0.6470130085945129,-0.010909800417721272,0.6893693208694458,0.6117774248123169,-0.01513021532446146,0.685792863368988,0.5820868611335754,-0.01870342716574669,0.718126654624939,0.7235760688781738,-0.009870612993836403,0.7164863348007202,0.679496169090271,-0.015328473411500454,0.7119398713111877,0.651264488697052,-0.01662689447402954,0.7063636779785156,0.6252716779708862,-0.017541520297527313
Pataka,0.778460681438446,0.8442296385765076,2.2092645224347507e-07,0.739414393901825,0.8154391646385193,-0.01964736171066761,0.7148323655128479,0.7593984603881836,-0.02564091980457306,0.7118342518806458,0.7073966264724731,-0.02987135760486126,0.7106478214263916,0.6646292805671692,-0.03206799924373627,0.7402024269104004,0.686750054359436,-0.002253340557217598,0.7337834239006042,0.6265742182731628,-0.01145323459059,0.7331845164299011,0.5908894538879395,-0.021976754069328308,0.7341865301132202,0.5582793354988098,-0.029825812205672264,0.7618728280067444,0.6827723979949951,0.0002925043518189341,0.754640519618988,0.6190752387046814,-0.005362700670957565,0.7511924505233765,0.5788536667823792,-0.013652059249579906,0.7492368221282959,0.5432456731796265,-0.020260103046894073,0.7816663384437561,0.6907398700714111,-0.0007643126882612705,0.7770913243293762,0.6337162256240845,-0.00582240941002965,0.7727546691894531,0.5990288257598877,-0.009626103565096855,0.7685472369194031,0.5700837969779968,-0.013061740435659885,0.804947555065155,0.7078919410705566,-0.004654775373637676,0.8026272654533386,0.6637513637542725,-0.008575459010899067,0.7971397042274475,0.6368305683135986,-0.009301875717937946,0.7905622720718384,0.6125000715255737,-0.009958848357200623
Pataka,0.5954517126083374,0.8697854280471802,2.859220273876417e-07,0.5483604073524475,0.8344134092330933,-0.017909083515405655,0.5206027030944824,0.7749420404434204,-0.02687513269484043,0.5196179747581482,0.7201569080352783,-0.03475167974829674,0.532378613948822,0.6783381700515747,-0.04093547910451889,0.5510962009429932,0.690205454826355,-0.007475571241229773,0.5482805967330933,0.6187195777893066,-0.02100660838186741,0.5500373244285583,0.5759162902832031,-0.03383117541670799,0.5534153580665588,0.5379810333251953,-0.04295000433921814,0.5790701508522034,0.6868253350257874,-0.008277581073343754,0.5742902755737305,0.6092242002487183,-0.018101923167705536,0.5717608332633972,0.5604881048202515,-0.027857322245836258,0.5702446699142456,0.5172826051712036,-0.03501785919070244,0.605061948299408,0.696247398853302,-0.012230017222464085,0.6014306545257568,0.626842737197876,-0.02028697356581688,0.5977152585983276,0.5842345952987671,-0.024007713422179222,0.5939664244651794,0.5490983128547668,-0.026995260268449783,0.6332097053527832,0.7171034812927246,-0.018750276416540146,0.6318066120147705,0.6638638973236084,-0.02399195358157158,0.6270039081573486,0.6305768489837646,-0.02350548841059208,0.6208898425102234,0.601423442363739,-0.023009344935417175
Pataka,0.44712308049201965,0.7893204689025879,3.603000493512809e-07,0.3867301046848297,0.7474541068077087,-0.022341260686516762,0.3529985249042511,0.6689428091049194,-0.0339086689054966,0.35121601819992065,0.5960239768028259,-0.0444682277739048,0.3629237711429596,0.5369350910186768,-0.053462449461221695,0.3910749554634094,0.5640052556991577,-0.010861744172871113,0.389457643032074,0.4749206304550171,-0.03049115650355816,0.3929537534713745,0.4203892946243286,-0.04795944318175316,0.39937639236450195,0.3732972741127014,-0.06029561534523964,0.4249640107154846,0.5585809946060181,-0.01370813138782978,0.42200571298599243,0.46098875999450684,-0.028216740116477013,0.42146390676498413,0.3999825716018677,-0.041425418108701706,0.42249414324760437,0.3468763828277588,-0.051140714436769485,0.4568782150745392,0.5709603428840637,-0.020787864923477173,0.45603030920028687,0.4826835095882416,-0.03376037999987602,0.4546465575695038,0.42979490756988525,-0.040013622492551804,0.45273393392562866,0.38445258140563965,-0.045033641159534454,0.4901847839355469,0.5987496972084045,-0.031041227281093597,0.49170535802841187,0.533823549747467,-0.04137461632490158,0.4888606667518616,0.4909614324569702,-0.043548066169023514,0.4838292598724365,0.4518795609474182,-0.04501057416200638
Pataka,0.30873480439186096,0.7611201405525208,3.557388765784708e-07,0.2351406067609787,0.7079492807388306,-0.01739683374762535,0.19839230179786682,0.6113426685333252,-0.02452845685184002,0.2004791796207428,0.5210191607475281,-0.032115764915943146,0.20612740516662598,0.45099568367004395,-0.038397666066884995,0.24363216757774353,0.48035576939582825,0.002675010124221444,0.24136264622211456,0.3722549080848694,-0.012761817313730717,0.2447204738855362,0.3096451461315155,-0.029277916997671127,0.2512390911579132,0.2561691999435425,-0.04188503324985504,0.2838986814022064,0.4738559126853943,-0.0038371209520846605,0.2819560170173645,0.354469358921051,-0.01494600996375084,0.28229019045829773,0.284227192401886,-0.02912631258368492,0.2839348316192627,0.22455838322639465,-0.040224913507699966,0.3210929036140442,0.48853349685668945,-0.014962796121835709,0.3195303976535797,0.3778955340385437,-0.025867847725749016,0.31720489263534546,0.31368720531463623,-0.03326933830976486,0.3148040175437927,0.2599773406982422,-0.04004695639014244,0.3615724444389343,0.5219850540161133,-0.029162531718611717,0.3609660863876343,0.43759506940841675,-0.037926044315099716,0.35699424147605896,0.3861614763736725,-0.03934309631586075,0.3507481813430786,0.33958685398101807,-0.04091895744204521
Pataka,0.6281497478485107,0.7544952034950256,4.3807509086946084e-07,0.5559484362602234,0.7035567760467529,-0.02930210903286934,0.514533281326294,0.6143683791160583,-0.0417509488761425,0.5168911814689636,0.5252878665924072,-0.05173007398843765,0.5325577259063721,0.45693254470825195,-0.05865516513586044,0.5692387819290161,0.48413896560668945,-0.009707218036055565,0.5693055987358093,0.37654805183410645,-0.02844850905239582,0.5726078748703003,0.3101516664028168,-0.04647044837474823,0.5780673027038574,0.2522223889827728,-0.05898071080446243,0.6103530526161194,0.4786977767944336,-0.00825841911137104,0.6084545850753784,0.35965508222579956,-0.020357895642518997,0.6069997549057007,0.2853221297264099,-0.03183650225400925,0.6069895625114441,0.22128432989120483,-0.04002286121249199,0.6468384265899658,0.4939292371273041,-0.012035767547786236,0.6443179249763489,0.3916553258895874,-0.02147730067372322,0.6385679244995117,0.32694506645202637,-0.02479422092437744,0.6331650614738464,0.2753373980522156,-0.027644634246826172,0.6866568326950073,0.527556836605072,-0.020233599469065666,0.6865324974060059,0.45046061277389526,-0.02583971805870533,0.6792755722999573,0.4025474786758423,-0.023935724049806595,0.6700716614723206,0.36126571893692017,-0.02210737019777298
Pataka,0.8258955478668213,0.8259565830230713,3.5168531553608773e-07,0.7689816951751709,0.790643572807312,-0.03056916780769825,0.7303521633148193,0.7226132154464722,-0.045621514320373535,0.7255032062530518,0.6491832733154297,-0.05788091942667961,0.7467610239982605,0.5962544679641724,-0.06748373061418533,0.7740468978881836,0.6091912388801575,-0.014235264621675014,0.7707969546318054,0.523198664188385,-0.0324828177690506,0.7720997929573059,0.47144749760627747,-0.049629777669906616,0.7761048078536987,0.42500990629196167,-0.06213965639472008,0.8071524500846863,0.6025273203849792,-0.011291343718767166,0.8017635941505432,0.5089865326881409,-0.024793509393930435,0.7990198731422424,0.4512503743171692,-0.037102267146110535,0.7978994846343994,0.3989572525024414,-0.04616495594382286,0.8381719589233398,0.6132618188858032,-0.013237137347459793,0.8339321613311768,0.5292861461639404,-0.02541816234588623,0.8290729522705078,0.47856438159942627,-0.031242601573467255,0.8237529397010803,0.4353971481323242,-0.035374462604522705,0.8724957704544067,0.6392413377761841,-0.019062239676713943,0.8708125948905945,0.5740019083023071,-0.02842349000275135,0.8643988966941833,0.5345731973648071,-0.030385443940758705,0.8555969595909119,0.4989635944366455,-0.03129643201828003
Pataka,0.8276011943817139,0.8367545008659363,3.0914421245142876e-07,0.7701539993286133,0.799904465675354,-0.025405941531062126,0.7347199320793152,0.7306969165802002,-0.03546871989965439,0.7328037619590759,0.6594443321228027,-0.04290054365992546,0.7252781987190247,0.5999329686164856,-0.048201534897089005,0.7755230665206909,0.6216436624526978,-0.011247587390244007,0.7702697515487671,0.5387821197509766,-0.026547690853476524,0.7706958055496216,0.4886842668056488,-0.041904550045728683,0.7729567289352417,0.4427672028541565,-0.05281424894928932,0.8086535334587097,0.6151751279830933,-0.00947753619402647,0.801959753036499,0.5242252349853516,-0.01920538768172264,0.798014223575592,0.46747592091560364,-0.03026147373020649,0.795773983001709,0.417432576417923,-0.0389116145670414,0.8383791446685791,0.6262611746788025,-0.011921914294362068,0.8336032629013062,0.5451914668083191,-0.020642325282096863,0.8276912569999695,0.49437057971954346,-0.026548707857728004,0.8217577934265137,0.4523863196372986,-0.031433526426553726,0.8707082867622375,0.6509564518928528,-0.017792070284485817,0.8678619861602783,0.5874390602111816,-0.02531471475958824,0.8603126406669617,0.547829270362854,-0.027209743857383728,0.851352870464325,0.5130347013473511,-0.02826847694814205
Pataka,0.7171257138252258,0.8178669214248657,3.079518933191139e-07,0.6630274057388306,0.7898159623146057,-0.023359328508377075,0.6336766481399536,0.7245521545410156,-0.03171984478831291,0.6313549280166626,0.6588464379310608,-0.037811920046806335,0.6154987215995789,0.609190046787262,-0.04254816472530365,0.6669514775276184,0.6318844556808472,-0.010836360044777393,0.6640738248825073,0.5576724410057068,-0.025095997378230095,0.6660547852516174,0.5124185085296631,-0.0388813242316246,0.6693379282951355,0.47106659412384033,-0.04846370965242386,0.6964508295059204,0.6257977485656738,-0.009300600737333298,0.6914196014404297,0.5446958541870117,-0.018232539296150208,0.6887534260749817,0.49319422245025635,-0.027945319190621376,0.687843918800354,0.4483134150505066,-0.03549952432513237,0.7228465676307678,0.6353251934051514,-0.011628865264356136,0.7185849547386169,0.5625956058502197,-0.01978481560945511,0.7137835025787354,0.5175686478614807,-0.024415405467152596,0.7098240852355957,0.47945982217788696,-0.0283382348716259,0.7515748739242554,0.6564878225326538,-0.01713910512626171,0.749306857585907,0.6002253293991089,-0.02401159703731537,0.7437317967414856,0.5652012228965759,-0.025174343958497047,0.7368643283843994,0.5336936116218567,-0.02585684321820736
Pataka,0.7461063265800476,0.8070027232170105,1.920343919437073e-07,0.7099069356918335,0.7852169275283813,-0.014758924022316933,0.6886558532714844,0.7361263036727905,-0.02050824649631977,0.6841217279434204,0.6901928782463074,-0.025177601724863052,0.6732988357543945,0.6546425819396973,-0.028846818953752518,0.7121542096138,0.668900728225708,-0.0070878914557397366,0.7095093131065369,0.6131057143211365,-0.017444809898734093,0.7101148366928101,0.5796816945075989,-0.02733173593878746,0.7117149233818054,0.5499392747879028,-0.03436500206589699,0.7323899865150452,0.6652812361717224,-0.007415388710796833,0.7283647060394287,0.6048863530158997,-0.014445650391280651,0.7269147038459778,0.5675383806228638,-0.021824920549988747,0.7265861630439758,0.5355826616287231,-0.027450576424598694,0.7513269186019897,0.6724177598953247,-0.010271229781210423,0.7480453848838806,0.6178033947944641,-0.0162054356187582,0.7453900575637817,0.5849273800849915,-0.019592242315411568,0.7424928545951843,0.5572007298469543,-0.022534916177392006,0.7721981406211853,0.6888583898544312,-0.015240312553942204,0.7704312801361084,0.6470401287078857,-0.02024768851697445,0.7661436200141907,0.6215181350708008,-0.02114127390086651,0.7606013417243958,0.5990653038024902,-0.021630827337503433
Pataka,0.7630240321159363,0.8422448039054871,1.7674830132818897e-07,0.7340637445449829,0.8200171589851379,-0.01488927286118269,0.71788090467453,0.7738893628120422,-0.021169595420360565,0.7168796062469482,0.731770396232605,-0.02646963857114315,0.7083042860031128,0.6964097023010254,-0.030794838443398476,0.7409191727638245,0.7071753144264221,-0.007119921501725912,0.7391027212142944,0.6544374823570251,-0.01780024543404579,0.7404245734214783,0.6221305727958679,-0.028136208653450012,0.7424570322036743,0.5928127765655518,-0.035598672926425934,0.7587026953697205,0.7032687664031982,-0.007465394679456949,0.757263720035553,0.6464207768440247,-0.014982803724706173,0.7565926313400269,0.6106721758842468,-0.023031050339341164,0.7562954425811768,0.5794570446014404,-0.029143502935767174,0.7752479314804077,0.7102401256561279,-0.010315120220184326,0.7743261456489563,0.6579985618591309,-0.016462406143546104,0.7725782990455627,0.626375138759613,-0.020416168496012688,0.7697483897209167,0.5990962982177734,-0.02375253476202488,0.7932438850402832,0.7263438701629639,-0.015327353030443192,0.7941137552261353,0.6862742304801941,-0.02049783430993557,0.7908810973167419,0.6612023711204529,-0.02207498624920845,0.7858030796051025,0.6388047337532043,-0.023123392835259438
Pataka,0.596047580242157,0.8008797764778137,1.5177823797785095e-07,0.5697889924049377,0.7756211757659912,-0.008622380904853344,0.5576961040496826,0.7315781116485596,-0.011840570718050003,0.5568325519561768,0.6937428116798401,-0.0152201559394598,0.5487679243087769,0.6630657315254211,-0.018050342798233032,0.5772706866264343,0.6752575635910034,-0.0004387099470477551,0.5768498182296753,0.624289870262146,-0.008473592810332775,0.5789361596107483,0.594174861907959,-0.01691378653049469,0.5818318724632263,0.5674050450325012,-0.023019200190901756,0.5939005613327026,0.6731799244880676,-0.0028575377073138952,0.5929442048072815,0.6187904477119446,-0.00823634210973978,0.5931316018104553,0.5851037502288818,-0.015634698793292046,0.5942132472991943,0.5555915236473083,-0.021349620074033737,0.6095741987228394,0.680353045463562,-0.00720517011359334,0.6092132925987244,0.6296457052230835,-0.011651388369500637,0.6082885265350342,0.6001479625701904,-0.015147252008318901,0.607123613357544,0.5748161673545837,-0.01819535344839096,0.6266885995864868,0.6959686279296875,-0.01307862251996994,0.6268767714500427,0.6575727462768555,-0.016414519399404526,0.6247366070747375,0.6337904334068298,-0.016861511394381523,0.6219462156295776,0.6125048995018005,-0.01726003736257553
Pataka,0.5207944512367249,0.6496529579162598,2.2252690712321055e-07,0.481320321559906,0.6307140588760376,-0.013242414221167564,0.4556269645690918,0.5836765170097351,-0.018674343824386597,0.4489041864871979,0.5371977686882019,-0.023178955540060997,0.4374614655971527,0.5008978247642517,-0.026793889701366425,0.4752514362335205,0.5092774033546448,-0.00650947168469429,0.47147300839424133,0.4517969489097595,-0.01638067327439785,0.47085124254226685,0.4166164994239807,-0.025765860453248024,0.4710850417613983,0.3856875002384186,-0.032228339463472366,0.49685195088386536,0.5035244822502136,-0.0076515646651387215,0.49088478088378906,0.44124653935432434,-0.013921387493610382,0.4877740740776062,0.40154433250427246,-0.020603781566023827,0.48580169677734375,0.3674733340740204,-0.025629721581935883,0.517338752746582,0.5086444616317749,-0.01113369781523943,0.5117220878601074,0.45331865549087524,-0.016416942700743675,0.5072887539863586,0.41984015703201294,-0.019373854622244835,0.5032345056533813,0.392304003238678,-0.021927960216999054,0.5394521951675415,0.5228419303894043,-0.01659783162176609,0.5357697010040283,0.47995850443840027,-0.020729180425405502,0.5310318470001221,0.4535982012748718,-0.020788636058568954,0.5257095098495483,0.4313310980796814,-0.020630059763789177
Pataka,0.7717260122299194,0.8736408352851868,2.7748126285587205e-07,0.7251086235046387,0.8517616987228394,-0.02375316061079502,0.6977322101593018,0.7973117232322693,-0.03462493047118187,0.6973356008529663,0.7397997975349426,-0.042891718447208405,0.7001013159751892,0.691813588142395,-0.0495419017970562,0.7283855676651001,0.7093223333358765,-0.015581154264509678,0.7260094881057739,0.6402335166931152,-0.030402136966586113,0.7276207208633423,0.5982620716094971,-0.043855417519807816,0.7305810451507568,0.5604903697967529,-0.05339259281754494,0.7539107799530029,0.7031555771827698,-0.013804894872009754,0.7491926550865173,0.628553032875061,-0.02427700348198414,0.747198224067688,0.5820691585540771,-0.03471744433045387,0.7465941905975342,0.5396639704704285,-0.04270322248339653,0.7769660353660583,0.7106410264968872,-0.015429888851940632,0.7736529111862183,0.6428028345108032,-0.024765843525528908,0.770514965057373,0.6023717522621155,-0.030448811128735542,0.7674071788787842,0.5671551823616028,-0.03491641953587532,0.8020496964454651,0.7291781306266785,-0.019927721470594406,0.7994263768196106,0.6770002841949463,-0.027837542816996574,0.7942937612533569,0.6460376381874084,-0.030148176476359367,0.7877339720726013,0.6181789636611938,-0.03151958808302879
Pataka,0.7401913404464722,0.6972155570983887,2.396613751898258e-07,0.6997533440589905,0.6660009026527405,-0.01789332926273346,0.6770526170730591,0.6140118837356567,-0.026733268052339554,0.678030788898468,0.5622988343238831,-0.03430427983403206,0.6828296780586243,0.5188005566596985,-0.04033387452363968,0.7084609270095825,0.5345560312271118,-0.00779997231438756,0.7081894874572754,0.4706469178199768,-0.020879674702882767,0.7110835909843445,0.43232932686805725,-0.033511921763420105,0.7156896591186523,0.39746227860450745,-0.04258303344249725,0.7325267791748047,0.5310589671134949,-0.008202075026929379,0.730797529220581,0.46250879764556885,-0.01754644513130188,0.7307378649711609,0.418964147567749,-0.027416447177529335,0.7316625118255615,0.37934571504592896,-0.03493185713887215,0.7543538808822632,0.5406463146209717,-0.011691652238368988,0.7535791993141174,0.47816184163093567,-0.020186908543109894,0.7518562078475952,0.44118085503578186,-0.02490982599556446,0.7494642734527588,0.40940171480178833,-0.028583118692040443,0.7776263952255249,0.560989499092102,-0.017618615180253983,0.7777695655822754,0.5127658247947693,-0.024504901841282845,0.7739428281784058,0.48398855328559875,-0.025794660672545433,0.7685717344284058,0.4583463966846466,-0.02638499066233635
Pataka,0.5128589868545532,0.6406617760658264,2.9177371629884874e-07,0.46295738220214844,0.6189708113670349,-0.020892072468996048,0.4321211278438568,0.5659906268119812,-0.03006783500313759,0.42862534523010254,0.5099790692329407,-0.03742916136980057,0.42785361409187317,0.4629017114639282,-0.043248794972896576,0.46077197790145874,0.47504836320877075,-0.01093666348606348,0.4527992308139801,0.4073397219181061,-0.025244995951652527,0.45156094431877136,0.36542463302612305,-0.038636643439531326,0.45239976048469543,0.32734566926956177,-0.04801994189620018,0.4857514500617981,0.4682578444480896,-0.010677824728190899,0.4777370095252991,0.3937457799911499,-0.02084595337510109,0.4733113944530487,0.3464913070201874,-0.03099958226084709,0.4707329273223877,0.30407774448394775,-0.038604456931352615,0.5095932483673096,0.47520437836647034,-0.01387625839561224,0.5037515163421631,0.40944012999534607,-0.022746603935956955,0.4984637200832367,0.3684438467025757,-0.027472274377942085,0.49420392513275146,0.3335829973220825,-0.03118893876671791,0.5373506546020508,0.4927467107772827,-0.019920485094189644,0.5340412259101868,0.4412033259868622,-0.02648663893342018,0.5286298990249634,0.40943652391433716,-0.02743557095527649,0.5223673582077026,0.3810681700706482,-0.027964001521468163
Pataka,0.5655530691146851,0.7948071956634521,1.8660679756976606e-07,0.5358925461769104,0.7659881114959717,-0.014974316582083702,0.522460401058197,0.718373715877533,-0.02233687788248062,0.5243231058120728,0.6765650510787964,-0.028624601662158966,0.5287340879440308,0.6407644748687744,-0.0335349515080452,0.5510473847389221,0.6532995700836182,-0.007694222964346409,0.5530846118927002,0.5966591835021973,-0.018510255962610245,0.5563567876815796,0.5634157657623291,-0.028535952791571617,0.5603331923484802,0.5342774987220764,-0.03558652102947235,0.5707268118858337,0.6526729464530945,-0.008078119717538357,0.5728321075439453,0.591248095035553,-0.015872836112976074,0.5747295618057251,0.5528204441070557,-0.02386537380516529,0.5772739052772522,0.5188508629798889,-0.0297428946942091,0.5887293815612793,0.6624923944473267,-0.01092528086155653,0.5910358428955078,0.6065077781677246,-0.01752961426973343,0.5924609303474426,0.5735582113265991,-0.021286049857735634,0.5928882360458374,0.5452605485916138,-0.024129005149006844,0.6077160239219666,0.6814868450164795,-0.015819482505321503,0.6110308766365051,0.6387286186218262,-0.020804444327950478,0.6102460026741028,0.611961305141449,-0.021616920828819275,0.6079926490783691,0.5884771347045898,-0.021889956668019295
Pataka,0.164058119058609,0.7893168926239014,3.4976852703039185e-07,0.20353852212429047,0.7618867754936218,-0.02618906833231449,0.23233354091644287,0.7123320698738098,-0.03564084693789482,0.23651067912578583,0.6579425930976868,-0.04240228235721588,0.21546703577041626,0.6247801780700684,-0.04850583150982857,0.19496957957744598,0.6255927681922913,-0.014008202590048313,0.1966405063867569,0.562621533870697,-0.027344636619091034,0.1977498084306717,0.5238562822341919,-0.03995643928647041,0.19906364381313324,0.48871344327926636,-0.04861193522810936,0.1710272580385208,0.6208365559577942,-0.009758000262081623,0.17347291111946106,0.5509016513824463,-0.020058022812008858,0.1755981296300888,0.5051140785217285,-0.03053533099591732,0.17923058569431305,0.4668422341346741,-0.03807974234223366,0.14978854358196259,0.6289891600608826,-0.009020809084177017,0.15215852856636047,0.5662387013435364,-0.018650904297828674,0.15682624280452728,0.5259239673614502,-0.025674667209386826,0.16347846388816833,0.4936986565589905,-0.030257374048233032,0.12806585431098938,0.6477884650230408,-0.01129088830202818,0.12790784239768982,0.6006217002868652,-0.019118448719382286,0.1326976865530014,0.5699723362922668,-0.022011524066329002,0.13969558477401733,0.5437690019607544,-0.023570366203784943
Pataka,0.24163168668746948,0.7519983053207397,3.5435644463177596e-07,0.27933114767074585,0.7235357165336609,-0.023925643414258957,0.29916298389434814,0.6731957197189331,-0.031296636909246445,0.3014458417892456,0.6243651509284973,-0.03615150973200798,0.28705033659935,0.5942993760108948,-0.040210068225860596,0.25862738490104675,0.5903280377388,-0.011757935397326946,0.25985753536224365,0.5317211151123047,-0.022684447467327118,0.2592979669570923,0.4959135055541992,-0.034121617674827576,0.2573586106300354,0.46362054347991943,-0.042107559740543365,0.23419758677482605,0.5885487794876099,-0.00736823957413435,0.23442785441875458,0.5223127603530884,-0.015092933550477028,0.23581303656101227,0.47990649938583374,-0.02447318658232689,0.23762540519237518,0.44443070888519287,-0.03155896067619324,0.213030606508255,0.6002716422080994,-0.006216615904122591,0.210984468460083,0.5441034436225891,-0.0134955495595932,0.21316367387771606,0.5112935900688171,-0.019674191251397133,0.21653060615062714,0.4852314591407776,-0.023756850510835648,0.1932751089334488,0.6224576234817505,-0.007875987328588963,0.1888774335384369,0.5785332322120667,-0.013467462733387947,0.18877410888671875,0.5512098670005798,-0.015426556579768658,0.19051095843315125,0.5281209945678711,-0.016453739255666733
Pataka,0.24232472479343414,0.746766984462738,3.1596010785506223e-07,0.27867770195007324,0.7162746787071228,-0.02369353547692299,0.2907703220844269,0.6635537147521973,-0.03189936652779579,0.28936994075775146,0.6141724586486816,-0.03796347230672836,0.3017646372318268,0.5762664079666138,-0.0429098904132843,0.26224595308303833,0.5859067440032959,-0.01119278371334076,0.2639903128147125,0.5301149487495422,-0.023041313514113426,0.2630438208580017,0.49323928356170654,-0.03442118316888809,0.2617274820804596,0.4593862295150757,-0.04261993616819382,0.2382960021495819,0.5839568972587585,-0.0070924642495810986,0.2399023026227951,0.5221492052078247,-0.016031987965106964,0.24243564903736115,0.4809197187423706,-0.024087168276309967,0.24542738497257233,0.4446796178817749,-0.02991991862654686,0.21766172349452972,0.5964668393135071,-0.006487832870334387,0.21420535445213318,0.5429438352584839,-0.015890546143054962,0.21568545699119568,0.516046941280365,-0.019761869683861732,0.21860209107398987,0.49274852871894836,-0.021626416593790054,0.19817598164081573,0.6195435523986816,-0.008752629160881042,0.1917428970336914,0.5772524476051331,-0.016718225553631783,0.18950045108795166,0.5508277416229248,-0.0184588972479105,0.18836109340190887,0.5274510383605957,-0.01877964660525322
Pataka,0.24271255731582642,0.7513891458511353,3.368312775364757e-07,0.2780384123325348,0.7265065312385559,-0.020585017278790474,0.2934975326061249,0.676879346370697,-0.028716623783111572,0.30310699343681335,0.631350040435791,-0.03526373207569122,0.32513427734375,0.6050492525100708,-0.040936317294836044,0.26354384422302246,0.589921772480011,-0.009494959376752377,0.26467013359069824,0.5329607725143433,-0.02003011852502823,0.2650671899318695,0.49668455123901367,-0.030370624735951424,0.2652326822280884,0.465259850025177,-0.038049135357141495,0.2405659258365631,0.5870704054832458,-0.007068304810672998,0.242430180311203,0.5224161744117737,-0.01564488746225834,0.24516305327415466,0.4813627600669861,-0.02338000014424324,0.24907802045345306,0.4465334713459015,-0.028826572000980377,0.22002074122428894,0.5970666408538818,-0.007713410072028637,0.21993209421634674,0.5387640595436096,-0.016329457983374596,0.22334609925746918,0.5053315162658691,-0.020999737083911896,0.2286575436592102,0.47762882709503174,-0.023737763985991478,0.20054395496845245,0.6175616979598999,-0.01089248526841402,0.19860360026359558,0.5735424757003784,-0.01754116266965866,0.2014288753271103,0.5458479523658752,-0.01912974938750267,0.20655183494091034,0.5209121108055115,-0.019661853089928627
Pataka,0.27187392115592957,0.7289491295814514,2.39848930050357e-07,0.3087705075740814,0.700746476650238,-0.014913992956280708,0.32768502831459045,0.6525081992149353,-0.0187881700694561,0.32978251576423645,0.607231080532074,-0.02197199873626232,0.3168643116950989,0.5786222219467163,-0.025012830272316933,0.2925634980201721,0.5770969390869141,-0.003892868757247925,0.29002097249031067,0.5227372050285339,-0.012962578795850277,0.28717517852783203,0.4903750419616699,-0.022527527064085007,0.2835322320461273,0.4621052145957947,-0.02946558967232704,0.27045413851737976,0.576430082321167,-0.0038568382151424885,0.2681771218776703,0.5142063498497009,-0.011175294406712055,0.26634177565574646,0.4751356542110443,-0.019815413281321526,0.26454854011535645,0.4429517984390259,-0.02624230645596981,0.25012102723121643,0.5864443778991699,-0.006467156112194061,0.2474750578403473,0.5298559665679932,-0.01434024702757597,0.2479834258556366,0.49501174688339233,-0.020961010828614235,0.24890801310539246,0.46670621633529663,-0.02535221166908741,0.22966700792312622,0.6065686941146851,-0.010914389044046402,0.2269318848848343,0.5629166960716248,-0.018084047362208366,0.22865009307861328,0.5366969108581543,-0.020924104377627373,0.23154191672801971,0.5142480134963989,-0.022518852725625038
Pataka,0.2054317593574524,0.7348716259002686,2.875628695164778e-07,0.24160531163215637,0.7102301716804504,-0.017035184428095818,0.26658371090888977,0.6698138117790222,-0.022497370839118958,0.2728480100631714,0.6302571296691895,-0.026637041941285133,0.2605014741420746,0.6037613153457642,-0.03035310097038746,0.23634514212608337,0.59391188621521,-0.006233718246221542,0.23916952311992645,0.5419839024543762,-0.014954810962080956,0.2405487298965454,0.5106973648071289,-0.024515345692634583,0.24129614233970642,0.48243263363838196,-0.03120988979935646,0.21431832015514374,0.5910875797271729,-0.004676369484513998,0.21789847314357758,0.5341846346855164,-0.010811245068907738,0.22065238654613495,0.4963294565677643,-0.01902681589126587,0.22375386953353882,0.4651966691017151,-0.02525581791996956,0.19373732805252075,0.5987164974212646,-0.005725295282900333,0.1965068280696869,0.5482651591300964,-0.011704716831445694,0.2007627934217453,0.5162307620048523,-0.017369745299220085,0.20581288635730743,0.4906604290008545,-0.021282123401761055,0.1726868897676468,0.6150974035263062,-0.008866867050528526,0.17280437052249908,0.5747841000556946,-0.013853609561920166,0.1762506663799286,0.5501906275749207,-0.015438374131917953,0.1812121868133545,0.5290319919586182,-0.016238141804933548
Pataka,0.2600574791431427,0.5785227417945862,1.8883088159782346e-07,0.29759636521339417,0.5575875043869019,-0.013775982894003391,0.32281970977783203,0.5142419934272766,-0.01838395744562149,0.32935401797294617,0.4722703695297241,-0.0224048662930727,0.3157288730144501,0.44794148206710815,-0.026583148166537285,0.29520779848098755,0.44209182262420654,-0.008199796080589294,0.29490819573402405,0.3892766833305359,-0.01841743476688862,0.2931940257549286,0.35666757822036743,-0.027997475117444992,0.2910107374191284,0.3275316655635834,-0.03510427102446556,0.27406561374664307,0.43827036023139954,-0.009608015418052673,0.27450671792030334,0.37878745794296265,-0.01856306567788124,0.2743794918060303,0.3397809565067291,-0.027813637629151344,0.27342337369918823,0.30624061822891235,-0.0347353033721447,0.2543305456638336,0.44503065943717957,-0.013036955147981644,0.2536470293998718,0.39108890295028687,-0.02189747616648674,0.25563904643058777,0.3578232526779175,-0.02862408384680748,0.2573619782924652,0.3291151523590088,-0.033343605697155,0.2338923215866089,0.46087536215782166,-0.01808861270546913,0.23283587396144867,0.42029643058776855,-0.026137392967939377,0.2361355572938919,0.3950522243976593,-0.029662448912858963,0.24043652415275574,0.3721962571144104,-0.03198343887925148
Pataka,0.25686919689178467,0.6261315941810608,2.2231206742162612e-07,0.29110637307167053,0.6019083857536316,-0.01751674897968769,0.3106878995895386,0.5602850914001465,-0.024015916511416435,0.31128478050231934,0.5182034969329834,-0.02907470613718033,0.3086768090724945,0.482161283493042,-0.03369947895407677,0.2864304482936859,0.4921916127204895,-0.010450144298374653,0.28683578968048096,0.4411729872226715,-0.0217850673943758,0.2857135534286499,0.4102511405944824,-0.031755607575178146,0.28417733311653137,0.38248640298843384,-0.03868652880191803,0.26458504796028137,0.4897399842739105,-0.009621945209801197,0.2659447491168976,0.432237446308136,-0.019578400999307632,0.2662973701953888,0.39442914724349976,-0.0286758653819561,0.26683616638183594,0.36227643489837646,-0.03502556309103966,0.24500685930252075,0.49779778718948364,-0.011331594549119473,0.24495160579681396,0.44424253702163696,-0.021466169506311417,0.24743422865867615,0.41091328859329224,-0.02802439033985138,0.25103944540023804,0.3828872740268707,-0.03204391896724701,0.2255849391222,0.51513671875,-0.014880165457725525,0.2245776653289795,0.47420939803123474,-0.024311376735568047,0.22832152247428894,0.44885823130607605,-0.028057368472218513,0.23377083241939545,0.4261784553527832,-0.02986842207610607
Pataka,0.24445877969264984,0.8784595131874084,2.5046122686944727e-07,0.27701127529144287,0.8470987677574158,-0.014649011194705963,0.2920237183570862,0.8015419244766235,-0.01938336342573166,0.29346776008605957,0.7580248713493347,-0.023488495498895645,0.2817537784576416,0.7254489660263062,-0.02749311365187168,0.26110339164733887,0.7322272658348083,-0.0051465085707604885,0.261058509349823,0.6781712770462036,-0.01476493664085865,0.2601085901260376,0.6456363797187805,-0.02439280040562153,0.25840193033218384,0.6163754463195801,-0.03142871707677841,0.2398749142885208,0.7311788201332092,-0.005468346178531647,0.24007155001163483,0.6694982051849365,-0.013790057972073555,0.23964333534240723,0.629409909248352,-0.022857606410980225,0.23900550603866577,0.5954163074493408,-0.029532110318541527,0.2204541563987732,0.741806149482727,-0.008260167203843594,0.21943452954292297,0.6844896078109741,-0.016957566142082214,0.22065326571464539,0.6485916376113892,-0.023857418447732925,0.22192351520061493,0.6183590888977051,-0.02843143604695797,0.2013477087020874,0.7620723843574524,-0.01269166823476553,0.20064185559749603,0.7184341549873352,-0.020884374156594276,0.20371000468730927,0.6895586848258972,-0.02449098601937294,0.2076568901538849,0.6636382937431335,-0.026577353477478027
Pataka,0.14270679652690887,0.8558235764503479,2.631343534176267e-07,0.17943546175956726,0.8321791291236877,-0.02073388546705246,0.2055329978466034,0.7863261103630066,-0.02792772278189659,0.21139949560165405,0.7370368242263794,-0.03317895531654358,0.2035403847694397,0.6963382959365845,-0.03779343143105507,0.18034332990646362,0.705970823764801,-0.009247737936675549,0.18390771746635437,0.6491867303848267,-0.020709402859210968,0.18412914872169495,0.6145223379135132,-0.03165777027606964,0.18400852382183075,0.583905041217804,-0.039250630885362625,0.15806400775909424,0.7003754377365112,-0.007042743265628815,0.16237440705299377,0.6363508701324463,-0.016209682449698448,0.16408467292785645,0.5951622724533081,-0.026171118021011353,0.16622664034366608,0.5609446167945862,-0.03334527462720871,0.13715775310993195,0.7068170309066772,-0.007852626964449883,0.14139816164970398,0.6482673287391663,-0.016988463699817657,0.1457398533821106,0.611868679523468,-0.023859038949012756,0.15105877816677094,0.5821865797042847,-0.028370831161737442,0.1151910349726677,0.7239875197410583,-0.01095592975616455,0.11669817566871643,0.6799084544181824,-0.019639618694782257,0.12233781069517136,0.652337372303009,-0.023119818419218063,0.129624605178833,0.6281986832618713,-0.02477690950036049
Pataka,0.6739897727966309,0.8324295878410339,2.537136083446967e-07,0.6292961239814758,0.8066462278366089,-0.0166033748537302,0.6041304469108582,0.7511701583862305,-0.022785808891057968,0.5988736748695374,0.6976478695869446,-0.027923323214054108,0.5861964225769043,0.6563563346862793,-0.031893640756607056,0.626169741153717,0.6743780970573425,-0.005480097606778145,0.6215448379516602,0.6093788743019104,-0.017582785338163376,0.6225775480270386,0.5696210265159607,-0.02948790229856968,0.6249570846557617,0.5332157015800476,-0.038000285625457764,0.650897204875946,0.6682161688804626,-0.006339477840811014,0.6434594392776489,0.5989558100700378,-0.014543423429131508,0.6407458186149597,0.5542335510253906,-0.02396126091480255,0.6392878293991089,0.5138174891471863,-0.031315430998802185,0.6743960380554199,0.6745250821113586,-0.01034412533044815,0.6683081984519958,0.6113371849060059,-0.017816364765167236,0.6644780039787292,0.573161244392395,-0.02231326326727867,0.6606866121292114,0.539461612701416,-0.026101989671587944,0.7007865905761719,0.6905078291893005,-0.01678287982940674,0.6958593130111694,0.6424709558486938,-0.02300875075161457,0.6896606683731079,0.6129103302955627,-0.024221550673246384,0.6824243664741516,0.5857816934585571,-0.025023873895406723
Pataka,0.6903483271598816,0.909671425819397,2.598990818114544e-07,0.6483403444290161,0.8792356252670288,-0.018660735338926315,0.6254494786262512,0.8231344223022461,-0.027486423030495644,0.6226359605789185,0.7700557112693787,-0.035189829766750336,0.6154793500900269,0.7236358523368835,-0.04165174439549446,0.6530881524085999,0.7463746070861816,-0.009055079892277718,0.6520969271659851,0.6817340850830078,-0.023873643949627876,0.655306875705719,0.6428254842758179,-0.03747750446200371,0.6601983904838562,0.6070235371589661,-0.04708002135157585,0.6774455308914185,0.7432671189308167,-0.010121597908437252,0.6740144491195679,0.6736342310905457,-0.021119609475135803,0.6739476919174194,0.6298618912696838,-0.03178540617227554,0.6753140687942505,0.5896409749984741,-0.03979690745472908,0.7000024914741516,0.7524994015693665,-0.014528325758874416,0.6975647807121277,0.6882414221763611,-0.024489883333444595,0.6957846283912659,0.6498356461524963,-0.029236014932394028,0.6941848397254944,0.615464448928833,-0.032887257635593414,0.7252528667449951,0.7724311947822571,-0.021488875150680542,0.7235627174377441,0.722309410572052,-0.02982889488339424,0.7195718288421631,0.6906322836875916,-0.03150232136249542,0.7139793634414673,0.6614307761192322,-0.03234977275133133
Pataka,0.6740883588790894,0.7102371454238892,2.0978396264581534e-07,0.6340792179107666,0.6844291090965271,-0.01410573348402977,0.6092150807380676,0.6326251029968262,-0.019481468945741653,0.605417013168335,0.5829362273216248,-0.024379512295126915,0.5978021621704102,0.5426206588745117,-0.02814321778714657,0.6324796080589294,0.5572564005851746,-0.002987760817632079,0.6294147372245789,0.49737638235092163,-0.014279024675488472,0.6312209963798523,0.46081486344337463,-0.02569829300045967,0.6341760754585266,0.4280431270599365,-0.033862728625535965,0.6539944410324097,0.552075982093811,-0.0045950161293148994,0.6486985683441162,0.4886637330055237,-0.012354991398751736,0.6466819047927856,0.44835036993026733,-0.021108584478497505,0.6456181406974792,0.412502259016037,-0.0278610996901989,0.6743212342262268,0.5584023594856262,-0.009172848425805569,0.6704128384590149,0.5000942349433899,-0.016057081520557404,0.6664262413978577,0.4657720625400543,-0.01999933458864689,0.6624117493629456,0.4365283250808716,-0.02335980162024498,0.6972519159317017,0.5744629502296448,-0.016019459813833237,0.6940809488296509,0.5303443074226379,-0.02181423455476761,0.6885281205177307,0.5033921003341675,-0.022883601486682892,0.6817043423652649,0.4795626699924469,-0.023522166535258293
Pataka,0.6216691136360168,0.8024934530258179,2.669688115020108e-07,0.574274480342865,0.7701048851013184,-0.019651668146252632,0.5493103861808777,0.7098230123519897,-0.027684945613145828,0.5488840341567993,0.6520282626152039,-0.03438596799969673,0.5411732196807861,0.6049619317054749,-0.03983752802014351,0.5815236568450928,0.6242294907569885,-0.008982250466942787,0.5811548233032227,0.554913341999054,-0.02372889406979084,0.5837530493736267,0.5118078589439392,-0.0379386767745018,0.5870681405067444,0.4728158712387085,-0.04799194633960724,0.6073994040489197,0.619148313999176,-0.009765553288161755,0.6050493717193604,0.5438884496688843,-0.020259415730834007,0.6035068035125732,0.49540770053863525,-0.031290747225284576,0.6025815606117249,0.4509822726249695,-0.039703961461782455,0.6306251287460327,0.6283053755760193,-0.01400256622582674,0.6295468807220459,0.5598044395446777,-0.02311714179813862,0.6262044906616211,0.518828272819519,-0.028287876397371292,0.6225895881652832,0.4832826852798462,-0.0324823372066021,0.6565530896186829,0.6495696902275085,-0.02108888141810894,0.6562698483467102,0.5970733165740967,-0.02849574387073517,0.651857316493988,0.5640520453453064,-0.030063612386584282,0.6457070112228394,0.5343303084373474,-0.030984723940491676
Pataka,0.5421960949897766,0.8782138824462891,3.317052232887363e-07,0.4841492176055908,0.8431086540222168,-0.01949129067361355,0.45425742864608765,0.7740854024887085,-0.027411023154854774,0.45363524556159973,0.7077295780181885,-0.03386099264025688,0.4463437795639038,0.6528480648994446,-0.03901037201285362,0.4885174334049225,0.682026743888855,-0.009740284644067287,0.48743191361427307,0.6016799807548523,-0.025024034082889557,0.49025073647499084,0.5529162883758545,-0.039171334356069565,0.4939287304878235,0.5093592405319214,-0.04875537380576134,0.5187269449234009,0.6768549084663391,-0.010877125896513462,0.5162622332572937,0.5896530151367188,-0.020859355106949806,0.514982283115387,0.5350839495658875,-0.03125864639878273,0.5148075819015503,0.4870166480541229,-0.039064425975084305,0.54567551612854,0.6864651441574097,-0.01546293031424284,0.5429462194442749,0.6092157959938049,-0.02382000721991062,0.5395287871360779,0.5612686276435852,-0.028799375519156456,0.5365403890609741,0.5209778547286987,-0.0330444797873497,0.5745877027511597,0.708228588104248,-0.02290111407637596,0.5737408399581909,0.6496658325195312,-0.0290865208953619,0.5698062777519226,0.6128492951393127,-0.029632611200213432,0.5643689036369324,0.5810809135437012,-0.029942313209176064
Pataka,0.4801710844039917,0.8712891936302185,3.3110651997958485e-07,0.4226434528827667,0.8400708436965942,-0.019023289903998375,0.39222490787506104,0.7718490958213806,-0.027199769392609596,0.3917457163333893,0.7064241170883179,-0.034739114344120026,0.3972090184688568,0.6542447805404663,-0.04116399958729744,0.42278170585632324,0.6764241456985474,-0.005545778665691614,0.4205138683319092,0.5967990159988403,-0.021001601591706276,0.4227381944656372,0.5480037927627563,-0.03591396287083626,0.4268736243247986,0.5049643516540527,-0.046681731939315796,0.4531061053276062,0.6704729795455933,-0.008217336609959602,0.4495198130607605,0.5833078026771545,-0.019846700131893158,0.4474095404148102,0.5285353064537048,-0.03264611214399338,0.4470457434654236,0.4791109561920166,-0.04224926978349686,0.4808187186717987,0.6805834770202637,-0.014668401330709457,0.4787254333496094,0.6021264791488647,-0.025858670473098755,0.47515857219696045,0.5548555850982666,-0.03307611495256424,0.47204163670539856,0.5137849450111389,-0.038739271461963654,0.5108852982521057,0.7038942575454712,-0.023814287036657333,0.5108180046081543,0.6454337239265442,-0.032801903784275055,0.5069388747215271,0.6078042387962341,-0.035100094974040985,0.501592755317688,0.5730149745941162,-0.03685189411044121
Pataka,0.6398813724517822,0.8220775723457336,2.751693841673841e-07,0.5971324443817139,0.7876113653182983,-0.016123061999678612,0.5729829668998718,0.7238378524780273,-0.021815262734889984,0.5606018304824829,0.6691349148750305,-0.026753976941108704,0.5360842347145081,0.6403208374977112,-0.031031601130962372,0.5967094302177429,0.6471682190895081,-0.004715605638921261,0.5949821472167969,0.5758455991744995,-0.017199119552969933,0.5974510908126831,0.5328876972198486,-0.02965102158486843,0.6008501648902893,0.4932399392127991,-0.03895293548703194,0.6225166916847229,0.6432681083679199,-0.006352980621159077,0.6179267764091492,0.5672160983085632,-0.015185346826910973,0.6171464920043945,0.5183975696563721,-0.025212163105607033,0.6165210604667664,0.47317373752593994,-0.033030327409505844,0.6474337577819824,0.6530599594116211,-0.011018923483788967,0.6433353424072266,0.583996593952179,-0.01950804702937603,0.6403794884681702,0.5431531071662903,-0.02432272769510746,0.6369625926017761,0.5068145394325256,-0.02820798009634018,0.6746615171432495,0.6732423305511475,-0.018074704334139824,0.6714931726455688,0.6216194033622742,-0.025210125371813774,0.6665428876876831,0.5894290208816528,-0.026508968323469162,0.6608178019523621,0.5594478249549866,-0.027404379099607468
Pataka,0.598583996295929,0.8327960968017578,3.0422464192270127e-07,0.5510987639427185,0.8059272170066833,-0.023862004280090332,0.5207527279853821,0.7472397685050964,-0.03611620143055916,0.5197296142578125,0.6874569058418274,-0.04652112349867821,0.53755784034729,0.6448560953140259,-0.05548764392733574,0.5564404129981995,0.656514585018158,-0.015321915969252586,0.5558525323867798,0.5852010250091553,-0.032361116260290146,0.5584251880645752,0.542068600654602,-0.04723198339343071,0.5629294514656067,0.5032091736793518,-0.057974234223365784,0.5828518271446228,0.6529743075370789,-0.014993004500865936,0.5808674097061157,0.5747290849685669,-0.028719894587993622,0.5793301463127136,0.525621771812439,-0.04023120552301407,0.5793519616127014,0.48039841651916504,-0.04857948049902916,0.6073014140129089,0.66314697265625,-0.01838868483901024,0.6059610247612,0.5927222967147827,-0.030965548008680344,0.6027110815048218,0.5515665411949158,-0.037022050470113754,0.5995135307312012,0.5146973729133606,-0.04130956903100014,0.6340749263763428,0.6851663589477539,-0.02475968562066555,0.6332160830497742,0.6321387887001038,-0.03503695875406265,0.62873375415802,0.5997281670570374,-0.03803430497646332,0.6222034096717834,0.5691856145858765,-0.039840664714574814
Pataka,0.6681103706359863,0.8119522929191589,2.6466523195267655e-07,0.6217696070671082,0.7825670838356018,-0.016660701483488083,0.5924160480499268,0.7261443734169006,-0.025209274142980576,0.5897483825683594,0.6718139052391052,-0.03308190405368805,0.6009600162506104,0.6303669214248657,-0.0396551787853241,0.6228569149971008,0.6425924301147461,-0.006611142307519913,0.6197612285614014,0.5765445828437805,-0.02095041796565056,0.6213557124137878,0.5359766483306885,-0.03453443944454193,0.624828577041626,0.49931883811950684,-0.044367898255586624,0.6477218866348267,0.6372935771942139,-0.00857075396925211,0.6427602171897888,0.5656629800796509,-0.01946050487458706,0.6403725147247314,0.5191663503646851,-0.03005261905491352,0.6393305063247681,0.4766054153442383,-0.03789288178086281,0.6716246604919434,0.6453057527542114,-0.01371563971042633,0.6678375005722046,0.5800082087516785,-0.02352970838546753,0.6645652055740356,0.5406341552734375,-0.028482919558882713,0.6614121198654175,0.5067662000656128,-0.0322018526494503,0.6979679465293884,0.6645474433898926,-0.021280648186802864,0.6957929730415344,0.6146671772003174,-0.028850119560956955,0.691256582736969,0.5832476019859314,-0.030198918655514717,0.6855517625808716,0.5548006296157837,-0.03094596043229103
Pataka,0.7036899924278259,0.8524465560913086,2.0879090811831702e-07,0.6657508015632629,0.8271474838256836,-0.01818346045911312,0.6432010531425476,0.7781212329864502,-0.026334885507822037,0.6425830721855164,0.7288951873779297,-0.033018141984939575,0.6467972993850708,0.6884840130805969,-0.03848191723227501,0.6717343330383301,0.7070233821868896,-0.009806876070797443,0.6715402603149414,0.6492641568183899,-0.022210851311683655,0.673959493637085,0.6145820617675781,-0.033613111823797226,0.6773000359535217,0.5833601355552673,-0.04196636378765106,0.6938861012458801,0.7021704316139221,-0.009676685556769371,0.6934237480163574,0.639483630657196,-0.019004015251994133,0.6932738423347473,0.6006704568862915,-0.02839677967131138,0.693361759185791,0.5653696060180664,-0.03561851382255554,0.713912844657898,0.7091931700706482,-0.012544319033622742,0.7147871851921082,0.6521297693252563,-0.021067636087536812,0.713977038860321,0.6179405450820923,-0.02647947520017624,0.7117884159088135,0.5868790149688721,-0.03071799874305725,0.734900951385498,0.7262767553329468,-0.01776101440191269,0.735005259513855,0.681929886341095,-0.025522036477923393,0.7316906452178955,0.6535950303077698,-0.028484182432293892,0.7267037630081177,0.6266498565673828,-0.03040105290710926
Pataka,0.5784717202186584,0.8274188041687012,2.501243727692781e-07,0.5357958674430847,0.799455463886261,-0.018518265336751938,0.5101385712623596,0.7457239031791687,-0.02720648981630802,0.5107245445251465,0.6938608288764954,-0.03443868085741997,0.515629768371582,0.6513057947158813,-0.04025647044181824,0.5403431057929993,0.6617394685745239,-0.010766553692519665,0.5384160280227661,0.596720278263092,-0.024704748764634132,0.5404191613197327,0.5567444562911987,-0.0373917780816555,0.5436405539512634,0.521228551864624,-0.04616537317633629,0.5645062923431396,0.6590172052383423,-0.011004784144461155,0.5614250302314758,0.5888045430183411,-0.020988810807466507,0.5598581433296204,0.5452806353569031,-0.030112894251942635,0.559392511844635,0.5056741237640381,-0.036687999963760376,0.5871400237083435,0.6687220335006714,-0.014269602485001087,0.5854214429855347,0.6064927577972412,-0.022569702938199043,0.5827938318252563,0.5686975121498108,-0.025884373113512993,0.5800256729125977,0.5356054902076721,-0.028500018641352654,0.612198531627655,0.6894357204437256,-0.020152270793914795,0.6117686629295349,0.6414514183998108,-0.026021583005785942,0.6081388592720032,0.6121635437011719,-0.02584252320230007,0.6030024290084839,0.5854423642158508,-0.025361882522702217
Pataka,0.667656660079956,0.7949880361557007,2.3711582741725579e-07,0.6299910545349121,0.7728767991065979,-0.018535487353801727,0.6087313890457153,0.725492537021637,-0.025306416675448418,0.6043601036071777,0.6780954003334045,-0.030243294313549995,0.5947437882423401,0.6399065852165222,-0.03365623578429222,0.6332364678382874,0.6513761878013611,-0.006040630862116814,0.6321719288825989,0.5945744514465332,-0.015915468335151672,0.6338058114051819,0.5601909160614014,-0.026189176365733147,0.6358252167701721,0.5286015272140503,-0.033510684967041016,0.6550014615058899,0.6465807557106018,-0.0042178090661764145,0.6522253751754761,0.5856968760490417,-0.010125953704118729,0.6506180167198181,0.5476694107055664,-0.017769819125533104,0.6491996645927429,0.5131775140762329,-0.023790722712874413,0.6741753220558167,0.653679370880127,-0.005449880380183458,0.6723450422286987,0.6000128984451294,-0.010425202548503876,0.6699103116989136,0.5672655701637268,-0.013625092804431915,0.666711151599884,0.5384073853492737,-0.016529226675629616,0.69520103931427,0.6695085763931274,-0.009257931262254715,0.6940743327140808,0.6280897855758667,-0.012697754427790642,0.6907338500022888,0.603996217250824,-0.012553446926176548,0.6862674355506897,0.5821225643157959,-0.012439816258847713
Pataka,0.7352685928344727,0.7919030785560608,2.4787283336991095e-07,0.6988018155097961,0.7691733837127686,-0.018686875700950623,0.6756615042686462,0.7196680307388306,-0.02601931057870388,0.6721410155296326,0.6707004904747009,-0.031691476702690125,0.6618556976318359,0.631104588508606,-0.03626377508044243,0.6998668909072876,0.646236002445221,-0.009211361408233643,0.6982508301734924,0.5882657766342163,-0.021515626460313797,0.7002337574958801,0.5531119704246521,-0.03330923616886139,0.7029225826263428,0.5204555988311768,-0.041711777448654175,0.7215242981910706,0.641672670841217,-0.00867281761020422,0.71861732006073,0.5786536931991577,-0.017201796174049377,0.7173662781715393,0.5392120480537415,-0.02664518542587757,0.7163164019584656,0.5029540657997131,-0.033920932561159134,0.7409845590591431,0.6491299271583557,-0.011161464266479015,0.739653468132019,0.5932455062866211,-0.018770605325698853,0.7374238967895508,0.5584100484848022,-0.023773759603500366,0.7345086336135864,0.5272176265716553,-0.027808230370283127,0.7625992298126221,0.665791392326355,-0.016140436753630638,0.7621874213218689,0.6224350929260254,-0.02217100001871586,0.7596162557601929,0.5953052639961243,-0.023780420422554016,0.7560203671455383,0.569768488407135,-0.024920865893363953
Pataka,0.6851239204406738,0.6407365798950195,2.5281636339968827e-07,0.6404828429222107,0.6099803447723389,-0.015764320269227028,0.6162681579589844,0.5524770617485046,-0.0200530756264925,0.613959789276123,0.4992980659008026,-0.023234281688928604,0.6022507548332214,0.46108654141426086,-0.024930346757173538,0.6449249386787415,0.47288113832473755,-0.0006416360847651958,0.6441646814346313,0.4097190201282501,-0.010189292021095753,0.6472702622413635,0.3716309666633606,-0.02111877128481865,0.650412380695343,0.33761411905288696,-0.02895788662135601,0.6690910458564758,0.47018691897392273,-0.0005123293376527727,0.6667412519454956,0.403084933757782,-0.0058983913622796535,0.6659650206565857,0.36124885082244873,-0.013703412376344204,0.6652016043663025,0.3247325122356415,-0.019817812368273735,0.6904603242874146,0.4801245629787445,-0.003631727071478963,0.6889070272445679,0.4212198853492737,-0.008513499051332474,0.6862219572067261,0.3839140832424164,-0.011679358780384064,0.6832333207130432,0.35319697856903076,-0.014666406437754631,0.7147886157035828,0.49996355175971985,-0.009332253597676754,0.7147268056869507,0.4551873803138733,-0.01278039999306202,0.7106119990348816,0.42779314517974854,-0.012318424880504608,0.7049059867858887,0.4036638140678406,-0.012052681297063828
Pataka,0.5535497069358826,0.5421183705329895,2.795171383240813e-07,0.5017566680908203,0.5067842602729797,-0.016380678862333298,0.4738661050796509,0.43953949213027954,-0.02059459686279297,0.4720695912837982,0.3789221942424774,-0.023931600153446198,0.4610089361667633,0.3339235782623291,-0.02572314627468586,0.5085086822509766,0.34789717197418213,-0.0003192526346538216,0.5069761872291565,0.275362491607666,-0.011666694656014442,0.5110149383544922,0.2316824495792389,-0.02413208968937397,0.5160079002380371,0.19300012290477753,-0.03286159783601761,0.5364813804626465,0.3439176678657532,-0.0011841434752568603,0.5339793562889099,0.26611125469207764,-0.007171856705099344,0.5338988900184631,0.21720218658447266,-0.015578048303723335,0.535081684589386,0.17445893585681915,-0.022209305316209793,0.5613479018211365,0.35496166348457336,-0.005716460291296244,0.5599526166915894,0.2871691882610321,-0.010806279256939888,0.5583599805831909,0.2448836863040924,-0.014002720825374126,0.5571705102920532,0.20977263152599335,-0.01720283180475235,0.5888404846191406,0.37800419330596924,-0.01315306592732668,0.589341938495636,0.3268009126186371,-0.01639355905354023,0.585460364818573,0.29519030451774597,-0.015487540513277054,0.5800386667251587,0.26756614446640015,-0.015028875321149826
Pataka,0.4486684203147888,0.8072571754455566,2.80958857956648e-07,0.3977796137332916,0.7740906476974487,-0.016077859327197075,0.3697396218776703,0.7081118226051331,-0.022365856915712357,0.36956992745399475,0.6471896171569824,-0.028213541954755783,0.36735856533050537,0.5979924201965332,-0.032920803874731064,0.4008452296257019,0.6136223077774048,-0.00487517099827528,0.3987371027469635,0.539357602596283,-0.018765520304441452,0.4021124243736267,0.4945622384548187,-0.032243043184280396,0.40690967440605164,0.4554617404937744,-0.041903335601091385,0.4287205636501312,0.6098169684410095,-0.007903622463345528,0.42654451727867126,0.529167115688324,-0.017452167347073555,0.4271027743816376,0.48000723123550415,-0.027608001604676247,0.42890664935112,0.43742096424102783,-0.03534712642431259,0.4546458125114441,0.6202095150947571,-0.01444200612604618,0.45357751846313477,0.5481888055801392,-0.022992143407464027,0.4521794021129608,0.5047295689582825,-0.028215521946549416,0.45083820819854736,0.4674128293991089,-0.032809048891067505,0.48273226618766785,0.6430341601371765,-0.023627040907740593,0.482571005821228,0.5894781947135925,-0.030605237931013107,0.4791499376296997,0.5553603768348694,-0.03210175037384033,0.47446686029434204,0.5244003534317017,-0.033337369561195374
Pataka,0.37114131450653076,0.8556396961212158,2.8623699677154946e-07,0.3244537115097046,0.8207822442054749,-0.016817227005958557,0.3011946678161621,0.7588988542556763,-0.024587776511907578,0.30244356393814087,0.7021252512931824,-0.031439267098903656,0.30432379245758057,0.654090940952301,-0.037442971020936966,0.33418482542037964,0.6827385425567627,-0.009766773320734501,0.3364705741405487,0.6136473417282104,-0.02459774911403656,0.34108811616897583,0.5721264481544495,-0.03750171512365341,0.34686481952667236,0.5352883338928223,-0.04659891501069069,0.359422892332077,0.6825039982795715,-0.01240255031734705,0.3620099425315857,0.6073435544967651,-0.023650847375392914,0.36420223116874695,0.562015175819397,-0.03404166176915169,0.3670901656150818,0.521022379398346,-0.04171131178736687,0.38173148036003113,0.6947152614593506,-0.01817246712744236,0.38493612408638,0.6280361413955688,-0.028684360906481743,0.3856736123561859,0.587524950504303,-0.03453326225280762,0.3861289322376251,0.5511775612831116,-0.03911827132105827,0.4046597480773926,0.7182203531265259,-0.026258667930960655,0.4078981876373291,0.6682565808296204,-0.03534093126654625,0.40747883915901184,0.6352137327194214,-0.03795415535569191,0.4056457281112671,0.6041817665100098,-0.039733048528432846
Pataka,0.5774999260902405,0.8471395969390869,2.3644945201795053e-07,0.5386788249015808,0.8129885196685791,-0.016089510172605515,0.5200466513633728,0.7586498856544495,-0.023005278781056404,0.5230047106742859,0.7085806727409363,-0.028877081349492073,0.5218715667724609,0.6646353602409363,-0.033523522317409515,0.5507427453994751,0.6878424882888794,-0.006179424934089184,0.5516514182090759,0.6277232766151428,-0.018285010010004044,0.5558430552482605,0.5913540124893188,-0.03018517978489399,0.5611530542373657,0.5582769513130188,-0.03857456147670746,0.5738990902900696,0.686464250087738,-0.00691565964370966,0.5742766857147217,0.6211948394775391,-0.01475345715880394,0.57542484998703,0.5803606510162354,-0.02390817366540432,0.5772520899772644,0.5430105924606323,-0.03109200857579708,0.5943765640258789,0.6968812942504883,-0.01057689543813467,0.5960142016410828,0.639298677444458,-0.017135757952928543,0.5956737995147705,0.6028597354888916,-0.0213419608771801,0.5946477055549622,0.5711701512336731,-0.02511407807469368,0.6161661148071289,0.7174948453903198,-0.016656890511512756,0.6179043054580688,0.6732093095779419,-0.021665357053279877,0.6154989004135132,0.6446998715400696,-0.022377371788024902,0.611211359500885,0.6185535788536072,-0.02297373302280903
Pataka,0.5627146363258362,0.861225962638855,2.453153626902349e-07,0.5490841269493103,0.7940872311592102,-0.015441467054188251,0.5651865005493164,0.7322263121604919,-0.019775040447711945,0.5953217148780823,0.6954944729804993,-0.02298782765865326,0.6186222434043884,0.6641917824745178,-0.02463512308895588,0.6309655904769897,0.7106702923774719,0.00010469956032466143,0.6676753163337708,0.6680426597595215,-0.008645733818411827,0.691921591758728,0.6460023522377014,-0.01862865686416626,0.7136526107788086,0.6275891065597534,-0.025728974491357803,0.6499053835868835,0.7344310879707336,0.0003830038767773658,0.6883922815322876,0.6887049674987793,-0.0039869071915745735,0.7115004062652588,0.6614658236503601,-0.010799401439726353,0.7311163544654846,0.6384890675544739,-0.016201045364141464,0.6596792936325073,0.76261967420578,-0.0026131966151297092,0.6942488551139832,0.7221771478652954,-0.005805791821330786,0.7138299942016602,0.695702075958252,-0.007978697307407856,0.7296556234359741,0.6729590892791748,-0.010523631237447262,0.6649011969566345,0.7991147637367249,-0.008222597651183605,0.6917273998260498,0.7680625319480896,-0.010196375660598278,0.7055633664131165,0.7455866932868958,-0.009038983844220638,0.7166457176208496,0.7239810228347778,-0.008343934081494808
Pataka,0.5232875943183899,0.7321414351463318,2.3749572619635728e-07,0.5387189388275146,0.6684151291847229,-0.015511947683990002,0.5798101425170898,0.6293498873710632,-0.022890891879796982,0.6198586225509644,0.6180875301361084,-0.02990097366273403,0.6538639664649963,0.6069087386131287,-0.03618713095784187,0.6458602547645569,0.652920126914978,-0.006512168329209089,0.6961738467216492,0.6426023840904236,-0.02047262340784073,0.7273684144020081,0.6405439376831055,-0.03383758291602135,0.7554872035980225,0.6412405967712402,-0.043523434549570084,0.6540520191192627,0.6863424777984619,-0.009710954502224922,0.708975613117218,0.6742269992828369,-0.02002936229109764,0.7439585328102112,0.6676126718521118,-0.0315161868929863,0.7749282717704773,0.6632363200187683,-0.04038488492369652,0.6516693830490112,0.7194293737411499,-0.01595979556441307,0.7022016644477844,0.7089453935623169,-0.025060905143618584,0.7337030172348022,0.70103919506073,-0.03196540102362633,0.761412501335144,0.6927248239517212,-0.03769033029675484,0.6406208872795105,0.7555047869682312,-0.024486619979143143,0.6803950667381287,0.7483637928962708,-0.03241577371954918,0.7057650685310364,0.7386158108711243,-0.035393133759498596,0.7284927368164062,0.7270655035972595,-0.037640489637851715
Pataka,0.6927640438079834,0.828665018081665,2.2852492520542e-07,0.6771504878997803,0.7659784555435181,-0.01943429931998253,0.6886734366416931,0.7048958539962769,-0.02704637683928013,0.7165873050689697,0.6665336489677429,-0.03320765867829323,0.7389646172523499,0.6337383985519409,-0.037686705589294434,0.7552630305290222,0.6729524731636047,-0.005070649553090334,0.7885527014732361,0.6258048415184021,-0.017048543319106102,0.8116183876991272,0.6006975173950195,-0.029307760298252106,0.8335492610931396,0.5793337225914001,-0.038279883563518524,0.776323139667511,0.6931031346321106,-0.004592480603605509,0.8107273578643799,0.6422800421714783,-0.012433499097824097,0.8333727121353149,0.6122177839279175,-0.02170996554195881,0.8541383147239685,0.5856654047966003,-0.028968004509806633,0.7887150049209595,0.7203754186630249,-0.007753133773803711,0.8202648758888245,0.6754556894302368,-0.01497860997915268,0.8387430906295776,0.6474085450172424,-0.0194325502961874,0.8545446395874023,0.6212981343269348,-0.023158704861998558,0.7965339422225952,0.7578124403953552,-0.013730376958847046,0.8216477632522583,0.7227198481559753,-0.01984025165438652,0.834729015827179,0.6975276470184326,-0.021177761256694794,0.8456065058708191,0.6721608638763428,-0.02196989208459854
Pataka,0.7131568193435669,0.834402859210968,2.3707158902652736e-07,0.6785258650779724,0.7939349412918091,-0.02090819552540779,0.6666465401649475,0.7321746349334717,-0.03007477894425392,0.6758641600608826,0.6804980039596558,-0.037514254450798035,0.6847614049911499,0.6356076598167419,-0.043314941227436066,0.7122648358345032,0.6615346670150757,-0.009654580615460873,0.7228171229362488,0.5991321802139282,-0.0238265972584486,0.7332531809806824,0.5627158284187317,-0.0371648333966732,0.7446051836013794,0.5308635830879211,-0.046670034527778625,0.7368664741516113,0.664283037185669,-0.009130013175308704,0.7487391829490662,0.595996618270874,-0.018917152658104897,0.7571271061897278,0.5545303821563721,-0.029132355004549026,0.7654039859771729,0.5175060033798218,-0.036866381764411926,0.7567472457885742,0.6795452833175659,-0.012125945650041103,0.7685873508453369,0.6189271211624146,-0.020577767863869667,0.7749952673912048,0.5819056034088135,-0.025580931454896927,0.7794177532196045,0.5480793118476868,-0.029623812064528465,0.775860071182251,0.7069933414459229,-0.017975250259041786,0.7851716876029968,0.6597033143043518,-0.025012828409671783,0.7874588966369629,0.6292341947555542,-0.026870230212807655,0.7873896360397339,0.5999808311462402,-0.02799799107015133
Pataka,0.7364781498908997,0.8263835310935974,2.6001984565482417e-07,0.6938473582267761,0.8054578900337219,-0.022411847487092018,0.667929470539093,0.7518633604049683,-0.03167014569044113,0.6648737192153931,0.6968008875846863,-0.03857849910855293,0.6615777611732483,0.6490442156791687,-0.043898358941078186,0.6930876970291138,0.6670280694961548,-0.012267300859093666,0.6900672912597656,0.6035261750221252,-0.025807319208979607,0.6916173100471497,0.564504861831665,-0.03846155107021332,0.6946340203285217,0.5289447903633118,-0.04753931611776352,0.7180625796318054,0.6601877212524414,-0.01060556061565876,0.7131021022796631,0.5919342041015625,-0.019642125815153122,0.7109003663063049,0.5492053031921387,-0.029266245663166046,0.7098085284233093,0.5097646713256836,-0.03680837154388428,0.7407433390617371,0.6672887206077576,-0.012401358224451542,0.7374874949455261,0.6064598560333252,-0.020382102578878403,0.734094500541687,0.5692745447158813,-0.025131531059741974,0.7301026582717896,0.5352001190185547,-0.029220543801784515,0.7656688094139099,0.6853680610656738,-0.017111707478761673,0.7637889981269836,0.6376573443412781,-0.02367839403450489,0.7594294548034668,0.6085498929023743,-0.025302918627858162,0.7533239126205444,0.580492377281189,-0.026455190032720566
Pataka,0.766249418258667,0.8004992008209229,2.5652059321146226e-07,0.7156087756156921,0.7995500564575195,-0.021578578278422356,0.6782474517822266,0.756951093673706,-0.02890407294034958,0.6652013659477234,0.7017786502838135,-0.03394489735364914,0.6488985419273376,0.6603281497955322,-0.037623874843120575,0.6849936842918396,0.6672191619873047,-0.009674868546426296,0.6672810912132263,0.6078118085861206,-0.02192719839513302,0.6602232456207275,0.5697984099388123,-0.03416998311877251,0.6552202105522156,0.5345195531845093,-0.04288111627101898,0.707759439945221,0.6502156853675842,-0.007502881344407797,0.6871342062950134,0.5868110656738281,-0.015419920906424522,0.6749168038368225,0.5471693873405457,-0.025127984583377838,0.6649916172027588,0.5098087787628174,-0.03287263214588165,0.730197548866272,0.6476638317108154,-0.00875045545399189,0.7132341265678406,0.5908880233764648,-0.01581314019858837,0.7005110383033752,0.5560512542724609,-0.021420100703835487,0.6891070604324341,0.5252842903137207,-0.026201864704489708,0.7564526200294495,0.6548207998275757,-0.012850826606154442,0.7429073452949524,0.6100470423698425,-0.018740667030215263,0.7309206128120422,0.583865225315094,-0.020790105685591698,0.7181233167648315,0.5604315400123596,-0.02235591411590576
Pataka,0.7559835910797119,0.8056858777999878,2.539404988510796e-07,0.710900604724884,0.8099530339241028,-0.01921478658914566,0.669026792049408,0.7839627265930176,-0.02892029471695423,0.6434066891670227,0.7430644035339355,-0.037081897258758545,0.6235294938087463,0.7034612894058228,-0.043831709772348404,0.6574559807777405,0.7014555335044861,-0.010807500220835209,0.6294757127761841,0.6490016579627991,-0.025446755811572075,0.6159478425979614,0.6141481399536133,-0.038818541914224625,0.6055839657783508,0.580642819404602,-0.04840272292494774,0.6759166121482849,0.6789807677268982,-0.010973912663757801,0.6448816061019897,0.623078465461731,-0.021349115297198296,0.6273147463798523,0.587090015411377,-0.03221089765429497,0.611901044845581,0.5524040460586548,-0.0407559834420681,0.6980226039886475,0.6692848801612854,-0.014302650466561317,0.6711775064468384,0.6182992458343506,-0.023592650890350342,0.6540769338607788,0.5870968699455261,-0.029931433498859406,0.6377741098403931,0.5594390630722046,-0.03515535593032837,0.7254824638366699,0.667731523513794,-0.020106034353375435,0.7048437595367432,0.6291016340255737,-0.02823532745242119,0.6884598135948181,0.6066101789474487,-0.03148583322763443,0.6713394522666931,0.5863107442855835,-0.033863604068756104
Pataka,0.7621792554855347,0.7820989489555359,2.0545660106563446e-07,0.7189013957977295,0.806811511516571,-0.012583266943693161,0.6737476587295532,0.7957876324653625,-0.018108194693922997,0.6443741321563721,0.7641266584396362,-0.02325495332479477,0.6207186579704285,0.7395150065422058,-0.02759419195353985,0.643528163433075,0.721681535243988,-0.005103793926537037,0.6058802604675293,0.6811794638633728,-0.016268450766801834,0.5852115154266357,0.6541738510131836,-0.027027839794754982,0.56797856092453,0.6290658712387085,-0.034918274730443954,0.6560615301132202,0.6925095319747925,-0.0076395366340875626,0.6134485602378845,0.6521061062812805,-0.01599818840622902,0.5877730250358582,0.625562846660614,-0.0255090594291687,0.5658940672874451,0.6009314060211182,-0.03277965635061264,0.6756517291069031,0.6733261942863464,-0.01259571686387062,0.6373276114463806,0.6366186141967773,-0.020663142204284668,0.6132639646530151,0.6141143441200256,-0.026650426909327507,0.5923447012901306,0.5951148271560669,-0.03137290105223656,0.7026820182800293,0.659136176109314,-0.01934967376291752,0.673214852809906,0.6307393908500671,-0.026498569175601006,0.6522228717803955,0.6157543063163757,-0.02899976819753647,0.6321552395820618,0.6032195687294006,-0.030618583783507347
Pataka,0.7706317901611328,0.7458971738815308,1.9903674797205895e-07,0.73528653383255,0.7872308492660522,-0.013719199225306511,0.6891683340072632,0.7970651984214783,-0.02036435529589653,0.6513606309890747,0.780600905418396,-0.026218237355351448,0.6192330718040466,0.7669109106063843,-0.031341783702373505,0.6451219320297241,0.739271342754364,-0.0086068045347929,0.5981876850128174,0.7198520302772522,-0.020873593166470528,0.5712676048278809,0.7047242522239685,-0.031741123646497726,0.5479999780654907,0.6887493133544922,-0.03953215852379799,0.6490505933761597,0.7065237164497375,-0.010958492755889893,0.5962870121002197,0.6864133477210999,-0.020279988646507263,0.5643056035041809,0.6731206178665161,-0.029691582545638084,0.5366681814193726,0.660345196723938,-0.03680722787976265,0.6623894572257996,0.6801565885543823,-0.015701426193118095,0.6138302683830261,0.6612740755081177,-0.024662362411618233,0.5836920142173767,0.6500067710876465,-0.03120698407292366,0.5575476884841919,0.6414790749549866,-0.03616686165332794,0.6832651495933533,0.6560618877410889,-0.022218851372599602,0.6449805498123169,0.6413906812667847,-0.030402304604649544,0.6193844676017761,0.6359139084815979,-0.03378521651029587,0.5958684682846069,0.6328781843185425,-0.03594674542546272
Pataka,0.6141889691352844,0.8205364942550659,1.4277641469107039e-07,0.5696152448654175,0.7841643691062927,-0.004134903661906719,0.54876309633255,0.7343903183937073,0.002983633428812027,0.5522103905677795,0.6900557279586792,0.009516740217804909,0.5544511675834656,0.6575996279716492,0.01786348782479763,0.5832551121711731,0.6789987087249756,0.029902275651693344,0.5841835141181946,0.6306192278862,0.03588639944791794,0.5887480974197388,0.6059812307357788,0.03370380401611328,0.5936457514762878,0.5834594964981079,0.030543960630893707,0.6086761355400085,0.6767456531524658,0.02969077043235302,0.6090003252029419,0.6256856322288513,0.03889818117022514,0.6104946136474609,0.5983665585517883,0.037061892449855804,0.6113419532775879,0.5769121646881104,0.033933330327272415,0.6296557784080505,0.6846905946731567,0.026021195575594902,0.6299605965614319,0.6384181380271912,0.03116985224187374,0.6269967555999756,0.6163008809089661,0.03098207339644432,0.6246156096458435,0.5977731347084045,0.0294300876557827,0.6542462706565857,0.7011637091636658,0.02066478133201599,0.6539760231971741,0.66133052110672,0.024299297481775284,0.648177444934845,0.6446946859359741,0.027393152937293053,0.6419771909713745,0.6300002336502075,0.028917083516716957
Pataka,0.6232861280441284,0.8246893286705017,1.969382594779745e-07,0.5781939625740051,0.7855871915817261,-0.008730943314731121,0.5558003783226013,0.7291210889816284,-0.006856612861156464,0.5595430731773376,0.6769038438796997,-0.005233604460954666,0.5633972883224487,0.6402738690376282,-0.001697386847808957,0.5898618698120117,0.6603025197982788,0.019063608720898628,0.5913177728652954,0.6023828387260437,0.017640477046370506,0.5967563390731812,0.5712792873382568,0.010787392035126686,0.6021446585655212,0.5434318780899048,0.004753704648464918,0.6161565184593201,0.6595861315727234,0.017863959074020386,0.6166071891784668,0.5973082780838013,0.019931089133024216,0.6181216239929199,0.5631424188613892,0.01521714124828577,0.6182381510734558,0.5349451899528503,0.010671092197299004,0.6377976536750793,0.6702199578285217,0.013040583580732346,0.6379651427268982,0.6143749356269836,0.01359151303768158,0.6363610625267029,0.5834300518035889,0.01339532621204853,0.6347402930259705,0.5585317611694336,0.01197521947324276,0.6635277271270752,0.6906386613845825,0.005915970075875521,0.6630564332008362,0.6468058824539185,0.007059274706989527,0.6593977808952332,0.6243457198143005,0.01060214638710022,0.6552745699882507,0.6045695543289185,0.012553018517792225
Pataka,0.6306227445602417,0.8202916979789734,2.43099037788852e-07,0.5819000601768494,0.7843523025512695,-0.01579115353524685,0.5549606680870056,0.7220030426979065,-0.01978629268705845,0.5558704137802124,0.6634492874145508,-0.022830761969089508,0.5573872923851013,0.6173055171966553,-0.0237843357026577,0.5894358158111572,0.6384373307228088,0.004226019140332937,0.588903546333313,0.5710054039955139,-0.004063718020915985,0.5935280323028564,0.5323516130447388,-0.01469771470874548,0.5988185405731201,0.49834737181663513,-0.022612538188695908,0.6162399649620056,0.6349891424179077,0.004359603393822908,0.6146617531776428,0.563451886177063,0.0006949743255972862,0.6149452924728394,0.5207319855690002,-0.006769005209207535,0.6154561042785645,0.4841678738594055,-0.012935401871800423,0.6395700573921204,0.6450133323669434,0.0007559167570434511,0.6385620832443237,0.5817949771881104,-0.0023910875897854567,0.6364467740058899,0.5435237288475037,-0.005216395482420921,0.6339010000228882,0.5123463869094849,-0.008392877876758575,0.6658918261528015,0.6662627458572388,-0.005637525115162134,0.664649248123169,0.6180770993232727,-0.007718418259173632,0.6591843962669373,0.5896254181861877,-0.0068064285442233086,0.6526932716369629,0.5646111965179443,-0.006447901017963886
Pataka,0.6296515464782715,0.8292296528816223,3.08064159071364e-07,0.5800489187240601,0.7953293323516846,-0.021608991548419,0.5503544211387634,0.733008861541748,-0.0306088924407959,0.550980269908905,0.6719920039176941,-0.03769220411777496,0.5545951128005981,0.6206165552139282,-0.04274233430624008,0.5864877700805664,0.6409912109375,-0.007892615161836147,0.5867262482643127,0.5668513774871826,-0.021680612117052078,0.5915132761001587,0.5225488543510437,-0.03544342517852783,0.5970380902290344,0.48267513513565063,-0.04529021680355072,0.6150884032249451,0.637380838394165,-0.007305652368813753,0.6137543320655823,0.5573264360427856,-0.015965718775987625,0.6140809059143066,0.5086835026741028,-0.026126524433493614,0.6146953701972961,0.46382617950439453,-0.03417138010263443,0.6397842764854431,0.6477575302124023,-0.01048949547111988,0.6398395895957947,0.5781017541885376,-0.017432954162359238,0.6379908323287964,0.5347407460212708,-0.021348390728235245,0.6361309289932251,0.4969334006309509,-0.02524053491652012,0.6676339507102966,0.6703020930290222,-0.016830235719680786,0.6667420268058777,0.6173592209815979,-0.0214748103171587,0.6632475256919861,0.5848194360733032,-0.021070215851068497,0.6588603854179382,0.5548089146614075,-0.021044136956334114
Pataka,0.6316221356391907,0.8655887246131897,2.85458611415379e-07,0.585137128829956,0.829561173915863,-0.023787856101989746,0.5594897270202637,0.7689677476882935,-0.036615315824747086,0.5616723895072937,0.7096136808395386,-0.04751937463879585,0.5659055709838867,0.6557008624076843,-0.05756774917244911,0.6003973484039307,0.684269368648529,-0.01927746646106243,0.6017630696296692,0.6139029860496521,-0.03825756907463074,0.6074353456497192,0.5711280703544617,-0.05494249612092972,0.6151014566421509,0.5291022062301636,-0.06745161861181259,0.629912257194519,0.680461585521698,-0.02075558342039585,0.6320706009864807,0.6016372442245483,-0.03596275672316551,0.6346402764320374,0.5519568920135498,-0.050790563225746155,0.6374597549438477,0.5018322467803955,-0.06266327202320099,0.655380129814148,0.6925790309906006,-0.02561776526272297,0.6594709753990173,0.6222278475761414,-0.03957851976156235,0.6605533361434937,0.5771999359130859,-0.04867107421159744,0.6602478623390198,0.5332056283950806,-0.056022170931100845,0.6817337274551392,0.7174072861671448,-0.033268749713897705,0.6845837831497192,0.6608232855796814,-0.045502301305532455,0.6836071014404297,0.6240237355232239,-0.050499215722084045,0.6806129217147827,0.5875434279441833,-0.05432789400219917
Pataka,0.6334217190742493,0.8872189521789551,3.0775237291891244e-07,0.5847566723823547,0.8544322848320007,-0.027944236993789673,0.5563019514083862,0.7992630004882812,-0.043039023876190186,0.55570387840271,0.7411930561065674,-0.055030129849910736,0.5588223338127136,0.6875688433647156,-0.0661076232790947,0.5962072014808655,0.722184419631958,-0.02659209817647934,0.5969976186752319,0.6562396287918091,-0.0468122698366642,0.6023265719413757,0.618155837059021,-0.06335851550102234,0.609692394733429,0.5791690945625305,-0.07563424110412598,0.6281150579452515,0.7175804376602173,-0.02583201229572296,0.6294417977333069,0.6442276835441589,-0.04272124916315079,0.6314486265182495,0.5979145169258118,-0.0572749488055706,0.6334843039512634,0.5508273839950562,-0.06861777603626251,0.6560661792755127,0.7288005352020264,-0.028593288734555244,0.6581622362136841,0.6627722978591919,-0.04497974365949631,0.6592780351638794,0.620403528213501,-0.054601989686489105,0.6593703031539917,0.5786178708076477,-0.061605557799339294,0.6840530037879944,0.7515085935592651,-0.03411160409450531,0.6852418184280396,0.6979394555091858,-0.04920002445578575,0.6834348440170288,0.6625953316688538,-0.055727384984493256,0.6799140572547913,0.6271184682846069,-0.06003177911043167
Pataka,0.6455764174461365,0.8718832731246948,2.864173609395948e-07,0.595786452293396,0.8361998796463013,-0.019659115001559258,0.5651352405548096,0.7728963494300842,-0.028646478429436684,0.5642750263214111,0.7106457352638245,-0.03655252605676651,0.568963885307312,0.6582438945770264,-0.04283009096980095,0.5974907875061035,0.6791136860847473,-0.0053638373501598835,0.5948411822319031,0.6056705713272095,-0.020381392911076546,0.5983464121818542,0.5603761672973633,-0.035730957984924316,0.6032463908195496,0.518519401550293,-0.047020819038152695,0.6252304911613464,0.6732621192932129,-0.0067188492976129055,0.6213247776031494,0.5934810638427734,-0.01680571958422661,0.620885968208313,0.5439934134483337,-0.02875351719558239,0.6211150288581848,0.497047483921051,-0.0383111834526062,0.6501390933990479,0.6823427677154541,-0.011892475187778473,0.6482215523719788,0.6115133166313171,-0.020447248592972755,0.6456854939460754,0.567004919052124,-0.025676848366856575,0.6428607106208801,0.5276386737823486,-0.030486715957522392,0.6781951189041138,0.704403281211853,-0.020119519904255867,0.6757655739784241,0.6480608582496643,-0.026294108480215073,0.6711564660072327,0.6137614250183105,-0.026978852227330208,0.6649362444877625,0.5822498798370361,-0.027798114344477654
Pataka,0.6744303703308105,0.8637570738792419,2.2844474756311683e-07,0.6335553526878357,0.8246604204177856,-0.011922582052648067,0.6155307292938232,0.7594017386436462,-0.017994988709688187,0.6156445145606995,0.7063271999359131,-0.024459462612867355,0.6144183874130249,0.6589845418930054,-0.030389148741960526,0.635167121887207,0.6848576664924622,-0.0041486890986561775,0.6324853301048279,0.6164370775222778,-0.01827688328921795,0.6342291235923767,0.5751209259033203,-0.031455833464860916,0.6374607682228088,0.5372352004051208,-0.04125881940126419,0.6576034426689148,0.6836767196655273,-0.0094714080914855,0.6535720825195312,0.609744668006897,-0.02081035077571869,0.6526516079902649,0.5621340274810791,-0.03319501504302025,0.6527365446090698,0.518152117729187,-0.04281582310795784,0.679924488067627,0.6952855587005615,-0.01751214638352394,0.6773800253868103,0.6268466114997864,-0.028290340676903725,0.6769660115242004,0.5849500894546509,-0.035745155066251755,0.675528883934021,0.5463199019432068,-0.041716549545526505,0.7037671804428101,0.7178776264190674,-0.027416761964559555,0.7017322778701782,0.6644307374954224,-0.03696288540959358,0.6988415122032166,0.6292733550071716,-0.04055149480700493,0.6948428750038147,0.595639705657959,-0.043330658227205276
Pataka,0.7408856153488159,0.839801549911499,2.51644422633035e-07,0.6997912526130676,0.8150262236595154,-0.021675271913409233,0.6766729950904846,0.7613452076911926,-0.031212780624628067,0.676591157913208,0.7081257700920105,-0.03849947825074196,0.6776034235954285,0.663256824016571,-0.04449481517076492,0.7069792747497559,0.6857402920722961,-0.014348996803164482,0.7059537172317505,0.6256892681121826,-0.028854865580797195,0.7091061472892761,0.5888346433639526,-0.041607603430747986,0.7139078974723816,0.5556149482727051,-0.05061151832342148,0.7310141921043396,0.6811132431030273,-0.013240051455795765,0.7299937605857849,0.6151097416877747,-0.023753538727760315,0.7301968932151794,0.5740304589271545,-0.03340655192732811,0.7310985326766968,0.5361409187316895,-0.04071040078997612,0.7523810267448425,0.6896966099739075,-0.015420320443809032,0.7518715858459473,0.6296224594116211,-0.024929778650403023,0.7500558495521545,0.5929251313209534,-0.029987474903464317,0.7478159070014954,0.5592982769012451,-0.03390808403491974,0.7752729058265686,0.7088925838470459,-0.020302072167396545,0.7741550803184509,0.6610596179962158,-0.0283359345048666,0.7705031037330627,0.6316394805908203,-0.03053378313779831,0.7653907537460327,0.6035626530647278,-0.031891342252492905
Pataka,0.8061435222625732,0.9012202024459839,2.3752703270929487e-07,0.769855260848999,0.8753258585929871,-0.021605005487799644,0.7494019269943237,0.8282820582389832,-0.031489863991737366,0.7510147094726562,0.781727135181427,-0.03918294236063957,0.7611923217773438,0.7441734671592712,-0.04540669545531273,0.778336763381958,0.7594239711761475,-0.011326342821121216,0.7806276679039001,0.7049316167831421,-0.024153711274266243,0.7839946746826172,0.6707363128662109,-0.036009132862091064,0.7883507609367371,0.6401686668395996,-0.04452739655971527,0.8011196851730347,0.754939615726471,-0.00894939061254263,0.8035241365432739,0.6943297386169434,-0.018027666956186295,0.8043997883796692,0.656822144985199,-0.0269165076315403,0.8058193922042847,0.6228585839271545,-0.033654049038887024,0.820357084274292,0.7622336149215698,-0.009900758042931557,0.8219739198684692,0.7071775197982788,-0.017991432920098305,0.8207471370697021,0.6727287769317627,-0.02294718474149704,0.8190370798110962,0.642810583114624,-0.02676243521273136,0.8392691612243652,0.7797597050666809,-0.013509988784790039,0.8393657207489014,0.7369667887687683,-0.0200953371822834,0.8359963297843933,0.7101132869720459,-0.02215311862528324,0.8311923742294312,0.6858822107315063,-0.023458419367671013
Pataka,0.7801461219787598,0.8188377022743225,2.269045324965191e-07,0.7372748851776123,0.793177604675293,-0.02023071050643921,0.7169824838638306,0.7422858476638794,-0.028298210352659225,0.7212217450141907,0.6920210123062134,-0.034460823982954025,0.725939929485321,0.6508731245994568,-0.039183370769023895,0.7462349534034729,0.6696704626083374,-0.008051290176808834,0.7462394833564758,0.6136845946311951,-0.020327258855104446,0.7489643096923828,0.5791270136833191,-0.0322289913892746,0.752853512763977,0.5482320189476013,-0.04072846844792366,0.7700536847114563,0.665151834487915,-0.00651205750182271,0.7696176171302795,0.603778064250946,-0.01508459635078907,0.7692383527755737,0.5654504895210266,-0.02405564673244953,0.7699630260467529,0.5305435657501221,-0.03088625892996788,0.7903950810432434,0.6728399395942688,-0.00845247134566307,0.7907423377037048,0.6172364950180054,-0.01646452769637108,0.788667619228363,0.5832691192626953,-0.021084200590848923,0.7865298986434937,0.5523462295532227,-0.0246482715010643,0.811482846736908,0.6906470656394958,-0.013055329211056232,0.8113933205604553,0.6464269161224365,-0.019794583320617676,0.8076090812683105,0.618911623954773,-0.021514398977160454,0.8022122383117676,0.5928887724876404,-0.02251991629600525
Pataka,0.6830798983573914,0.9173370599746704,2.15984755413956e-07,0.644492506980896,0.8945706486701965,-0.01678178831934929,0.6195340752601624,0.849308967590332,-0.024899818003177643,0.6147059202194214,0.8015046119689941,-0.03166135773062706,0.612989068031311,0.7598208785057068,-0.03703892230987549,0.6406638026237488,0.7723693251609802,-0.007570420391857624,0.6354671120643616,0.7159245610237122,-0.019495606422424316,0.6347246170043945,0.6811138391494751,-0.03103329986333847,0.6353099346160889,0.649381697177887,-0.03945716470479965,0.6622381806373596,0.7666043043136597,-0.00800615269690752,0.6557987332344055,0.7056521773338318,-0.01634841412305832,0.6524773836135864,0.6676908731460571,-0.02533448114991188,0.649838387966156,0.6329041123390198,-0.032374173402786255,0.6823127269744873,0.7730767130851746,-0.011376230046153069,0.6777107119560242,0.7174235582351685,-0.018908578902482986,0.6741090416908264,0.6833232045173645,-0.023628799244761467,0.6697928309440613,0.6530755758285522,-0.027585463598370552,0.7044392824172974,0.789156973361969,-0.0170377679169178,0.7014965415000916,0.7462003231048584,-0.02359885722398758,0.6965543031692505,0.7184270024299622,-0.025737885385751724,0.6902073621749878,0.6924682259559631,-0.027216583490371704
Pataka,0.5657520890235901,0.8947245478630066,2.3066699839091598e-07,0.523558497428894,0.8585502505302429,-0.014031866565346718,0.5005784630775452,0.8010802865028381,-0.021076049655675888,0.49956679344177246,0.7492125630378723,-0.027961788699030876,0.5011237859725952,0.7042163610458374,-0.033560603857040405,0.525574803352356,0.7208436727523804,-0.002624137094244361,0.5209845304489136,0.6543161869049072,-0.015317131765186787,0.5207845568656921,0.6144720315933228,-0.027967581525444984,0.522118330001831,0.5785590410232544,-0.037078484892845154,0.5495084524154663,0.7180571556091309,-0.005501677747815847,0.5445247292518616,0.6473327279090881,-0.01445942185819149,0.5415647625923157,0.6027104258537292,-0.02478507161140442,0.53947514295578,0.5628331899642944,-0.03267708793282509,0.5726211071014404,0.7273849844932556,-0.011443517170846462,0.5698566436767578,0.663766086101532,-0.018981747329235077,0.5670902132987976,0.6247182488441467,-0.023800356313586235,0.563364565372467,0.5905203223228455,-0.0279438104480505,0.5973596572875977,0.7472655177116394,-0.019718142226338387,0.5954188108444214,0.6976533532142639,-0.025959797203540802,0.5905241966247559,0.6659159660339355,-0.027231503278017044,0.5837840437889099,0.6366720199584961,-0.02809879556298256
